[14Sep2025 20:32:40.911] [main/INFO] [cpw.mods.modlauncher.Launcher/MODLAUNCHER]: ModLauncher running: args [--launchTarget, forgeserver, --fml.forgeVersion, 47.3.7, --fml.mcVersion, 1.20.1, --fml.forgeGroup, net.minecraftforge, --fml.mcpVersion, 20230612.114412, nogui]
[14Sep2025 20:32:40.920] [main/INFO] [cpw.mods.modlauncher.Launcher/MODLAUNCHER]: ModLauncher 10.0.9+10.0.9+main.dcd20f30 starting: java version 17.0.16 by Ubuntu; OS Linux arch amd64 version 6.8.0-1030-azure
[14Sep2025 20:32:40.972] [main/DEBUG] [cpw.mods.modlauncher.LaunchServiceHandler/MODLAUNCHER]: Found launch services [fmlclientdev,forgeclient,minecraft,forgegametestserverdev,fmlserveruserdev,fmlclient,fmldatauserdev,forgeserverdev,forgeserveruserdev,forgeclientdev,forgeclientuserdev,forgeserver,forgedatadev,fmlserver,fmlclientuserdev,fmlserverdev,forgedatauserdev,testharness,forgegametestserveruserdev]
[14Sep2025 20:32:40.997] [main/DEBUG] [cpw.mods.modlauncher.NameMappingServiceHandler/MODLAUNCHER]: Found naming services : [srgtomcp]
[14Sep2025 20:32:41.018] [main/DEBUG] [cpw.mods.modlauncher.LaunchPluginHandler/MODLAUNCHER]: Found launch plugins: [mixin,eventbus,slf4jfixer,object_holder_definalize,runtime_enum_extender,capability_token_subclass,accesstransformer,runtimedistcleaner]
[14Sep2025 20:32:41.032] [main/DEBUG] [cpw.mods.modlauncher.TransformationServicesHandler/MODLAUNCHER]: Discovering transformation services
[14Sep2025 20:32:41.046] [main/DEBUG] [net.minecraftforge.fml.loading.FMLPaths/CORE]: Path GAMEDIR is /workspaces/Sever-Prueba-3/servidor_minecraft
[14Sep2025 20:32:41.047] [main/DEBUG] [net.minecraftforge.fml.loading.FMLPaths/CORE]: Path MODSDIR is /workspaces/Sever-Prueba-3/servidor_minecraft/mods
[14Sep2025 20:32:41.047] [main/DEBUG] [net.minecraftforge.fml.loading.FMLPaths/CORE]: Path CONFIGDIR is /workspaces/Sever-Prueba-3/servidor_minecraft/config
[14Sep2025 20:32:41.047] [main/DEBUG] [net.minecraftforge.fml.loading.FMLPaths/CORE]: Path FMLCONFIG is /workspaces/Sever-Prueba-3/servidor_minecraft/config/fml.toml
[14Sep2025 20:32:42.311] [main/DEBUG] [cpw.mods.modlauncher.TransformationServicesHandler/MODLAUNCHER]: Found additional transformation services from discovery services: [/workspaces/Sever-Prueba-3/servidor_minecraft/mods/Connector-1.0.0-beta.46+1.20.1.jar][/workspaces/Sever-Prueba-3/servidor_minecraft/mods/Connector-1.0.0-beta.46+1.20.1.jar][/workspaces/Sever-Prueba-3/servidor_minecraft/mods/Connector-1.0.0-beta.46+1.20.1.jar]
[14Sep2025 20:32:42.440] [main/INFO] [net.minecraftforge.fml.loading.ImmediateWindowHandler/]: ImmediateWindowProvider not loading because launch target is forgeserver
[14Sep2025 20:32:42.451] [main/INFO] [mixin-transmog/]: Mixin Transmogrifier is definitely up to no good...
[14Sep2025 20:32:42.489] [main/DEBUG] [mixin-transmog/]: Replaced the mixin launch plugin
[14Sep2025 20:32:42.493] [main/INFO] [mixin-transmog/]: crimes against java were committed
[14Sep2025 20:32:42.498] [main/DEBUG] [cpw.mods.modlauncher.TransformationServicesHandler/MODLAUNCHER]: Found transformer services : [mixin,fml,mixin-transmogrifier,connector_loader]
[14Sep2025 20:32:42.498] [main/DEBUG] [cpw.mods.modlauncher.TransformationServicesHandler/MODLAUNCHER]: Transformation services loading
[14Sep2025 20:32:42.499] [main/DEBUG] [cpw.mods.modlauncher.TransformationServiceDecorator/MODLAUNCHER]: Loading service mixin
[14Sep2025 20:32:42.502] [main/DEBUG] [cpw.mods.modlauncher.TransformationServiceDecorator/MODLAUNCHER]: Loaded service mixin
[14Sep2025 20:32:42.502] [main/DEBUG] [cpw.mods.modlauncher.TransformationServiceDecorator/MODLAUNCHER]: Loading service fml
[14Sep2025 20:32:42.503] [main/DEBUG] [net.minecraftforge.fml.loading.LauncherVersion/CORE]: Found FMLLauncher version 1.0
[14Sep2025 20:32:42.503] [main/DEBUG] [net.minecraftforge.fml.loading.FMLLoader/CORE]: FML 1.0 loading
[14Sep2025 20:32:42.504] [main/DEBUG] [net.minecraftforge.fml.loading.FMLLoader/CORE]: FML found ModLauncher version : 10.0.9+10.0.9+main.dcd20f30
[14Sep2025 20:32:42.504] [main/DEBUG] [net.minecraftforge.fml.loading.FMLLoader/CORE]: FML found AccessTransformer version : 8.0.4+66+master.c09db6d7
[14Sep2025 20:32:42.504] [main/DEBUG] [net.minecraftforge.fml.loading.FMLLoader/CORE]: FML found EventBus version : 6.0.5+6.0.5+master.eb8e549b
[14Sep2025 20:32:42.504] [main/DEBUG] [net.minecraftforge.fml.loading.FMLLoader/CORE]: Found Runtime Dist Cleaner
[14Sep2025 20:32:42.508] [main/DEBUG] [net.minecraftforge.fml.loading.FMLLoader/CORE]: FML found CoreMod version : 5.1.6
[14Sep2025 20:32:42.511] [main/DEBUG] [net.minecraftforge.fml.loading.FMLLoader/CORE]: Found ForgeSPI package implementation version 7.0.1+7.0.1+master.d2b38bf6
[14Sep2025 20:32:42.511] [main/DEBUG] [net.minecraftforge.fml.loading.FMLLoader/CORE]: Found ForgeSPI package specification 5
[14Sep2025 20:32:42.511] [main/DEBUG] [cpw.mods.modlauncher.TransformationServiceDecorator/MODLAUNCHER]: Loaded service fml
[14Sep2025 20:32:42.512] [main/DEBUG] [cpw.mods.modlauncher.TransformationServiceDecorator/MODLAUNCHER]: Loading service mixin-transmogrifier
[14Sep2025 20:32:42.512] [main/DEBUG] [mixin-transmog/]: onLoad called
[14Sep2025 20:32:42.512] [main/DEBUG] [mixin-transmog/]: mixin, fml, mixin-transmogrifier, connector_loader
[14Sep2025 20:32:42.513] [main/DEBUG] [cpw.mods.modlauncher.TransformationServiceDecorator/MODLAUNCHER]: Loading service mixin
[14Sep2025 20:32:42.515] [main/DEBUG] [cpw.mods.modlauncher.TransformationServiceDecorator/MODLAUNCHER]: Loaded service mixin
[14Sep2025 20:32:42.515] [main/DEBUG] [cpw.mods.modlauncher.TransformationServiceDecorator/MODLAUNCHER]: Loaded service mixin-transmogrifier
[14Sep2025 20:32:42.515] [main/DEBUG] [cpw.mods.modlauncher.TransformationServiceDecorator/MODLAUNCHER]: Loading service connector_loader
[14Sep2025 20:32:42.516] [main/DEBUG] [cpw.mods.modlauncher.TransformationServiceDecorator/MODLAUNCHER]: Loaded service connector_loader
[14Sep2025 20:32:42.517] [main/DEBUG] [cpw.mods.modlauncher.TransformationServicesHandler/MODLAUNCHER]: Configuring option handling for services
[14Sep2025 20:32:42.527] [main/DEBUG] [cpw.mods.modlauncher.TransformationServicesHandler/MODLAUNCHER]: Transformation services initializing
[14Sep2025 20:32:42.528] [main/DEBUG] [cpw.mods.modlauncher.TransformationServiceDecorator/MODLAUNCHER]: Initializing transformation service mixin
[14Sep2025 20:32:42.531] [main/INFO] [mixin-transmog/]: Original mixin transformation service successfully crobbed by mixin-transmogrifier!
[14Sep2025 20:32:42.531] [main/DEBUG] [cpw.mods.modlauncher.TransformationServiceDecorator/MODLAUNCHER]: Initialized transformation service mixin
[14Sep2025 20:32:42.532] [main/DEBUG] [cpw.mods.modlauncher.TransformationServiceDecorator/MODLAUNCHER]: Initializing transformation service fml
[14Sep2025 20:32:42.532] [main/DEBUG] [net.minecraftforge.fml.loading.FMLServiceProvider/CORE]: Setting up basic FML game directories
[14Sep2025 20:32:42.532] [main/DEBUG] [net.minecraftforge.fml.loading.FMLPaths/CORE]: Path GAMEDIR is /workspaces/Sever-Prueba-3/servidor_minecraft
[14Sep2025 20:32:42.532] [main/DEBUG] [net.minecraftforge.fml.loading.FMLPaths/CORE]: Path MODSDIR is /workspaces/Sever-Prueba-3/servidor_minecraft/mods
[14Sep2025 20:32:42.533] [main/DEBUG] [net.minecraftforge.fml.loading.FMLPaths/CORE]: Path CONFIGDIR is /workspaces/Sever-Prueba-3/servidor_minecraft/config
[14Sep2025 20:32:42.533] [main/DEBUG] [net.minecraftforge.fml.loading.FMLPaths/CORE]: Path FMLCONFIG is /workspaces/Sever-Prueba-3/servidor_minecraft/config/fml.toml
[14Sep2025 20:32:42.533] [main/DEBUG] [net.minecraftforge.fml.loading.FMLServiceProvider/CORE]: Loading configuration
[14Sep2025 20:32:42.538] [main/DEBUG] [net.minecraftforge.fml.loading.FMLServiceProvider/CORE]: Preparing ModFile
[14Sep2025 20:32:42.544] [main/DEBUG] [net.minecraftforge.fml.loading.FMLServiceProvider/CORE]: Preparing launch handler
[14Sep2025 20:32:42.544] [main/DEBUG] [net.minecraftforge.fml.loading.FMLLoader/CORE]: Using forgeserver as launch service
[14Sep2025 20:32:42.570] [main/DEBUG] [net.minecraftforge.fml.loading.FMLLoader/CORE]: Received command line version data  : VersionInfo[forgeVersion=47.3.7, mcVersion=1.20.1, mcpVersion=20230612.114412, forgeGroup=net.minecraftforge]
[14Sep2025 20:32:42.574] [main/DEBUG] [cpw.mods.modlauncher.TransformationServiceDecorator/MODLAUNCHER]: Initialized transformation service fml
[14Sep2025 20:32:42.574] [main/DEBUG] [cpw.mods.modlauncher.TransformationServiceDecorator/MODLAUNCHER]: Initializing transformation service mixin-transmogrifier
[14Sep2025 20:32:42.575] [main/DEBUG] [mixin-transmog/]: initialize called
[14Sep2025 20:32:42.593] [main/DEBUG] [mixin/]: MixinService [ModLauncher] was successfully booted in cpw.mods.cl.ModuleClassLoader@7a3d45bd
[14Sep2025 20:32:42.615] [main/INFO] [mixin/]: SpongePowered MIXIN Subsystem Version=0.8.5 Source=union:/workspaces/Sever-Prueba-3/servidor_minecraft/mods/Connector-1.0.0-beta.46+1.20.1.jar%23190%23193!/ Service=ModLauncher Env=SERVER
[14Sep2025 20:32:42.621] [main/DEBUG] [mixin/]: Initialising Mixin Platform Manager
[14Sep2025 20:32:42.625] [main/DEBUG] [mixin/]: Adding mixin platform agents for container ModLauncher Root Container(ModLauncher:4f56a0a2)
[14Sep2025 20:32:42.625] [main/DEBUG] [mixin/]: Instancing new MixinPlatformAgentMinecraftForge for ModLauncher Root Container(ModLauncher:4f56a0a2)
[14Sep2025 20:32:42.626] [main/DEBUG] [mixin/]: MixinPlatformAgentMinecraftForge rejected container ModLauncher Root Container(ModLauncher:4f56a0a2)
[14Sep2025 20:32:42.626] [main/DEBUG] [mixin/]: Instancing new MixinPlatformAgentDefault for ModLauncher Root Container(ModLauncher:4f56a0a2)
[14Sep2025 20:32:42.627] [main/DEBUG] [mixin/]: MixinPlatformAgentDefault accepted container ModLauncher Root Container(ModLauncher:4f56a0a2)
[14Sep2025 20:32:42.628] [main/DEBUG] [cpw.mods.modlauncher.TransformationServiceDecorator/MODLAUNCHER]: Initialized transformation service mixin-transmogrifier
[14Sep2025 20:32:42.632] [main/DEBUG] [cpw.mods.modlauncher.TransformationServiceDecorator/MODLAUNCHER]: Initializing transformation service connector_loader
[14Sep2025 20:32:42.638] [main/DEBUG] [cpw.mods.modlauncher.TransformationServiceDecorator/MODLAUNCHER]: Initialized transformation service connector_loader
[14Sep2025 20:32:42.638] [main/DEBUG] [cpw.mods.modlauncher.NameMappingServiceHandler/MODLAUNCHER]: Current naming domain is 'srg'
[14Sep2025 20:32:42.639] [main/DEBUG] [cpw.mods.modlauncher.NameMappingServiceHandler/MODLAUNCHER]: Identified name mapping providers {}
[14Sep2025 20:32:42.639] [main/DEBUG] [cpw.mods.modlauncher.TransformationServicesHandler/MODLAUNCHER]: Transformation services begin scanning
[14Sep2025 20:32:42.639] [main/DEBUG] [cpw.mods.modlauncher.TransformationServiceDecorator/MODLAUNCHER]: Beginning scan trigger - transformation service mixin
[14Sep2025 20:32:42.640] [main/DEBUG] [cpw.mods.modlauncher.TransformationServiceDecorator/MODLAUNCHER]: End scan trigger - transformation service mixin
[14Sep2025 20:32:42.640] [main/DEBUG] [cpw.mods.modlauncher.TransformationServiceDecorator/MODLAUNCHER]: Beginning scan trigger - transformation service fml
[14Sep2025 20:32:42.640] [main/DEBUG] [net.minecraftforge.fml.loading.FMLServiceProvider/CORE]: Initiating mod scan
[14Sep2025 20:32:42.662] [main/DEBUG] [net.minecraftforge.fml.loading.moddiscovery.ModListHandler/CORE]: Found mod coordinates from lists: []
[14Sep2025 20:32:42.673] [main/DEBUG] [net.minecraftforge.fml.loading.moddiscovery.ModDiscoverer/CORE]: Found Mod Locators : (connector_early_locator:1.0.0-beta.46+1.20.1),(mods folder:null),(maven libs:null),(exploded directory:null),(minecraft:null),(userdev classpath:null)
[14Sep2025 20:32:42.677] [main/DEBUG] [net.minecraftforge.fml.loading.moddiscovery.ModDiscoverer/CORE]: Found Dependency Locators : (connector_locator:1.0.0-beta.46+1.20.1),(JarInJar:null)
[14Sep2025 20:32:42.716] [main/DEBUG] [net.minecraftforge.fml.loading.moddiscovery.ModFileParser/LOADING]: Considering mod file candidate 
[14Sep2025 20:32:42.792] [main/DEBUG] [net.minecraftforge.fml.loading.moddiscovery.ModFileInfo/LOADING]: Found valid mod file Connector-1.0.0-beta.46+1.20.1-mod.jar with {connectormod} mods - versions {1.0.0-beta.46+1.20.1}
[14Sep2025 20:32:42.815] [main/DEBUG] [net.minecraftforge.fml.loading.moddiscovery.ModFileParser/LOADING]: Considering mod file candidate /workspaces/Sever-Prueba-3/servidor_minecraft/mods/[1.20.1] SecurityCraft v1.10.0.1.jar
[14Sep2025 20:32:42.818] [main/DEBUG] [net.minecraftforge.fml.loading.moddiscovery.ModFileInfo/LOADING]: Found valid mod file [1.20.1] SecurityCraft v1.10.0.1.jar with {securitycraft} mods - versions {1.10.0.1}
[14Sep2025 20:32:42.827] [main/DEBUG] [net.minecraftforge.fml.loading.moddiscovery.ModFileParser/LOADING]: Considering mod file candidate /workspaces/Sever-Prueba-3/servidor_minecraft/mods/alexsmobs-1.22.9.jar
[14Sep2025 20:32:42.829] [main/DEBUG] [net.minecraftforge.fml.loading.moddiscovery.ModFileInfo/LOADING]: Found valid mod file alexsmobs-1.22.9.jar with {alexsmobs} mods - versions {1.22.9}
[14Sep2025 20:32:42.832] [main/DEBUG] [net.minecraftforge.fml.loading.moddiscovery.ModFileParser/LOADING]: Considering mod file candidate /workspaces/Sever-Prueba-3/servidor_minecraft/mods/AmbientSounds_FORGE_v6.1.11_mc1.20.1.jar
[14Sep2025 20:32:42.834] [main/DEBUG] [net.minecraftforge.fml.loading.moddiscovery.ModFileInfo/LOADING]: Found valid mod file AmbientSounds_FORGE_v6.1.11_mc1.20.1.jar with {ambientsounds} mods - versions {6.1.11}
[14Sep2025 20:32:42.838] [main/DEBUG] [net.minecraftforge.fml.loading.moddiscovery.ModFileParser/LOADING]: Considering mod file candidate /workspaces/Sever-Prueba-3/servidor_minecraft/mods/architectury-9.2.14-forge.jar
[14Sep2025 20:32:42.839] [main/DEBUG] [net.minecraftforge.fml.loading.moddiscovery.ModFileInfo/LOADING]: Found valid mod file architectury-9.2.14-forge.jar with {architectury} mods - versions {9.2.14}
[14Sep2025 20:32:42.844] [main/DEBUG] [net.minecraftforge.fml.loading.moddiscovery.ModFileParser/LOADING]: Considering mod file candidate /workspaces/Sever-Prueba-3/servidor_minecraft/mods/Atlas Lib-1.20.1-1.1.12.jar
[14Sep2025 20:32:42.845] [main/DEBUG] [net.minecraftforge.fml.loading.moddiscovery.ModFileInfo/LOADING]: Found valid mod file Atlas Lib-1.20.1-1.1.12.jar with {atlaslib} mods - versions {1.1.12}
[14Sep2025 20:32:42.846] [main/DEBUG] [net.minecraftforge.fml.loading.moddiscovery.ModFileParser/LOADING]: Considering mod file candidate /workspaces/Sever-Prueba-3/servidor_minecraft/mods/BHMenu-Forge-1.20.1-2.4.2.jar
[14Sep2025 20:32:42.852] [main/DEBUG] [net.minecraftforge.fml.loading.moddiscovery.ModFileInfo/LOADING]: Found valid mod file BHMenu-Forge-1.20.1-2.4.2.jar with {bhmenu} mods - versions {2.4.2}
[14Sep2025 20:32:42.876] [main/DEBUG] [net.minecraftforge.fml.loading.moddiscovery.ModFileParser/LOADING]: Considering mod file candidate /workspaces/Sever-Prueba-3/servidor_minecraft/mods/butcher-3.6.1-forge-1.20.1.jar
[14Sep2025 20:32:42.878] [main/DEBUG] [net.minecraftforge.fml.loading.moddiscovery.ModFileInfo/LOADING]: Found valid mod file butcher-3.6.1-forge-1.20.1.jar with {butcher} mods - versions {3.6.1}
[14Sep2025 20:32:42.927] [main/DEBUG] [net.minecraftforge.fml.loading.moddiscovery.ModFileParser/LOADING]: Considering mod file candidate /workspaces/Sever-Prueba-3/servidor_minecraft/mods/cfm-forge-1.20.1-7.0.0-pre36.jar
[14Sep2025 20:32:42.934] [main/DEBUG] [net.minecraftforge.fml.loading.moddiscovery.ModFileInfo/LOADING]: Found valid mod file cfm-forge-1.20.1-7.0.0-pre36.jar with {cfm} mods - versions {7.0.0-pre36}
[14Sep2025 20:32:42.936] [main/DEBUG] [net.minecraftforge.fml.loading.moddiscovery.ModFileParser/LOADING]: Considering mod file candidate /workspaces/Sever-Prueba-3/servidor_minecraft/mods/citadel-2.6.2-1.20.1.jar
[14Sep2025 20:32:42.941] [main/DEBUG] [net.minecraftforge.fml.loading.moddiscovery.ModFileInfo/LOADING]: Found valid mod file citadel-2.6.2-1.20.1.jar with {citadel} mods - versions {2.6.2}
[14Sep2025 20:32:42.942] [main/DEBUG] [net.minecraftforge.fml.loading.moddiscovery.ModFileParser/LOADING]: Considering mod file candidate /workspaces/Sever-Prueba-3/servidor_minecraft/mods/cloth-config-11.1.136-forge.jar
[14Sep2025 20:32:42.943] [main/DEBUG] [net.minecraftforge.fml.loading.moddiscovery.ModFileInfo/LOADING]: Found valid mod file cloth-config-11.1.136-forge.jar with {cloth_config} mods - versions {11.1.136}
[14Sep2025 20:32:42.947] [main/DEBUG] [net.minecraftforge.fml.loading.moddiscovery.ModFileParser/LOADING]: Considering mod file candidate /workspaces/Sever-Prueba-3/servidor_minecraft/mods/collective-1.20.1-8.3.jar
[14Sep2025 20:32:42.948] [main/DEBUG] [net.minecraftforge.fml.loading.moddiscovery.ModFileInfo/LOADING]: Found valid mod file collective-1.20.1-8.3.jar with {collective} mods - versions {8.3}
[14Sep2025 20:32:42.949] [main/DEBUG] [net.minecraftforge.fml.loading.moddiscovery.ModFileParser/LOADING]: Considering mod file candidate /workspaces/Sever-Prueba-3/servidor_minecraft/mods/combatroll-forge-1.3.3+1.20.1.jar
[14Sep2025 20:32:42.954] [main/DEBUG] [net.minecraftforge.fml.loading.moddiscovery.ModFileInfo/LOADING]: Found valid mod file combatroll-forge-1.3.3+1.20.1.jar with {combatroll} mods - versions {1.3.3+1.20.1}
[14Sep2025 20:32:42.956] [main/DEBUG] [net.minecraftforge.fml.loading.moddiscovery.ModFileParser/LOADING]: Considering mod file candidate /workspaces/Sever-Prueba-3/servidor_minecraft/mods/configured-forge-1.20.1-2.2.3.jar
[14Sep2025 20:32:42.958] [main/DEBUG] [net.minecraftforge.fml.loading.moddiscovery.ModFileInfo/LOADING]: Found valid mod file configured-forge-1.20.1-2.2.3.jar with {configured} mods - versions {2.2.3}
[14Sep2025 20:32:42.960] [main/DEBUG] [net.minecraftforge.fml.loading.moddiscovery.ModFileParser/LOADING]: Considering mod file candidate /workspaces/Sever-Prueba-3/servidor_minecraft/mods/coroutil-forge-1.20.1-1.3.7.jar
[14Sep2025 20:32:42.961] [main/DEBUG] [net.minecraftforge.fml.loading.moddiscovery.ModFileInfo/LOADING]: Found valid mod file coroutil-forge-1.20.1-1.3.7.jar with {coroutil} mods - versions {1.20.1-1.3.7}
[14Sep2025 20:32:42.962] [main/DEBUG] [net.minecraftforge.fml.loading.moddiscovery.ModFileParser/LOADING]: Considering mod file candidate /workspaces/Sever-Prueba-3/servidor_minecraft/mods/CreativeCore_FORGE_v2.12.32_mc1.20.1.jar
[14Sep2025 20:32:42.963] [main/DEBUG] [net.minecraftforge.fml.loading.moddiscovery.ModFileInfo/LOADING]: Found valid mod file CreativeCore_FORGE_v2.12.32_mc1.20.1.jar with {creativecore} mods - versions {2.12.32}
[14Sep2025 20:32:42.964] [main/DEBUG] [net.minecraftforge.fml.loading.moddiscovery.ModFileParser/LOADING]: Considering mod file candidate /workspaces/Sever-Prueba-3/servidor_minecraft/mods/doubledoors-1.20.1-7.1.jar
[14Sep2025 20:32:42.964] [main/DEBUG] [net.minecraftforge.fml.loading.moddiscovery.ModFileInfo/LOADING]: Found valid mod file doubledoors-1.20.1-7.1.jar with {doubledoors} mods - versions {7.1}
[14Sep2025 20:32:42.968] [main/DEBUG] [net.minecraftforge.fml.loading.moddiscovery.ModFileParser/LOADING]: Considering mod file candidate /workspaces/Sever-Prueba-3/servidor_minecraft/mods/dynamiclights-1.20.1.2.jar
[14Sep2025 20:32:42.969] [main/DEBUG] [net.minecraftforge.fml.loading.moddiscovery.ModFileInfo/LOADING]: Found valid mod file dynamiclights-1.20.1.2.jar with {dynamiclights} mods - versions {1.20.1.2}
[14Sep2025 20:32:42.970] [main/DEBUG] [net.minecraftforge.fml.loading.moddiscovery.ModFileParser/LOADING]: Considering mod file candidate /workspaces/Sever-Prueba-3/servidor_minecraft/mods/DynamicTrees-1.20.1-1.4.5.jar
[14Sep2025 20:32:42.973] [main/DEBUG] [net.minecraftforge.fml.loading.moddiscovery.ModFileInfo/LOADING]: Found valid mod file DynamicTrees-1.20.1-1.4.5.jar with {dynamictrees} mods - versions {1.20.1-1.4.5}
[14Sep2025 20:32:42.974] [main/DEBUG] [net.minecraftforge.fml.loading.moddiscovery.ModFileParser/LOADING]: Considering mod file candidate /workspaces/Sever-Prueba-3/servidor_minecraft/mods/DynamicTreesPlus-1.20.1-1.2.1.jar
[14Sep2025 20:32:42.975] [main/DEBUG] [net.minecraftforge.fml.loading.moddiscovery.ModFileInfo/LOADING]: Found valid mod file DynamicTreesPlus-1.20.1-1.2.1.jar with {dynamictreesplus} mods - versions {1.20.1-1.2.1}
[14Sep2025 20:32:42.978] [main/DEBUG] [net.minecraftforge.fml.loading.moddiscovery.ModFileParser/LOADING]: Considering mod file candidate /workspaces/Sever-Prueba-3/servidor_minecraft/mods/eatinganimation-1.20.1-5.1.0.jar
[14Sep2025 20:32:42.979] [main/DEBUG] [net.minecraftforge.fml.loading.moddiscovery.ModFileInfo/LOADING]: Found valid mod file eatinganimation-1.20.1-5.1.0.jar with {eatinganimation} mods - versions {5.1.0}
[14Sep2025 20:32:42.980] [main/DEBUG] [net.minecraftforge.fml.loading.moddiscovery.ModFileParser/LOADING]: Considering mod file candidate /workspaces/Sever-Prueba-3/servidor_minecraft/mods/embeddium-0.3.31+mc1.20.1.jar
[14Sep2025 20:32:42.984] [main/DEBUG] [net.minecraftforge.fml.loading.moddiscovery.ModFileInfo/LOADING]: Found valid mod file embeddium-0.3.31+mc1.20.1.jar with {embeddium,rubidium} mods - versions {0.3.31+mc1.20.1,0.7.1}
[14Sep2025 20:32:42.985] [main/DEBUG] [net.minecraftforge.fml.loading.moddiscovery.ModFileParser/LOADING]: Considering mod file candidate /workspaces/Sever-Prueba-3/servidor_minecraft/mods/emi-1.1.22+1.20.1+forge.jar
[14Sep2025 20:32:42.986] [main/DEBUG] [net.minecraftforge.fml.loading.moddiscovery.ModFileInfo/LOADING]: Found valid mod file emi-1.1.22+1.20.1+forge.jar with {emi} mods - versions {1.1.22+1.20.1+forge}
[14Sep2025 20:32:42.989] [main/DEBUG] [net.minecraftforge.fml.loading.moddiscovery.ModFileParser/LOADING]: Considering mod file candidate /workspaces/Sever-Prueba-3/servidor_minecraft/mods/EnhancedVisuals_FORGE_v1.8.2_mc1.20.1.jar
[14Sep2025 20:32:42.990] [main/DEBUG] [net.minecraftforge.fml.loading.moddiscovery.ModFileInfo/LOADING]: Found valid mod file EnhancedVisuals_FORGE_v1.8.2_mc1.20.1.jar with {enhancedvisuals} mods - versions {1.8.2}
[14Sep2025 20:32:42.991] [main/DEBUG] [net.minecraftforge.fml.loading.moddiscovery.ModFileParser/LOADING]: Considering mod file candidate /workspaces/Sever-Prueba-3/servidor_minecraft/mods/entity_model_features_1.20.1-forge-3.0.1.jar
[14Sep2025 20:32:42.991] [main/DEBUG] [net.minecraftforge.fml.loading.moddiscovery.ModFileInfo/LOADING]: Found valid mod file entity_model_features_1.20.1-forge-3.0.1.jar with {entity_model_features} mods - versions {3.0.1}
[14Sep2025 20:32:42.995] [main/DEBUG] [net.minecraftforge.fml.loading.moddiscovery.ModFileParser/LOADING]: Considering mod file candidate /workspaces/Sever-Prueba-3/servidor_minecraft/mods/entity_texture_features_1.20.1-forge-7.0.1.jar
[14Sep2025 20:32:42.996] [main/DEBUG] [net.minecraftforge.fml.loading.moddiscovery.ModFileInfo/LOADING]: Found valid mod file entity_texture_features_1.20.1-forge-7.0.1.jar with {entity_texture_features} mods - versions {7.0.1}
[14Sep2025 20:32:42.997] [main/DEBUG] [net.minecraftforge.fml.loading.moddiscovery.ModFileParser/LOADING]: Considering mod file candidate /workspaces/Sever-Prueba-3/servidor_minecraft/mods/entityculling-forge-1.8.2-mc1.20.1.jar
[14Sep2025 20:32:42.998] [main/DEBUG] [net.minecraftforge.fml.loading.moddiscovery.ModFileInfo/LOADING]: Found valid mod file entityculling-forge-1.8.2-mc1.20.1.jar with {entityculling} mods - versions {1.8.2}
[14Sep2025 20:32:42.999] [main/DEBUG] [net.minecraftforge.fml.loading.moddiscovery.ModFileParser/LOADING]: Considering mod file candidate /workspaces/Sever-Prueba-3/servidor_minecraft/mods/fabric-api-0.92.6+1.11.14+1.20.1.jar
[14Sep2025 20:32:43.003] [main/DEBUG] [net.minecraftforge.fml.loading.moddiscovery.ModFileInfo/LOADING]: Found valid mod file fabric-api-0.92.6+1.11.14+1.20.1.jar with {fabric_api} mods - versions {0.92.6+1.11.14+1.20.1}
[14Sep2025 20:32:43.004] [main/DEBUG] [net.minecraftforge.fml.loading.moddiscovery.ModFileParser/LOADING]: Considering mod file candidate /workspaces/Sever-Prueba-3/servidor_minecraft/mods/fallingleaves-1.20.1-2.1.2.jar
[14Sep2025 20:32:43.007] [main/DEBUG] [net.minecraftforge.fml.loading.moddiscovery.ModFileInfo/LOADING]: Found valid mod file fallingleaves-1.20.1-2.1.2.jar with {fallingleaves} mods - versions {2.1.2}
[14Sep2025 20:32:43.009] [main/DEBUG] [net.minecraftforge.fml.loading.moddiscovery.ModFileParser/LOADING]: Considering mod file candidate /workspaces/Sever-Prueba-3/servidor_minecraft/mods/fallingtrees-forge-mc1.20-0.13.2-SNAPSHOT.jar
[14Sep2025 20:32:43.013] [main/DEBUG] [net.minecraftforge.fml.loading.moddiscovery.ModFileInfo/LOADING]: Found valid mod file fallingtrees-forge-mc1.20-0.13.2-SNAPSHOT.jar with {fallingtrees} mods - versions {0.13.2}
[14Sep2025 20:32:43.016] [main/DEBUG] [net.minecraftforge.fml.loading.moddiscovery.ModFileParser/LOADING]: Considering mod file candidate /workspaces/Sever-Prueba-3/servidor_minecraft/mods/fancymenu_forge_3.7.0_MC_1.20.1.jar
[14Sep2025 20:32:43.018] [main/DEBUG] [net.minecraftforge.fml.loading.moddiscovery.ModFileInfo/LOADING]: Found valid mod file fancymenu_forge_3.7.0_MC_1.20.1.jar with {fancymenu} mods - versions {3.7.0}
[14Sep2025 20:32:43.028] [main/DEBUG] [net.minecraftforge.fml.loading.moddiscovery.ModFileParser/LOADING]: Considering mod file candidate /workspaces/Sever-Prueba-3/servidor_minecraft/mods/ferritecore-6.0.1-forge.jar
[14Sep2025 20:32:43.028] [main/DEBUG] [net.minecraftforge.fml.loading.moddiscovery.ModFileInfo/LOADING]: Found valid mod file ferritecore-6.0.1-forge.jar with {ferritecore} mods - versions {6.0.1}
[14Sep2025 20:32:43.032] [main/DEBUG] [net.minecraftforge.fml.loading.moddiscovery.ModFileParser/LOADING]: Considering mod file candidate /workspaces/Sever-Prueba-3/servidor_minecraft/mods/Fog-forge-1.5.3-1.20.1.jar
[14Sep2025 20:32:43.033] [main/DEBUG] [net.minecraftforge.fml.loading.moddiscovery.ModFileInfo/LOADING]: Found valid mod file Fog-forge-1.5.3-1.20.1.jar with {fog} mods - versions {1.5.3-1.20.1}
[14Sep2025 20:32:43.034] [main/DEBUG] [net.minecraftforge.fml.loading.moddiscovery.ModFileParser/LOADING]: Considering mod file candidate /workspaces/Sever-Prueba-3/servidor_minecraft/mods/geckolib-forge-1.20.1-4.7.4.jar
[14Sep2025 20:32:43.035] [main/DEBUG] [net.minecraftforge.fml.loading.moddiscovery.ModFileInfo/LOADING]: Found valid mod file geckolib-forge-1.20.1-4.7.4.jar with {geckolib} mods - versions {4.7.4}
[14Sep2025 20:32:43.038] [main/DEBUG] [net.minecraftforge.fml.loading.moddiscovery.ModFileParser/LOADING]: Considering mod file candidate /workspaces/Sever-Prueba-3/servidor_minecraft/mods/GlitchCore-forge-1.20.1-0.0.1.1.jar
[14Sep2025 20:32:43.039] [main/DEBUG] [net.minecraftforge.fml.loading.moddiscovery.ModFileInfo/LOADING]: Found valid mod file GlitchCore-forge-1.20.1-0.0.1.1.jar with {glitchcore} mods - versions {0.0.1.1}
[14Sep2025 20:32:43.046] [main/DEBUG] [net.minecraftforge.fml.loading.moddiscovery.ModFileParser/LOADING]: Considering mod file candidate /workspaces/Sever-Prueba-3/servidor_minecraft/mods/healingcampfire-1.20.1-6.2.jar
[14Sep2025 20:32:43.046] [main/DEBUG] [net.minecraftforge.fml.loading.moddiscovery.ModFileInfo/LOADING]: Found valid mod file healingcampfire-1.20.1-6.2.jar with {healingcampfire} mods - versions {6.2}
[14Sep2025 20:32:43.056] [main/DEBUG] [net.minecraftforge.fml.loading.moddiscovery.ModFileParser/LOADING]: Considering mod file candidate /workspaces/Sever-Prueba-3/servidor_minecraft/mods/ImmediatelyFast-Forge-1.5.1+1.20.4.jar
[14Sep2025 20:32:43.057] [main/DEBUG] [net.minecraftforge.fml.loading.moddiscovery.ModFileInfo/LOADING]: Found valid mod file ImmediatelyFast-Forge-1.5.1+1.20.4.jar with {immediatelyfast} mods - versions {1.5.1+1.20.4}
[14Sep2025 20:32:43.057] [main/DEBUG] [net.minecraftforge.fml.loading.moddiscovery.ModFileParser/LOADING]: Considering mod file candidate /workspaces/Sever-Prueba-3/servidor_minecraft/mods/immersive_aircraft-1.3.3+1.20.1-forge.jar
[14Sep2025 20:32:43.061] [main/DEBUG] [net.minecraftforge.fml.loading.moddiscovery.ModFileInfo/LOADING]: Found valid mod file immersive_aircraft-1.3.3+1.20.1-forge.jar with {immersive_aircraft} mods - versions {1.3.3+1.20.1}
[14Sep2025 20:32:43.063] [main/DEBUG] [net.minecraftforge.fml.loading.moddiscovery.ModFileParser/LOADING]: Considering mod file candidate /workspaces/Sever-Prueba-3/servidor_minecraft/mods/immersive_weathering-1.20.1-2.0.5-forge.jar
[14Sep2025 20:32:43.064] [main/DEBUG] [net.minecraftforge.fml.loading.moddiscovery.ModFileInfo/LOADING]: Found valid mod file immersive_weathering-1.20.1-2.0.5-forge.jar with {immersive_weathering} mods - versions {1.20.1-2.0.5}
[14Sep2025 20:32:43.067] [main/DEBUG] [net.minecraftforge.fml.loading.moddiscovery.ModFileParser/LOADING]: Considering mod file candidate /workspaces/Sever-Prueba-3/servidor_minecraft/mods/improvedmobs-1.20.1-1.13.6-forge.jar
[14Sep2025 20:32:43.068] [main/DEBUG] [net.minecraftforge.fml.loading.moddiscovery.ModFileInfo/LOADING]: Found valid mod file improvedmobs-1.20.1-1.13.6-forge.jar with {improvedmobs} mods - versions {1.20.1-1.13.6}
[14Sep2025 20:32:43.068] [main/DEBUG] [net.minecraftforge.fml.loading.moddiscovery.ModFileParser/LOADING]: Considering mod file candidate /workspaces/Sever-Prueba-3/servidor_minecraft/mods/ItemPhysic_FORGE_v1.8.8_mc1.20.1.jar
[14Sep2025 20:32:43.069] [main/DEBUG] [net.minecraftforge.fml.loading.moddiscovery.ModFileInfo/LOADING]: Found valid mod file ItemPhysic_FORGE_v1.8.8_mc1.20.1.jar with {itemphysic} mods - versions {1.8.8}
[14Sep2025 20:32:43.072] [main/DEBUG] [net.minecraftforge.fml.loading.moddiscovery.ModFileParser/LOADING]: Considering mod file candidate /workspaces/Sever-Prueba-3/servidor_minecraft/mods/Jade-1.20.1-Forge-11.13.2.jar
[14Sep2025 20:32:43.073] [main/DEBUG] [net.minecraftforge.fml.loading.moddiscovery.ModFileInfo/LOADING]: Found valid mod file Jade-1.20.1-Forge-11.13.2.jar with {jade} mods - versions {11.13.2+forge}
[14Sep2025 20:32:43.074] [main/DEBUG] [net.minecraftforge.fml.loading.moddiscovery.ModFileParser/LOADING]: Considering mod file candidate /workspaces/Sever-Prueba-3/servidor_minecraft/mods/Keerdm Zombie Apocalypse Essentials (TACZ) 1.41.jar
[14Sep2025 20:32:43.075] [main/DEBUG] [net.minecraftforge.fml.loading.moddiscovery.ModFileInfo/LOADING]: Found valid mod file Keerdm Zombie Apocalypse Essentials (TACZ) 1.41.jar with {keerdm_zombie_essentials} mods - versions {1.4}
[14Sep2025 20:32:43.077] [main/DEBUG] [net.minecraftforge.fml.loading.moddiscovery.ModFileParser/LOADING]: Considering mod file candidate /workspaces/Sever-Prueba-3/servidor_minecraft/mods/Kiwi-1.20.1-Forge-11.8.31.jar
[14Sep2025 20:32:43.079] [main/DEBUG] [net.minecraftforge.fml.loading.moddiscovery.ModFileInfo/LOADING]: Found valid mod file Kiwi-1.20.1-Forge-11.8.31.jar with {kiwi} mods - versions {11.8.31+forge}
[14Sep2025 20:32:43.080] [main/DEBUG] [net.minecraftforge.fml.loading.moddiscovery.ModFileParser/LOADING]: Considering mod file candidate /workspaces/Sever-Prueba-3/servidor_minecraft/mods/konkrete_forge_1.8.0_MC_1.20-1.20.1.jar
[14Sep2025 20:32:43.083] [main/DEBUG] [net.minecraftforge.fml.loading.moddiscovery.ModFileInfo/LOADING]: Found valid mod file konkrete_forge_1.8.0_MC_1.20-1.20.1.jar with {konkrete} mods - versions {1.8.0}
[14Sep2025 20:32:43.089] [main/DEBUG] [net.minecraftforge.fml.loading.moddiscovery.ModFileParser/LOADING]: Considering mod file candidate /workspaces/Sever-Prueba-3/servidor_minecraft/mods/letsdo-bloomingnature-forge-1.0.12.jar
[14Sep2025 20:32:43.089] [main/DEBUG] [net.minecraftforge.fml.loading.moddiscovery.ModFileInfo/LOADING]: Found valid mod file letsdo-bloomingnature-forge-1.0.12.jar with {bloomingnature} mods - versions {1.0.12}
[14Sep2025 20:32:43.090] [main/DEBUG] [net.minecraftforge.fml.loading.moddiscovery.ModFileParser/LOADING]: Considering mod file candidate /workspaces/Sever-Prueba-3/servidor_minecraft/mods/lostcities-1.20-7.4.3.jar
[14Sep2025 20:32:43.091] [main/DEBUG] [net.minecraftforge.fml.loading.moddiscovery.ModFileInfo/LOADING]: Found valid mod file lostcities-1.20-7.4.3.jar with {lostcities} mods - versions {1.20-7.4.3}
[14Sep2025 20:32:43.094] [main/DEBUG] [net.minecraftforge.fml.loading.moddiscovery.ModFileParser/LOADING]: Considering mod file candidate /workspaces/Sever-Prueba-3/servidor_minecraft/mods/marbledsarsenal-1.20.1forge-2.3.0.3.jar
[14Sep2025 20:32:43.095] [main/DEBUG] [net.minecraftforge.fml.loading.moddiscovery.ModFileInfo/LOADING]: Found valid mod file marbledsarsenal-1.20.1forge-2.3.0.3.jar with {marbledsarsenal} mods - versions {2.3.0.3}
[14Sep2025 20:32:43.096] [main/DEBUG] [net.minecraftforge.fml.loading.moddiscovery.ModFileParser/LOADING]: Considering mod file candidate /workspaces/Sever-Prueba-3/servidor_minecraft/mods/mcore-1.20.1-1.0.3.0.jar
[14Sep2025 20:32:43.099] [main/DEBUG] [net.minecraftforge.fml.loading.moddiscovery.ModFileInfo/LOADING]: Found valid mod file mcore-1.20.1-1.0.3.0.jar with {mcore} mods - versions {1.0.3.0}
[14Sep2025 20:32:43.100] [main/DEBUG] [net.minecraftforge.fml.loading.moddiscovery.ModFileParser/LOADING]: Considering mod file candidate /workspaces/Sever-Prueba-3/servidor_minecraft/mods/melody_forge_1.0.3_MC_1.20.1-1.20.4.jar
[14Sep2025 20:32:43.101] [main/DEBUG] [net.minecraftforge.fml.loading.moddiscovery.ModFileInfo/LOADING]: Found valid mod file melody_forge_1.0.3_MC_1.20.1-1.20.4.jar with {melody} mods - versions {1.0.2}
[14Sep2025 20:32:43.101] [main/DEBUG] [net.minecraftforge.fml.loading.moddiscovery.ModFileParser/LOADING]: Considering mod file candidate /workspaces/Sever-Prueba-3/servidor_minecraft/mods/MineTraps-1.20.2-(v.2.3.0a).jar
[14Sep2025 20:32:43.105] [main/DEBUG] [net.minecraftforge.fml.loading.moddiscovery.ModFileInfo/LOADING]: Found valid mod file MineTraps-1.20.2-(v.2.3.0a).jar with {minetraps} mods - versions {2.3.0a}
[14Sep2025 20:32:43.106] [main/DEBUG] [net.minecraftforge.fml.loading.moddiscovery.ModFileParser/LOADING]: Considering mod file candidate /workspaces/Sever-Prueba-3/servidor_minecraft/mods/mobsunscreen-forge-1.20.1-3.1.1.jar
[14Sep2025 20:32:43.106] [main/DEBUG] [net.minecraftforge.fml.loading.moddiscovery.ModFileInfo/LOADING]: Found valid mod file mobsunscreen-forge-1.20.1-3.1.1.jar with {mobsunscreen} mods - versions {3.1.1}
[14Sep2025 20:32:43.107] [main/DEBUG] [net.minecraftforge.fml.loading.moddiscovery.ModFileParser/LOADING]: Considering mod file candidate /workspaces/Sever-Prueba-3/servidor_minecraft/mods/modernfix-forge-5.24.4+mc1.20.1.jar
[14Sep2025 20:32:43.110] [main/DEBUG] [net.minecraftforge.fml.loading.moddiscovery.ModFileInfo/LOADING]: Found valid mod file modernfix-forge-5.24.4+mc1.20.1.jar with {modernfix} mods - versions {5.24.4+mc1.20.1}
[14Sep2025 20:32:43.111] [main/DEBUG] [net.minecraftforge.fml.loading.moddiscovery.ModFileParser/LOADING]: Considering mod file candidate /workspaces/Sever-Prueba-3/servidor_minecraft/mods/moonlight-1.20-2.16.5-forge.jar
[14Sep2025 20:32:43.112] [main/DEBUG] [net.minecraftforge.fml.loading.moddiscovery.ModFileInfo/LOADING]: Found valid mod file moonlight-1.20-2.16.5-forge.jar with {moonlight} mods - versions {1.20-2.16.5}
[14Sep2025 20:32:43.115] [main/DEBUG] [net.minecraftforge.fml.loading.moddiscovery.ModFileParser/LOADING]: Considering mod file candidate /workspaces/Sever-Prueba-3/servidor_minecraft/mods/moremobvariants-forge+1.20.1-1.3.0.1.jar
[14Sep2025 20:32:43.116] [main/DEBUG] [net.minecraftforge.fml.loading.moddiscovery.ModFileInfo/LOADING]: Found valid mod file moremobvariants-forge+1.20.1-1.3.0.1.jar with {moremobvariants} mods - versions {1.3.0.1}
[14Sep2025 20:32:43.117] [main/DEBUG] [net.minecraftforge.fml.loading.moddiscovery.ModFileParser/LOADING]: Considering mod file candidate /workspaces/Sever-Prueba-3/servidor_minecraft/mods/MRU-1.0.4+1.20.1+forge.jar
[14Sep2025 20:32:43.117] [main/DEBUG] [net.minecraftforge.fml.loading.moddiscovery.ModFileInfo/LOADING]: Found valid mod file MRU-1.0.4+1.20.1+forge.jar with {mru} mods - versions {1.0.4+1.20.1+forge}
[14Sep2025 20:32:43.121] [main/DEBUG] [net.minecraftforge.fml.loading.moddiscovery.ModFileParser/LOADING]: Considering mod file candidate /workspaces/Sever-Prueba-3/servidor_minecraft/mods/MyServerIsCompatible-1.20-1.0.jar
[14Sep2025 20:32:43.122] [main/DEBUG] [net.minecraftforge.fml.loading.moddiscovery.ModFileInfo/LOADING]: Found valid mod file MyServerIsCompatible-1.20-1.0.jar with {myserveriscompatible} mods - versions {1.0}
[14Sep2025 20:32:43.122] [main/DEBUG] [net.minecraftforge.fml.loading.moddiscovery.ModFileParser/LOADING]: Considering mod file candidate /workspaces/Sever-Prueba-3/servidor_minecraft/mods/NaturesCompass-1.20.1-1.11.2-forge.jar
[14Sep2025 20:32:43.123] [main/DEBUG] [net.minecraftforge.fml.loading.moddiscovery.ModFileInfo/LOADING]: Found valid mod file NaturesCompass-1.20.1-1.11.2-forge.jar with {naturescompass} mods - versions {1.20.1-1.11.2-forge}
[14Sep2025 20:32:43.124] [main/DEBUG] [net.minecraftforge.fml.loading.moddiscovery.ModFileParser/LOADING]: Considering mod file candidate /workspaces/Sever-Prueba-3/servidor_minecraft/mods/ObsidianUI-forge-0.2.3+mc1.20.1.jar
[14Sep2025 20:32:43.124] [main/DEBUG] [net.minecraftforge.fml.loading.moddiscovery.ModFileInfo/LOADING]: Found valid mod file ObsidianUI-forge-0.2.3+mc1.20.1.jar with {obsidianui} mods - versions {0.2.3+mc1.20.1}
[14Sep2025 20:32:43.129] [main/DEBUG] [net.minecraftforge.fml.loading.moddiscovery.ModFileParser/LOADING]: Considering mod file candidate /workspaces/Sever-Prueba-3/servidor_minecraft/mods/oculus-mc1.20.1-1.8.0.jar
[14Sep2025 20:32:43.130] [main/DEBUG] [net.minecraftforge.fml.loading.moddiscovery.ModFileInfo/LOADING]: Found valid mod file oculus-mc1.20.1-1.8.0.jar with {oculus} mods - versions {1.8.0}
[14Sep2025 20:32:43.131] [main/DEBUG] [net.minecraftforge.fml.loading.moddiscovery.ModFileParser/LOADING]: Considering mod file candidate /workspaces/Sever-Prueba-3/servidor_minecraft/mods/pandalib-forge-mc1.20-0.5.2-SNAPSHOT.jar
[14Sep2025 20:32:43.134] [main/DEBUG] [net.minecraftforge.fml.loading.moddiscovery.ModFileInfo/LOADING]: Found valid mod file pandalib-forge-mc1.20-0.5.2-SNAPSHOT.jar with {pandalib} mods - versions {0.5.2}
[14Sep2025 20:32:43.135] [main/DEBUG] [net.minecraftforge.fml.loading.moddiscovery.ModFileParser/LOADING]: Considering mod file candidate /workspaces/Sever-Prueba-3/servidor_minecraft/mods/Paraglider-forge-20.1.3.jar
[14Sep2025 20:32:43.136] [main/DEBUG] [net.minecraftforge.fml.loading.moddiscovery.ModFileInfo/LOADING]: Found valid mod file Paraglider-forge-20.1.3.jar with {paraglider} mods - versions {20.1.3}
[14Sep2025 20:32:43.139] [main/DEBUG] [net.minecraftforge.fml.loading.moddiscovery.ModFileParser/LOADING]: Considering mod file candidate /workspaces/Sever-Prueba-3/servidor_minecraft/mods/Patchouli-1.20.1-84.1-FORGE.jar
[14Sep2025 20:32:43.140] [main/DEBUG] [net.minecraftforge.fml.loading.moddiscovery.ModFileInfo/LOADING]: Found valid mod file Patchouli-1.20.1-84.1-FORGE.jar with {patchouli} mods - versions {1.20.1-84.1-FORGE}
[14Sep2025 20:32:43.141] [main/DEBUG] [net.minecraftforge.fml.loading.moddiscovery.ModFileParser/LOADING]: Considering mod file candidate /workspaces/Sever-Prueba-3/servidor_minecraft/mods/Paxi-1.20-Forge-4.0.jar
[14Sep2025 20:32:43.141] [main/DEBUG] [net.minecraftforge.fml.loading.moddiscovery.ModFileInfo/LOADING]: Found valid mod file Paxi-1.20-Forge-4.0.jar with {paxi} mods - versions {1.20-Forge-4.0}
[14Sep2025 20:32:43.142] [main/DEBUG] [net.minecraftforge.fml.loading.moddiscovery.ModFileParser/LOADING]: Considering mod file candidate /workspaces/Sever-Prueba-3/servidor_minecraft/mods/player-animation-lib-forge-1.0.2-rc1+1.20.jar
[14Sep2025 20:32:43.143] [main/DEBUG] [net.minecraftforge.fml.loading.moddiscovery.ModFileInfo/LOADING]: Found valid mod file player-animation-lib-forge-1.0.2-rc1+1.20.jar with {playeranimator} mods - versions {1.0.2-rc1+1.20}
[14Sep2025 20:32:43.144] [main/DEBUG] [net.minecraftforge.fml.loading.moddiscovery.ModFileParser/LOADING]: Considering mod file candidate /workspaces/Sever-Prueba-3/servidor_minecraft/mods/pointblank-forge-1.20.1-1.9.6.jar
[14Sep2025 20:32:43.145] [main/DEBUG] [net.minecraftforge.fml.loading.moddiscovery.ModFileInfo/LOADING]: Found valid mod file pointblank-forge-1.20.1-1.9.6.jar with {pointblank} mods - versions {1.9.6}
[14Sep2025 20:32:43.157] [main/DEBUG] [net.minecraftforge.fml.loading.moddiscovery.ModFileParser/LOADING]: Considering mod file candidate /workspaces/Sever-Prueba-3/servidor_minecraft/mods/projectvibrantjourneys-1.20.1-6.2.0.jar
[14Sep2025 20:32:43.157] [main/DEBUG] [net.minecraftforge.fml.loading.moddiscovery.ModFileInfo/LOADING]: Found valid mod file projectvibrantjourneys-1.20.1-6.2.0.jar with {projectvibrantjourneys} mods - versions {1.20.1-6.2.0}
[14Sep2025 20:32:43.158] [main/DEBUG] [net.minecraftforge.fml.loading.moddiscovery.ModFileParser/LOADING]: Considering mod file candidate /workspaces/Sever-Prueba-3/servidor_minecraft/mods/RealisticTorches-1.20.1-3.2.0.jar
[14Sep2025 20:32:43.158] [main/DEBUG] [net.minecraftforge.fml.loading.moddiscovery.ModFileInfo/LOADING]: Found valid mod file RealisticTorches-1.20.1-3.2.0.jar with {realistictorches} mods - versions {1.20.1-3.2.0}
[14Sep2025 20:32:43.164] [main/DEBUG] [net.minecraftforge.fml.loading.moddiscovery.ModFileParser/LOADING]: Considering mod file candidate /workspaces/Sever-Prueba-3/servidor_minecraft/mods/realmrpg_skeletons-1.1.0-forge-1.20.1.jar
[14Sep2025 20:32:43.164] [main/DEBUG] [net.minecraftforge.fml.loading.moddiscovery.ModFileInfo/LOADING]: Found valid mod file realmrpg_skeletons-1.1.0-forge-1.20.1.jar with {realmrpg_skeletons} mods - versions {1.1.0}
[14Sep2025 20:32:43.165] [main/DEBUG] [net.minecraftforge.fml.loading.moddiscovery.ModFileParser/LOADING]: Considering mod file candidate /workspaces/Sever-Prueba-3/servidor_minecraft/mods/rubidium-extra-0.5.4.4+mc1.20.1-build.131.jar
[14Sep2025 20:32:43.166] [main/DEBUG] [net.minecraftforge.fml.loading.moddiscovery.ModFileInfo/LOADING]: Found valid mod file rubidium-extra-0.5.4.4+mc1.20.1-build.131.jar with {embeddium_extra} mods - versions {0.5.4.4+mc1.20.1-build.131}
[14Sep2025 20:32:43.166] [main/DEBUG] [net.minecraftforge.fml.loading.moddiscovery.ModFileParser/LOADING]: Considering mod file candidate /workspaces/Sever-Prueba-3/servidor_minecraft/mods/RyoamicLights-forge-0.2.3+mc1.20.1.jar
[14Sep2025 20:32:43.170] [main/DEBUG] [net.minecraftforge.fml.loading.moddiscovery.ModFileInfo/LOADING]: Found valid mod file RyoamicLights-forge-0.2.3+mc1.20.1.jar with {ryoamiclights} mods - versions {0.2.3+mc1.20.1}
[14Sep2025 20:32:43.170] [main/DEBUG] [net.minecraftforge.fml.loading.moddiscovery.ModFileParser/LOADING]: Considering mod file candidate /workspaces/Sever-Prueba-3/servidor_minecraft/mods/SereneSeasons-forge-1.20.1-9.1.0.2.jar
[14Sep2025 20:32:43.174] [main/DEBUG] [net.minecraftforge.fml.loading.moddiscovery.ModFileInfo/LOADING]: Found valid mod file SereneSeasons-forge-1.20.1-9.1.0.2.jar with {sereneseasons} mods - versions {9.1.0.2}
[14Sep2025 20:32:43.177] [main/DEBUG] [net.minecraftforge.fml.loading.moddiscovery.ModFileParser/LOADING]: Considering mod file candidate /workspaces/Sever-Prueba-3/servidor_minecraft/mods/SnowRealMagic-1.20.1-Forge-10.6.5.jar
[14Sep2025 20:32:43.178] [main/DEBUG] [net.minecraftforge.fml.loading.moddiscovery.ModFileInfo/LOADING]: Found valid mod file SnowRealMagic-1.20.1-Forge-10.6.5.jar with {snowrealmagic} mods - versions {10.6.5}
[14Sep2025 20:32:43.178] [main/DEBUG] [net.minecraftforge.fml.loading.moddiscovery.ModFileParser/LOADING]: Considering mod file candidate /workspaces/Sever-Prueba-3/servidor_minecraft/mods/sound-physics-remastered-forge-1.20.1-1.4.15.jar
[14Sep2025 20:32:43.179] [main/DEBUG] [net.minecraftforge.fml.loading.moddiscovery.ModFileInfo/LOADING]: Found valid mod file sound-physics-remastered-forge-1.20.1-1.4.15.jar with {sound_physics_remastered} mods - versions {1.20.1-1.4.15}
[14Sep2025 20:32:43.182] [main/DEBUG] [net.minecraftforge.fml.loading.moddiscovery.ModFileParser/LOADING]: Considering mod file candidate /workspaces/Sever-Prueba-3/servidor_minecraft/mods/starterkit-1.20.1-7.4.jar
[14Sep2025 20:32:43.183] [main/DEBUG] [net.minecraftforge.fml.loading.moddiscovery.ModFileInfo/LOADING]: Found valid mod file starterkit-1.20.1-7.4.jar with {starterkit} mods - versions {7.4}
[14Sep2025 20:32:43.184] [main/DEBUG] [net.minecraftforge.fml.loading.moddiscovery.ModFileParser/LOADING]: Considering mod file candidate /workspaces/Sever-Prueba-3/servidor_minecraft/mods/Structory_1.20.x_v1.3.5.jar
[14Sep2025 20:32:43.187] [main/DEBUG] [net.minecraftforge.fml.loading.moddiscovery.ModFileInfo/LOADING]: Found valid mod file Structory_1.20.x_v1.3.5.jar with {structory} mods - versions {1.3.5}
[14Sep2025 20:32:43.188] [main/DEBUG] [net.minecraftforge.fml.loading.moddiscovery.ModFileParser/LOADING]: Considering mod file candidate /workspaces/Sever-Prueba-3/servidor_minecraft/mods/tenshilib-1.20.1-1.7.6-forge.jar
[14Sep2025 20:32:43.188] [main/DEBUG] [net.minecraftforge.fml.loading.moddiscovery.ModFileInfo/LOADING]: Found valid mod file tenshilib-1.20.1-1.7.6-forge.jar with {tenshilib} mods - versions {1.20.1-1.7.6}
[14Sep2025 20:32:43.194] [main/DEBUG] [net.minecraftforge.fml.loading.moddiscovery.ModFileParser/LOADING]: Considering mod file candidate /workspaces/Sever-Prueba-3/servidor_minecraft/mods/Terralith_1.20.x_v2.5.4.jar
[14Sep2025 20:32:43.195] [main/DEBUG] [net.minecraftforge.fml.loading.moddiscovery.ModFileInfo/LOADING]: Found valid mod file Terralith_1.20.x_v2.5.4.jar with {terralith} mods - versions {2.5.4}
[14Sep2025 20:32:43.196] [main/DEBUG] [net.minecraftforge.fml.loading.moddiscovery.ModFileParser/LOADING]: Considering mod file candidate /workspaces/Sever-Prueba-3/servidor_minecraft/mods/The-Hordes-1.20.1-1.5.4c.jar
[14Sep2025 20:32:43.199] [main/DEBUG] [net.minecraftforge.fml.loading.moddiscovery.ModFileInfo/LOADING]: Found valid mod file The-Hordes-1.20.1-1.5.4c.jar with {hordes} mods - versions {1.5.4c}
[14Sep2025 20:32:43.200] [main/DEBUG] [net.minecraftforge.fml.loading.moddiscovery.ModFileParser/LOADING]: Considering mod file candidate /workspaces/Sever-Prueba-3/servidor_minecraft/mods/ToughAsNails-forge-1.20.1-9.2.0.171.jar
[14Sep2025 20:32:43.201] [main/DEBUG] [net.minecraftforge.fml.loading.moddiscovery.ModFileInfo/LOADING]: Found valid mod file ToughAsNails-forge-1.20.1-9.2.0.171.jar with {toughasnails} mods - versions {9.2.0.171}
[14Sep2025 20:32:43.201] [main/DEBUG] [net.minecraftforge.fml.loading.moddiscovery.ModFileParser/LOADING]: Considering mod file candidate /workspaces/Sever-Prueba-3/servidor_minecraft/mods/visuality-forge-2.0.2.jar
[14Sep2025 20:32:43.202] [main/DEBUG] [net.minecraftforge.fml.loading.moddiscovery.ModFileInfo/LOADING]: Found valid mod file visuality-forge-2.0.2.jar with {visuality} mods - versions {2.0.2}
[14Sep2025 20:32:43.205] [main/DEBUG] [net.minecraftforge.fml.loading.moddiscovery.ModFileParser/LOADING]: Considering mod file candidate /workspaces/Sever-Prueba-3/servidor_minecraft/mods/voicechat-forge-1.20.1-2.5.35.jar
[14Sep2025 20:32:43.206] [main/DEBUG] [net.minecraftforge.fml.loading.moddiscovery.ModFileInfo/LOADING]: Found valid mod file voicechat-forge-1.20.1-2.5.35.jar with {voicechat} mods - versions {1.20.1-2.5.35}
[14Sep2025 20:32:43.207] [main/DEBUG] [net.minecraftforge.fml.loading.moddiscovery.ModFileParser/LOADING]: Considering mod file candidate /workspaces/Sever-Prueba-3/servidor_minecraft/mods/WI-Zoom-1.5-MC1.20.1-Forge.jar
[14Sep2025 20:32:43.211] [main/DEBUG] [net.minecraftforge.fml.loading.moddiscovery.ModFileInfo/LOADING]: Found valid mod file WI-Zoom-1.5-MC1.20.1-Forge.jar with {wi_zoom} mods - versions {1.5-MC1.20.1-Forge}
[14Sep2025 20:32:43.211] [main/DEBUG] [net.minecraftforge.fml.loading.moddiscovery.ModFileParser/LOADING]: Considering mod file candidate /workspaces/Sever-Prueba-3/servidor_minecraft/mods/YeetusExperimentus-Forge-2.3.1-build.6+mc1.20.1.jar
[14Sep2025 20:32:43.212] [main/DEBUG] [net.minecraftforge.fml.loading.moddiscovery.ModFileInfo/LOADING]: Found valid mod file YeetusExperimentus-Forge-2.3.1-build.6+mc1.20.1.jar with {yeetusexperimentus} mods - versions {2.3.1-build.6+mc1.20.1}
[14Sep2025 20:32:43.213] [main/DEBUG] [net.minecraftforge.fml.loading.moddiscovery.ModFileParser/LOADING]: Considering mod file candidate /workspaces/Sever-Prueba-3/servidor_minecraft/mods/yet_another_config_lib_v3-3.6.6+1.20.1-forge.jar
[14Sep2025 20:32:43.216] [main/DEBUG] [net.minecraftforge.fml.loading.moddiscovery.ModFileInfo/LOADING]: Found valid mod file yet_another_config_lib_v3-3.6.6+1.20.1-forge.jar with {yet_another_config_lib_v3} mods - versions {3.6.6+1.20.1-forge}
[14Sep2025 20:32:43.217] [main/DEBUG] [net.minecraftforge.fml.loading.moddiscovery.ModFileParser/LOADING]: Considering mod file candidate /workspaces/Sever-Prueba-3/servidor_minecraft/mods/YungsApi-1.20-Forge-4.0.6.jar
[14Sep2025 20:32:43.217] [main/DEBUG] [net.minecraftforge.fml.loading.moddiscovery.ModFileInfo/LOADING]: Found valid mod file YungsApi-1.20-Forge-4.0.6.jar with {yungsapi} mods - versions {1.20-Forge-4.0.6}
[14Sep2025 20:32:43.218] [main/DEBUG] [net.minecraftforge.fml.loading.moddiscovery.ModFileParser/LOADING]: Considering mod file candidate /workspaces/Sever-Prueba-3/servidor_minecraft/mods/zombieawareness-1.20.1-1.13.1.jar
[14Sep2025 20:32:43.218] [main/DEBUG] [net.minecraftforge.fml.loading.moddiscovery.ModFileInfo/LOADING]: Found valid mod file zombieawareness-1.20.1-1.13.1.jar with {zombieawareness} mods - versions {1.20.1-1.13.1}
[14Sep2025 20:32:43.402] [main/DEBUG] [net.minecraftforge.fml.loading.moddiscovery.ModFileInfo/LOADING]: Found valid mod file server-1.20.1-20230612.114412-srg.jar with {minecraft} mods - versions {1.20.1}
[14Sep2025 20:32:43.404] [main/DEBUG] [net.minecraftforge.fml.loading.moddiscovery.ModFileParser/LOADING]: Considering mod file candidate /workspaces/Sever-Prueba-3/servidor_minecraft/libraries/net/minecraftforge/fmlcore/1.20.1-47.3.7/fmlcore-1.20.1-47.3.7.jar
[14Sep2025 20:32:43.405] [main/WARN] [net.minecraftforge.fml.loading.moddiscovery.ModFileParser/LOADING]: Mod file /workspaces/Sever-Prueba-3/servidor_minecraft/libraries/net/minecraftforge/fmlcore/1.20.1-47.3.7/fmlcore-1.20.1-47.3.7.jar is missing mods.toml file
[14Sep2025 20:32:43.406] [main/DEBUG] [net.minecraftforge.fml.loading.moddiscovery.ModFileParser/LOADING]: Considering mod file candidate /workspaces/Sever-Prueba-3/servidor_minecraft/libraries/net/minecraftforge/javafmllanguage/1.20.1-47.3.7/javafmllanguage-1.20.1-47.3.7.jar
[14Sep2025 20:32:43.406] [main/WARN] [net.minecraftforge.fml.loading.moddiscovery.ModFileParser/LOADING]: Mod file /workspaces/Sever-Prueba-3/servidor_minecraft/libraries/net/minecraftforge/javafmllanguage/1.20.1-47.3.7/javafmllanguage-1.20.1-47.3.7.jar is missing mods.toml file
[14Sep2025 20:32:43.407] [main/DEBUG] [net.minecraftforge.fml.loading.moddiscovery.ModFileParser/LOADING]: Considering mod file candidate /workspaces/Sever-Prueba-3/servidor_minecraft/libraries/net/minecraftforge/lowcodelanguage/1.20.1-47.3.7/lowcodelanguage-1.20.1-47.3.7.jar
[14Sep2025 20:32:43.407] [main/WARN] [net.minecraftforge.fml.loading.moddiscovery.ModFileParser/LOADING]: Mod file /workspaces/Sever-Prueba-3/servidor_minecraft/libraries/net/minecraftforge/lowcodelanguage/1.20.1-47.3.7/lowcodelanguage-1.20.1-47.3.7.jar is missing mods.toml file
[14Sep2025 20:32:43.409] [main/DEBUG] [net.minecraftforge.fml.loading.moddiscovery.ModFileParser/LOADING]: Considering mod file candidate /workspaces/Sever-Prueba-3/servidor_minecraft/libraries/net/minecraftforge/mclanguage/1.20.1-47.3.7/mclanguage-1.20.1-47.3.7.jar
[14Sep2025 20:32:43.411] [main/WARN] [net.minecraftforge.fml.loading.moddiscovery.ModFileParser/LOADING]: Mod file /workspaces/Sever-Prueba-3/servidor_minecraft/libraries/net/minecraftforge/mclanguage/1.20.1-47.3.7/mclanguage-1.20.1-47.3.7.jar is missing mods.toml file
[14Sep2025 20:32:43.487] [main/DEBUG] [net.minecraftforge.fml.loading.moddiscovery.ModFileParser/LOADING]: Considering mod file candidate /workspaces/Sever-Prueba-3/servidor_minecraft/libraries/net/minecraftforge/forge/1.20.1-47.3.7/forge-1.20.1-47.3.7-universal.jar
[14Sep2025 20:32:43.489] [main/DEBUG] [net.minecraftforge.fml.loading.moddiscovery.ModFileInfo/LOADING]: Found valid mod file forge-1.20.1-47.3.7-universal.jar with {forge} mods - versions {47.3.7}
[14Sep2025 20:32:43.510] [main/DEBUG] [net.minecraftforge.fml.loading.moddiscovery.AbstractJarFileDependencyLocator/]: Failed to load resource META-INF/jarjar/metadata.json from fallingtrees-forge-mc1.20-0.13.2-SNAPSHOT.jar, it does not contain dependency information.
[14Sep2025 20:32:43.512] [main/DEBUG] [net.minecraftforge.fml.loading.moddiscovery.AbstractJarFileDependencyLocator/]: Failed to load resource META-INF/jarjar/metadata.json from BHMenu-Forge-1.20.1-2.4.2.jar, it does not contain dependency information.
[14Sep2025 20:32:43.512] [main/DEBUG] [net.minecraftforge.fml.loading.moddiscovery.AbstractJarFileDependencyLocator/]: Failed to load resource META-INF/jarjar/metadata.json from doubledoors-1.20.1-7.1.jar, it does not contain dependency information.
[14Sep2025 20:32:43.512] [main/DEBUG] [net.minecraftforge.fml.loading.moddiscovery.AbstractJarFileDependencyLocator/]: Failed to load resource META-INF/jarjar/metadata.json from WI-Zoom-1.5-MC1.20.1-Forge.jar, it does not contain dependency information.
[14Sep2025 20:32:43.513] [main/DEBUG] [net.minecraftforge.fml.loading.moddiscovery.AbstractJarFileDependencyLocator/]: Failed to load resource META-INF/jarjar/metadata.json from alexsmobs-1.22.9.jar, it does not contain dependency information.
[14Sep2025 20:32:43.513] [main/DEBUG] [net.minecraftforge.fml.loading.moddiscovery.AbstractJarFileDependencyLocator/]: Failed to load resource META-INF/jarjar/metadata.json from butcher-3.6.1-forge-1.20.1.jar, it does not contain dependency information.
[14Sep2025 20:32:43.514] [main/DEBUG] [net.minecraftforge.fml.loading.moddiscovery.AbstractJarFileDependencyLocator/]: Failed to load resource META-INF/jarjar/metadata.json from player-animation-lib-forge-1.0.2-rc1+1.20.jar, it does not contain dependency information.
[14Sep2025 20:32:43.514] [main/DEBUG] [net.minecraftforge.fml.loading.moddiscovery.AbstractJarFileDependencyLocator/]: Failed to load resource META-INF/jarjar/metadata.json from ObsidianUI-forge-0.2.3+mc1.20.1.jar, it does not contain dependency information.
[14Sep2025 20:32:43.515] [main/DEBUG] [net.minecraftforge.fml.loading.moddiscovery.AbstractJarFileDependencyLocator/]: Failed to load resource META-INF/jarjar/metadata.json from dynamiclights-1.20.1.2.jar, it does not contain dependency information.
[14Sep2025 20:32:43.515] [main/DEBUG] [net.minecraftforge.fml.loading.moddiscovery.AbstractJarFileDependencyLocator/]: Failed to load resource META-INF/jarjar/metadata.json from Paxi-1.20-Forge-4.0.jar, it does not contain dependency information.
[14Sep2025 20:32:43.516] [main/DEBUG] [net.minecraftforge.fml.loading.moddiscovery.AbstractJarFileDependencyLocator/]: Failed to load resource META-INF/jarjar/metadata.json from immersive_weathering-1.20.1-2.0.5-forge.jar, it does not contain dependency information.
[14Sep2025 20:32:43.516] [main/DEBUG] [net.minecraftforge.fml.loading.moddiscovery.AbstractJarFileDependencyLocator/]: Failed to load resource META-INF/jarjar/metadata.json from sound-physics-remastered-forge-1.20.1-1.4.15.jar, it does not contain dependency information.
[14Sep2025 20:32:43.516] [main/DEBUG] [net.minecraftforge.fml.loading.moddiscovery.AbstractJarFileDependencyLocator/]: Failed to load resource META-INF/jarjar/metadata.json from realmrpg_skeletons-1.1.0-forge-1.20.1.jar, it does not contain dependency information.
[14Sep2025 20:32:43.516] [main/DEBUG] [net.minecraftforge.fml.loading.moddiscovery.AbstractJarFileDependencyLocator/]: Failed to load resource META-INF/jarjar/metadata.json from marbledsarsenal-1.20.1forge-2.3.0.3.jar, it does not contain dependency information.
[14Sep2025 20:32:43.516] [main/DEBUG] [net.minecraftforge.fml.loading.moddiscovery.AbstractJarFileDependencyLocator/]: Failed to load resource META-INF/jarjar/metadata.json from fallingleaves-1.20.1-2.1.2.jar, it does not contain dependency information.
[14Sep2025 20:32:43.517] [main/DEBUG] [net.minecraftforge.fml.loading.moddiscovery.AbstractJarFileDependencyLocator/]: Failed to load resource META-INF/jarjar/metadata.json from Structory_1.20.x_v1.3.5.jar, it does not contain dependency information.
[14Sep2025 20:32:43.517] [main/DEBUG] [net.minecraftforge.fml.loading.moddiscovery.AbstractJarFileDependencyLocator/]: Failed to load resource META-INF/jarjar/metadata.json from EnhancedVisuals_FORGE_v1.8.2_mc1.20.1.jar, it does not contain dependency information.
[14Sep2025 20:32:43.520] [main/DEBUG] [net.minecraftforge.fml.loading.moddiscovery.AbstractJarFileDependencyLocator/]: Failed to load resource META-INF/jarjar/metadata.json from citadel-2.6.2-1.20.1.jar, it does not contain dependency information.
[14Sep2025 20:32:43.520] [main/DEBUG] [net.minecraftforge.fml.loading.moddiscovery.AbstractJarFileDependencyLocator/]: Failed to load resource META-INF/jarjar/metadata.json from NaturesCompass-1.20.1-1.11.2-forge.jar, it does not contain dependency information.
[14Sep2025 20:32:43.521] [main/DEBUG] [net.minecraftforge.fml.loading.moddiscovery.AbstractJarFileDependencyLocator/]: Failed to load resource META-INF/jarjar/metadata.json from SereneSeasons-forge-1.20.1-9.1.0.2.jar, it does not contain dependency information.
[14Sep2025 20:32:43.521] [main/DEBUG] [net.minecraftforge.fml.loading.moddiscovery.AbstractJarFileDependencyLocator/]: Failed to load resource META-INF/jarjar/metadata.json from configured-forge-1.20.1-2.2.3.jar, it does not contain dependency information.
[14Sep2025 20:32:43.522] [main/DEBUG] [net.minecraftforge.fml.loading.moddiscovery.AbstractJarFileDependencyLocator/]: Failed to load resource META-INF/jarjar/metadata.json from zombieawareness-1.20.1-1.13.1.jar, it does not contain dependency information.
[14Sep2025 20:32:43.522] [main/DEBUG] [net.minecraftforge.fml.loading.moddiscovery.AbstractJarFileDependencyLocator/]: Failed to load resource META-INF/jarjar/metadata.json from YungsApi-1.20-Forge-4.0.6.jar, it does not contain dependency information.
[14Sep2025 20:32:43.522] [main/DEBUG] [net.minecraftforge.fml.loading.moddiscovery.AbstractJarFileDependencyLocator/]: Failed to load resource META-INF/jarjar/metadata.json from mcore-1.20.1-1.0.3.0.jar, it does not contain dependency information.
[14Sep2025 20:32:43.522] [main/DEBUG] [net.minecraftforge.fml.loading.moddiscovery.AbstractJarFileDependencyLocator/]: Failed to load resource META-INF/jarjar/metadata.json from MyServerIsCompatible-1.20-1.0.jar, it does not contain dependency information.
[14Sep2025 20:32:43.523] [main/DEBUG] [net.minecraftforge.fml.loading.moddiscovery.AbstractJarFileDependencyLocator/]: Failed to load resource META-INF/jarjar/metadata.json from GlitchCore-forge-1.20.1-0.0.1.1.jar, it does not contain dependency information.
[14Sep2025 20:32:43.526] [main/DEBUG] [net.minecraftforge.fml.loading.moddiscovery.AbstractJarFileDependencyLocator/]: Failed to load resource META-INF/jarjar/metadata.json from RealisticTorches-1.20.1-3.2.0.jar, it does not contain dependency information.
[14Sep2025 20:32:43.526] [main/DEBUG] [net.minecraftforge.fml.loading.moddiscovery.AbstractJarFileDependencyLocator/]: Failed to load resource META-INF/jarjar/metadata.json from DynamicTreesPlus-1.20.1-1.2.1.jar, it does not contain dependency information.
[14Sep2025 20:32:43.526] [main/DEBUG] [net.minecraftforge.fml.loading.moddiscovery.AbstractJarFileDependencyLocator/]: Failed to load resource META-INF/jarjar/metadata.json from MineTraps-1.20.2-(v.2.3.0a).jar, it does not contain dependency information.
[14Sep2025 20:32:43.526] [main/DEBUG] [net.minecraftforge.fml.loading.moddiscovery.AbstractJarFileDependencyLocator/]: Failed to load resource META-INF/jarjar/metadata.json from Terralith_1.20.x_v2.5.4.jar, it does not contain dependency information.
[14Sep2025 20:32:43.526] [main/DEBUG] [net.minecraftforge.fml.loading.moddiscovery.AbstractJarFileDependencyLocator/]: Failed to load resource META-INF/jarjar/metadata.json from Paraglider-forge-20.1.3.jar, it does not contain dependency information.
[14Sep2025 20:32:43.527] [main/DEBUG] [net.minecraftforge.fml.loading.moddiscovery.AbstractJarFileDependencyLocator/]: Failed to load resource META-INF/jarjar/metadata.json from cloth-config-11.1.136-forge.jar, it does not contain dependency information.
[14Sep2025 20:32:43.527] [main/DEBUG] [net.minecraftforge.fml.loading.moddiscovery.AbstractJarFileDependencyLocator/]: Failed to load resource META-INF/jarjar/metadata.json from forge-1.20.1-47.3.7-universal.jar, it does not contain dependency information.
[14Sep2025 20:32:43.527] [main/DEBUG] [net.minecraftforge.fml.loading.moddiscovery.AbstractJarFileDependencyLocator/]: Failed to load resource META-INF/jarjar/metadata.json from konkrete_forge_1.8.0_MC_1.20-1.20.1.jar, it does not contain dependency information.
[14Sep2025 20:32:43.527] [main/DEBUG] [net.minecraftforge.fml.loading.moddiscovery.AbstractJarFileDependencyLocator/]: Failed to load resource META-INF/jarjar/metadata.json from letsdo-bloomingnature-forge-1.0.12.jar, it does not contain dependency information.
[14Sep2025 20:32:43.528] [main/DEBUG] [net.minecraftforge.fml.loading.moddiscovery.AbstractJarFileDependencyLocator/]: Failed to load resource META-INF/jarjar/metadata.json from server-1.20.1-20230612.114412-srg.jar, it does not contain dependency information.
[14Sep2025 20:32:43.528] [main/DEBUG] [net.minecraftforge.fml.loading.moddiscovery.AbstractJarFileDependencyLocator/]: Failed to load resource META-INF/jarjar/metadata.json from tenshilib-1.20.1-1.7.6-forge.jar, it does not contain dependency information.
[14Sep2025 20:32:43.529] [main/DEBUG] [net.minecraftforge.fml.loading.moddiscovery.AbstractJarFileDependencyLocator/]: Failed to load resource META-INF/jarjar/metadata.json from emi-1.1.22+1.20.1+forge.jar, it does not contain dependency information.
[14Sep2025 20:32:43.529] [main/DEBUG] [net.minecraftforge.fml.loading.moddiscovery.AbstractJarFileDependencyLocator/]: Failed to load resource META-INF/jarjar/metadata.json from combatroll-forge-1.3.3+1.20.1.jar, it does not contain dependency information.
[14Sep2025 20:32:43.529] [main/DEBUG] [net.minecraftforge.fml.loading.moddiscovery.AbstractJarFileDependencyLocator/]: Failed to load resource META-INF/jarjar/metadata.json from voicechat-forge-1.20.1-2.5.35.jar, it does not contain dependency information.
[14Sep2025 20:32:43.530] [main/DEBUG] [net.minecraftforge.fml.loading.moddiscovery.AbstractJarFileDependencyLocator/]: Failed to load resource META-INF/jarjar/metadata.json from AmbientSounds_FORGE_v6.1.11_mc1.20.1.jar, it does not contain dependency information.
[14Sep2025 20:32:43.533] [main/DEBUG] [net.minecraftforge.fml.loading.moddiscovery.AbstractJarFileDependencyLocator/]: Failed to load resource META-INF/jarjar/metadata.json from projectvibrantjourneys-1.20.1-6.2.0.jar, it does not contain dependency information.
[14Sep2025 20:32:43.533] [main/DEBUG] [net.minecraftforge.fml.loading.moddiscovery.AbstractJarFileDependencyLocator/]: Failed to load resource META-INF/jarjar/metadata.json from Jade-1.20.1-Forge-11.13.2.jar, it does not contain dependency information.
[14Sep2025 20:32:43.533] [main/DEBUG] [net.minecraftforge.fml.loading.moddiscovery.AbstractJarFileDependencyLocator/]: Failed to load resource META-INF/jarjar/metadata.json from CreativeCore_FORGE_v2.12.32_mc1.20.1.jar, it does not contain dependency information.
[14Sep2025 20:32:43.533] [main/DEBUG] [net.minecraftforge.fml.loading.moddiscovery.AbstractJarFileDependencyLocator/]: Failed to load resource META-INF/jarjar/metadata.json from pandalib-forge-mc1.20-0.5.2-SNAPSHOT.jar, it does not contain dependency information.
[14Sep2025 20:32:43.533] [main/DEBUG] [net.minecraftforge.fml.loading.moddiscovery.AbstractJarFileDependencyLocator/]: Failed to load resource META-INF/jarjar/metadata.json from Patchouli-1.20.1-84.1-FORGE.jar, it does not contain dependency information.
[14Sep2025 20:32:43.533] [main/DEBUG] [net.minecraftforge.fml.loading.moddiscovery.AbstractJarFileDependencyLocator/]: Failed to load resource META-INF/jarjar/metadata.json from Keerdm Zombie Apocalypse Essentials (TACZ) 1.41.jar, it does not contain dependency information.
[14Sep2025 20:32:43.534] [main/DEBUG] [net.minecraftforge.fml.loading.moddiscovery.AbstractJarFileDependencyLocator/]: Failed to load resource META-INF/jarjar/metadata.json from collective-1.20.1-8.3.jar, it does not contain dependency information.
[14Sep2025 20:32:43.534] [main/DEBUG] [net.minecraftforge.fml.loading.moddiscovery.AbstractJarFileDependencyLocator/]: Failed to load resource META-INF/jarjar/metadata.json from mobsunscreen-forge-1.20.1-3.1.1.jar, it does not contain dependency information.
[14Sep2025 20:32:43.534] [main/DEBUG] [net.minecraftforge.fml.loading.moddiscovery.AbstractJarFileDependencyLocator/]: Failed to load resource META-INF/jarjar/metadata.json from [1.20.1] SecurityCraft v1.10.0.1.jar, it does not contain dependency information.
[14Sep2025 20:32:43.534] [main/DEBUG] [net.minecraftforge.fml.loading.moddiscovery.AbstractJarFileDependencyLocator/]: Failed to load resource META-INF/jarjar/metadata.json from ToughAsNails-forge-1.20.1-9.2.0.171.jar, it does not contain dependency information.
[14Sep2025 20:32:43.534] [main/DEBUG] [net.minecraftforge.fml.loading.moddiscovery.AbstractJarFileDependencyLocator/]: Failed to load resource META-INF/jarjar/metadata.json from lostcities-1.20-7.4.3.jar, it does not contain dependency information.
[14Sep2025 20:32:43.534] [main/DEBUG] [net.minecraftforge.fml.loading.moddiscovery.AbstractJarFileDependencyLocator/]: Failed to load resource META-INF/jarjar/metadata.json from pointblank-forge-1.20.1-1.9.6.jar, it does not contain dependency information.
[14Sep2025 20:32:43.534] [main/DEBUG] [net.minecraftforge.fml.loading.moddiscovery.AbstractJarFileDependencyLocator/]: Failed to load resource META-INF/jarjar/metadata.json from Atlas Lib-1.20.1-1.1.12.jar, it does not contain dependency information.
[14Sep2025 20:32:43.535] [main/DEBUG] [net.minecraftforge.fml.loading.moddiscovery.AbstractJarFileDependencyLocator/]: Failed to load resource META-INF/jarjar/metadata.json from starterkit-1.20.1-7.4.jar, it does not contain dependency information.
[14Sep2025 20:32:43.535] [main/DEBUG] [net.minecraftforge.fml.loading.moddiscovery.AbstractJarFileDependencyLocator/]: Failed to load resource META-INF/jarjar/metadata.json from eatinganimation-1.20.1-5.1.0.jar, it does not contain dependency information.
[14Sep2025 20:32:43.535] [main/DEBUG] [net.minecraftforge.fml.loading.moddiscovery.AbstractJarFileDependencyLocator/]: Failed to load resource META-INF/jarjar/metadata.json from coroutil-forge-1.20.1-1.3.7.jar, it does not contain dependency information.
[14Sep2025 20:32:43.535] [main/DEBUG] [net.minecraftforge.fml.loading.moddiscovery.AbstractJarFileDependencyLocator/]: Failed to load resource META-INF/jarjar/metadata.json from cfm-forge-1.20.1-7.0.0-pre36.jar, it does not contain dependency information.
[14Sep2025 20:32:43.536] [main/DEBUG] [net.minecraftforge.fml.loading.moddiscovery.AbstractJarFileDependencyLocator/]: Failed to load resource META-INF/jarjar/metadata.json from architectury-9.2.14-forge.jar, it does not contain dependency information.
[14Sep2025 20:32:43.536] [main/DEBUG] [net.minecraftforge.fml.loading.moddiscovery.AbstractJarFileDependencyLocator/]: Failed to load resource META-INF/jarjar/metadata.json from moremobvariants-forge+1.20.1-1.3.0.1.jar, it does not contain dependency information.
[14Sep2025 20:32:43.537] [main/DEBUG] [net.minecraftforge.fml.loading.moddiscovery.AbstractJarFileDependencyLocator/]: Failed to load resource META-INF/jarjar/metadata.json from ferritecore-6.0.1-forge.jar, it does not contain dependency information.
[14Sep2025 20:32:43.537] [main/DEBUG] [net.minecraftforge.fml.loading.moddiscovery.AbstractJarFileDependencyLocator/]: Failed to load resource META-INF/jarjar/metadata.json from ItemPhysic_FORGE_v1.8.8_mc1.20.1.jar, it does not contain dependency information.
[14Sep2025 20:32:43.537] [main/DEBUG] [net.minecraftforge.fml.loading.moddiscovery.AbstractJarFileDependencyLocator/]: Failed to load resource META-INF/jarjar/metadata.json from RyoamicLights-forge-0.2.3+mc1.20.1.jar, it does not contain dependency information.
[14Sep2025 20:32:43.540] [main/DEBUG] [net.minecraftforge.fml.loading.moddiscovery.AbstractJarFileDependencyLocator/]: Failed to load resource META-INF/jarjar/metadata.json from improvedmobs-1.20.1-1.13.6-forge.jar, it does not contain dependency information.
[14Sep2025 20:32:43.540] [main/DEBUG] [net.minecraftforge.fml.loading.moddiscovery.AbstractJarFileDependencyLocator/]: Failed to load resource META-INF/jarjar/metadata.json from YeetusExperimentus-Forge-2.3.1-build.6+mc1.20.1.jar, it does not contain dependency information.
[14Sep2025 20:32:43.540] [main/DEBUG] [net.minecraftforge.fml.loading.moddiscovery.AbstractJarFileDependencyLocator/]: Failed to load resource META-INF/jarjar/metadata.json from DynamicTrees-1.20.1-1.4.5.jar, it does not contain dependency information.
[14Sep2025 20:32:43.540] [main/DEBUG] [net.minecraftforge.fml.loading.moddiscovery.AbstractJarFileDependencyLocator/]: Failed to load resource META-INF/jarjar/metadata.json from healingcampfire-1.20.1-6.2.jar, it does not contain dependency information.
[14Sep2025 20:32:43.540] [main/DEBUG] [net.minecraftforge.fml.loading.moddiscovery.AbstractJarFileDependencyLocator/]: Failed to load resource META-INF/jarjar/metadata.json from mclanguage-1.20.1-47.3.7.jar, it does not contain dependency information.
[14Sep2025 20:32:43.540] [main/DEBUG] [net.minecraftforge.fml.loading.moddiscovery.AbstractJarFileDependencyLocator/]: Failed to load resource META-INF/jarjar/metadata.json from javafmllanguage-1.20.1-47.3.7.jar, it does not contain dependency information.
[14Sep2025 20:32:43.541] [main/DEBUG] [net.minecraftforge.fml.loading.moddiscovery.AbstractJarFileDependencyLocator/]: Failed to load resource META-INF/jarjar/metadata.json from fmlcore-1.20.1-47.3.7.jar, it does not contain dependency information.
[14Sep2025 20:32:43.541] [main/DEBUG] [net.minecraftforge.fml.loading.moddiscovery.AbstractJarFileDependencyLocator/]: Failed to load resource META-INF/jarjar/metadata.json from lowcodelanguage-1.20.1-47.3.7.jar, it does not contain dependency information.
[14Sep2025 20:32:43.672] [main/DEBUG] [net.minecraftforge.fml.loading.moddiscovery.ModFileParser/LOADING]: Considering mod file candidate 
[14Sep2025 20:32:43.678] [main/DEBUG] [net.minecraftforge.fml.loading.moddiscovery.ModFileInfo/LOADING]: Found valid mod file mixinextras-forge-0.2.0-beta.6.jar with {mixinextras} mods - versions {0.2.0-beta.6}
[14Sep2025 20:32:43.680] [main/DEBUG] [net.minecraftforge.fml.loading.moddiscovery.ModFileParser/LOADING]: Considering mod file candidate 
[14Sep2025 20:32:43.683] [main/DEBUG] [net.minecraftforge.fml.loading.moddiscovery.ModFileInfo/LOADING]: Found valid mod file mixinextras-forge-0.4.0.jar with {mixinextras} mods - versions {0.4.0}
[14Sep2025 20:32:43.696] [main/DEBUG] [net.minecraftforge.fml.loading.moddiscovery.ModFileParser/LOADING]: Considering mod file candidate 
[14Sep2025 20:32:43.699] [main/DEBUG] [net.minecraftforge.fml.loading.moddiscovery.ModFileInfo/LOADING]: Found valid mod file mixinextras-forge-0.4.1.jar with {mixinextras} mods - versions {0.4.1}
[14Sep2025 20:32:43.701] [main/DEBUG] [net.minecraftforge.fml.loading.moddiscovery.ModFileParser/LOADING]: Considering mod file candidate 
[14Sep2025 20:32:43.705] [main/DEBUG] [net.minecraftforge.fml.loading.moddiscovery.ModFileInfo/LOADING]: Found valid mod file TRansition-1.0.3-1.20.1-forge-SNAPSHOT.jar with {transition} mods - versions {1.0.3}
[14Sep2025 20:32:43.718] [main/DEBUG] [net.minecraftforge.fml.loading.moddiscovery.ModFileParser/LOADING]: Considering mod file candidate 
[14Sep2025 20:32:43.724] [main/DEBUG] [net.minecraftforge.fml.loading.moddiscovery.ModFileInfo/LOADING]: Found valid mod file TRender-1.0.5-1.20.1-forge-SNAPSHOT.jar with {trender} mods - versions {1.0.5}
[14Sep2025 20:32:43.726] [main/DEBUG] [net.minecraftforge.fml.loading.moddiscovery.ModFileParser/LOADING]: Considering mod file candidate 
[14Sep2025 20:32:43.730] [main/DEBUG] [net.minecraftforge.fml.loading.moddiscovery.ModFileInfo/LOADING]: Found valid mod file mixinextras-forge-0.3.6.jar with {mixinextras} mods - versions {0.3.6}
[14Sep2025 20:32:43.790] [main/DEBUG] [net.minecraftforge.fml.loading.moddiscovery.ModFileParser/LOADING]: Considering mod file candidate 
[14Sep2025 20:32:43.791] [main/DEBUG] [net.minecraftforge.fml.loading.moddiscovery.ModFileInfo/LOADING]: Found valid mod file mixinextras-forge-0.3.5.jar with {mixinextras} mods - versions {0.3.5}
[14Sep2025 20:32:43.811] [main/DEBUG] [net.minecraftforge.fml.loading.moddiscovery.ModFileParser/LOADING]: Considering mod file candidate 
[14Sep2025 20:32:43.812] [main/DEBUG] [net.minecraftforge.fml.loading.moddiscovery.ModFileInfo/LOADING]: Found valid mod file architectury-forge-9.2.14.jar with {architectury} mods - versions {9.2.14}
[14Sep2025 20:32:43.818] [main/DEBUG] [net.minecraftforge.fml.loading.moddiscovery.ModFileParser/LOADING]: Considering mod file candidate 
[14Sep2025 20:32:43.820] [main/DEBUG] [net.minecraftforge.fml.loading.moddiscovery.ModFileInfo/LOADING]: Found valid mod file mixinextras-forge-0.4.0.jar with {mixinextras} mods - versions {0.4.0}
[14Sep2025 20:32:43.824] [main/DEBUG] [net.minecraftforge.fml.loading.moddiscovery.ModFileParser/LOADING]: Considering mod file candidate 
[14Sep2025 20:32:43.825] [main/DEBUG] [net.minecraftforge.fml.loading.moddiscovery.ModFileInfo/LOADING]: Found valid mod file mixinextras-forge-0.4.1.jar with {mixinextras} mods - versions {0.4.1}
[14Sep2025 20:32:43.834] [main/DEBUG] [net.minecraftforge.fml.loading.moddiscovery.ModFileParser/LOADING]: Considering mod file candidate 
[14Sep2025 20:32:43.837] [main/DEBUG] [net.minecraftforge.fml.loading.moddiscovery.ModFileInfo/LOADING]: Found valid mod file mixinextras-forge-0.3.5.jar with {mixinextras} mods - versions {0.3.5}
[14Sep2025 20:32:43.845] [main/DEBUG] [net.minecraftforge.fml.loading.moddiscovery.ModFileParser/LOADING]: Considering mod file candidate 
[14Sep2025 20:32:43.848] [main/DEBUG] [net.minecraftforge.fml.loading.moddiscovery.ModFileInfo/LOADING]: Found valid mod file fabric-api-base-0.4.32+ef105b4977.jar with {fabric_api_base} mods - versions {0.4.32+ef105b4977}
[14Sep2025 20:32:43.849] [main/DEBUG] [net.minecraftforge.fml.loading.moddiscovery.ModFileParser/LOADING]: Considering mod file candidate 
[14Sep2025 20:32:43.851] [main/DEBUG] [net.minecraftforge.fml.loading.moddiscovery.ModFileInfo/LOADING]: Found valid mod file fabric-renderer-api-v1-3.2.2+cf68abbe77.jar with {fabric_renderer_api_v1} mods - versions {3.2.2+cf68abbe77}
[14Sep2025 20:32:43.853] [main/DEBUG] [net.minecraftforge.fml.loading.moddiscovery.ModFileParser/LOADING]: Considering mod file candidate 
[14Sep2025 20:32:43.857] [main/DEBUG] [net.minecraftforge.fml.loading.moddiscovery.ModFileInfo/LOADING]: Found valid mod file fabric-renderer-indigo-1.5.3+b5b2da4177.jar with {fabric_renderer_indigo} mods - versions {1.5.3+b5b2da4177}
[14Sep2025 20:32:43.860] [main/DEBUG] [net.minecraftforge.fml.loading.moddiscovery.ModFileParser/LOADING]: Considering mod file candidate 
[14Sep2025 20:32:43.860] [main/DEBUG] [net.minecraftforge.fml.loading.moddiscovery.ModFileInfo/LOADING]: Found valid mod file mixinextras-forge-0.3.2.jar with {mixinextras} mods - versions {0.3.2}
[14Sep2025 20:32:43.891] [main/DEBUG] [net.minecraftforge.fml.loading.moddiscovery.ModFileParser/LOADING]: Considering mod file candidate 
[14Sep2025 20:32:43.892] [main/DEBUG] [net.minecraftforge.fml.loading.moddiscovery.ModFileInfo/LOADING]: Found valid mod file cgl-1.20-forge-0.3.3.jar with {commongroovylibrary} mods - versions {0.3.3}
[14Sep2025 20:32:43.893] [main/DEBUG] [net.minecraftforge.fml.loading.moddiscovery.ModFileParser/LOADING]: Considering mod file candidate 
[14Sep2025 20:32:43.894] [main/DEBUG] [net.minecraftforge.fml.loading.moddiscovery.ModFileInfo/LOADING]: Found valid mod file mod-4.0.11.jar with {gml} mods - versions {4.0.11}
[14Sep2025 20:32:43.954] [main/DEBUG] [net.minecraftforge.fml.loading.moddiscovery.ModFileParser/LOADING]: Considering mod file candidate 
[14Sep2025 20:32:43.955] [main/DEBUG] [net.minecraftforge.fml.loading.moddiscovery.ModFileInfo/LOADING]: Found valid mod file mixinextras-forge-0.3.2.jar with {mixinextras} mods - versions {0.3.2}
[14Sep2025 20:32:43.958] [main/DEBUG] [net.minecraftforge.fml.loading.moddiscovery.ModFileParser/LOADING]: Considering mod file candidate 
[14Sep2025 20:32:43.959] [main/DEBUG] [net.minecraftforge.fml.loading.moddiscovery.ModFileInfo/LOADING]: Found valid mod file mixinextras-forge-0.3.6.jar with {mixinextras} mods - versions {0.3.6}
[14Sep2025 20:32:43.961] [main/DEBUG] [net.minecraftforge.fml.loading.moddiscovery.ModFileParser/LOADING]: Considering mod file candidate 
[14Sep2025 20:32:43.961] [main/DEBUG] [net.minecraftforge.fml.loading.moddiscovery.ModFileInfo/LOADING]: Found valid mod file mixinextras-forge-0.3.5.jar with {mixinextras} mods - versions {0.3.5}
[14Sep2025 20:32:43.966] [main/DEBUG] [net.minecraftforge.fml.loading.moddiscovery.ModFileParser/LOADING]: Considering mod file candidate 
[14Sep2025 20:32:43.967] [main/DEBUG] [net.minecraftforge.fml.loading.moddiscovery.ModFileInfo/LOADING]: Found valid mod file mixinextras-forge-0.4.1.jar with {mixinextras} mods - versions {0.4.1}
[14Sep2025 20:32:43.968] [main/DEBUG] [net.minecraftforge.fml.loading.moddiscovery.ModFileParser/LOADING]: Considering mod file candidate 
[14Sep2025 20:32:43.969] [main/DEBUG] [net.minecraftforge.fml.loading.moddiscovery.ModFileInfo/LOADING]: Found valid mod file mixinextras-forge-0.4.1.jar with {mixinextras} mods - versions {0.4.1}
[14Sep2025 20:32:43.984] [main/DEBUG] [net.minecraftforge.fml.loading.moddiscovery.ModFileParser/LOADING]: Considering mod file candidate 
[14Sep2025 20:32:43.985] [main/DEBUG] [net.minecraftforge.fml.loading.moddiscovery.ModFileInfo/LOADING]: Found valid mod file mixinextras-forge-0.4.1.jar with {mixinextras} mods - versions {0.4.1}
[14Sep2025 20:32:43.987] [main/DEBUG] [net.minecraftforge.fml.loading.moddiscovery.ModFileParser/LOADING]: Considering mod file candidate 
[14Sep2025 20:32:43.987] [main/DEBUG] [net.minecraftforge.fml.loading.moddiscovery.ModFileInfo/LOADING]: Found valid mod file fabric-api-base-0.4.32+ef105b4977.jar with {fabric_api_base} mods - versions {0.4.32+ef105b4977}
[14Sep2025 20:32:43.989] [main/DEBUG] [net.minecraftforge.fml.loading.moddiscovery.ModFileParser/LOADING]: Considering mod file candidate 
[14Sep2025 20:32:43.990] [main/DEBUG] [net.minecraftforge.fml.loading.moddiscovery.ModFileInfo/LOADING]: Found valid mod file fabric-api-lookup-api-v1-1.6.37+67f9824077.jar with {fabric_api_lookup_api_v1} mods - versions {1.6.37+67f9824077}
[14Sep2025 20:32:43.992] [main/DEBUG] [net.minecraftforge.fml.loading.moddiscovery.ModFileParser/LOADING]: Considering mod file candidate 
[14Sep2025 20:32:43.992] [main/DEBUG] [net.minecraftforge.fml.loading.moddiscovery.ModFileInfo/LOADING]: Found valid mod file fabric-biome-api-v1-13.0.14+dc36698e77.jar with {fabric_biome_api_v1} mods - versions {13.0.14+dc36698e77}
[14Sep2025 20:32:43.993] [main/DEBUG] [net.minecraftforge.fml.loading.moddiscovery.ModFileParser/LOADING]: Considering mod file candidate 
[14Sep2025 20:32:43.994] [main/DEBUG] [net.minecraftforge.fml.loading.moddiscovery.ModFileInfo/LOADING]: Found valid mod file fabric-block-api-v1-1.0.12+0e6cb7f777.jar with {fabric_block_api_v1} mods - versions {1.0.12+0e6cb7f777}
[14Sep2025 20:32:43.995] [main/DEBUG] [net.minecraftforge.fml.loading.moddiscovery.ModFileParser/LOADING]: Considering mod file candidate 
[14Sep2025 20:32:43.996] [main/DEBUG] [net.minecraftforge.fml.loading.moddiscovery.ModFileInfo/LOADING]: Found valid mod file fabric-block-view-api-v2-1.0.3+53347ba977.jar with {fabric_block_view_api_v2} mods - versions {1.0.3+53347ba977}
[14Sep2025 20:32:43.997] [main/DEBUG] [net.minecraftforge.fml.loading.moddiscovery.ModFileParser/LOADING]: Considering mod file candidate 
[14Sep2025 20:32:43.998] [main/DEBUG] [net.minecraftforge.fml.loading.moddiscovery.ModFileInfo/LOADING]: Found valid mod file fabric-blockrenderlayer-v1-1.1.42+1d0da21e77.jar with {fabric_blockrenderlayer_v1} mods - versions {1.1.42+1d0da21e77}
[14Sep2025 20:32:43.999] [main/DEBUG] [net.minecraftforge.fml.loading.moddiscovery.ModFileParser/LOADING]: Considering mod file candidate 
[14Sep2025 20:32:43.999] [main/DEBUG] [net.minecraftforge.fml.loading.moddiscovery.ModFileInfo/LOADING]: Found valid mod file fabric-client-tags-api-v1-1.1.3+5d6761b877.jar with {fabric_client_tags_api_v1} mods - versions {1.1.3+5d6761b877}
[14Sep2025 20:32:44.001] [main/DEBUG] [net.minecraftforge.fml.loading.moddiscovery.ModFileParser/LOADING]: Considering mod file candidate 
[14Sep2025 20:32:44.001] [main/DEBUG] [net.minecraftforge.fml.loading.moddiscovery.ModFileInfo/LOADING]: Found valid mod file fabric-command-api-v2-2.2.14+561530ec77.jar with {fabric_command_api_v2} mods - versions {2.2.14+561530ec77}
[14Sep2025 20:32:44.003] [main/DEBUG] [net.minecraftforge.fml.loading.moddiscovery.ModFileParser/LOADING]: Considering mod file candidate 
[14Sep2025 20:32:44.004] [main/DEBUG] [net.minecraftforge.fml.loading.moddiscovery.ModFileInfo/LOADING]: Found valid mod file fabric-content-registries-v0-4.0.13+a670df1e77.jar with {fabric_content_registries_v0} mods - versions {4.0.13+a670df1e77}
[14Sep2025 20:32:44.005] [main/DEBUG] [net.minecraftforge.fml.loading.moddiscovery.ModFileParser/LOADING]: Considering mod file candidate 
[14Sep2025 20:32:44.006] [main/DEBUG] [net.minecraftforge.fml.loading.moddiscovery.ModFileInfo/LOADING]: Found valid mod file fabric-convention-tags-v1-1.5.6+fa3d1c0177.jar with {fabric_convention_tags_v1} mods - versions {1.5.6+fa3d1c0177}
[14Sep2025 20:32:44.007] [main/DEBUG] [net.minecraftforge.fml.loading.moddiscovery.ModFileParser/LOADING]: Considering mod file candidate 
[14Sep2025 20:32:44.008] [main/DEBUG] [net.minecraftforge.fml.loading.moddiscovery.ModFileInfo/LOADING]: Found valid mod file fabric-data-attachment-api-v1-1.0.2+30ef839e77.jar with {fabric_data_attachment_api_v1} mods - versions {1.0.2+30ef839e77}
[14Sep2025 20:32:44.010] [main/DEBUG] [net.minecraftforge.fml.loading.moddiscovery.ModFileParser/LOADING]: Considering mod file candidate 
[14Sep2025 20:32:44.011] [main/DEBUG] [net.minecraftforge.fml.loading.moddiscovery.ModFileInfo/LOADING]: Found valid mod file fabric-data-generation-api-v1-12.3.7+369cb3a477.jar with {fabric_data_generation_api_v1} mods - versions {12.3.7+369cb3a477}
[14Sep2025 20:32:44.012] [main/DEBUG] [net.minecraftforge.fml.loading.moddiscovery.ModFileParser/LOADING]: Considering mod file candidate 
[14Sep2025 20:32:44.012] [main/DEBUG] [net.minecraftforge.fml.loading.moddiscovery.ModFileInfo/LOADING]: Found valid mod file fabric-dimensions-v1-2.1.55+8005d10d77.jar with {fabric_dimensions_v1} mods - versions {2.1.55+8005d10d77}
[14Sep2025 20:32:44.016] [main/DEBUG] [net.minecraftforge.fml.loading.moddiscovery.ModFileParser/LOADING]: Considering mod file candidate 
[14Sep2025 20:32:44.017] [main/DEBUG] [net.minecraftforge.fml.loading.moddiscovery.ModFileInfo/LOADING]: Found valid mod file fabric-entity-events-v1-1.6.1+4ca7515277.jar with {fabric_entity_events_v1} mods - versions {1.6.1+4ca7515277}
[14Sep2025 20:32:44.023] [main/DEBUG] [net.minecraftforge.fml.loading.moddiscovery.ModFileParser/LOADING]: Considering mod file candidate 
[14Sep2025 20:32:44.024] [main/DEBUG] [net.minecraftforge.fml.loading.moddiscovery.ModFileInfo/LOADING]: Found valid mod file fabric-events-interaction-v0-0.6.5+0f26153f77.jar with {fabric_events_interaction_v0} mods - versions {0.6.5+0f26153f77}
[14Sep2025 20:32:44.026] [main/DEBUG] [net.minecraftforge.fml.loading.moddiscovery.ModFileParser/LOADING]: Considering mod file candidate 
[14Sep2025 20:32:44.027] [main/DEBUG] [net.minecraftforge.fml.loading.moddiscovery.ModFileInfo/LOADING]: Found valid mod file fabric-game-rule-api-v1-1.0.41+683d4da877.jar with {fabric_game_rule_api_v1} mods - versions {1.0.41+683d4da877}
[14Sep2025 20:32:44.029] [main/DEBUG] [net.minecraftforge.fml.loading.moddiscovery.ModFileParser/LOADING]: Considering mod file candidate 
[14Sep2025 20:32:44.031] [main/DEBUG] [net.minecraftforge.fml.loading.moddiscovery.ModFileInfo/LOADING]: Found valid mod file fabric-item-api-v1-2.1.29+4d0bbcfa77.jar with {fabric_item_api_v1} mods - versions {2.1.29+4d0bbcfa77}
[14Sep2025 20:32:44.032] [main/DEBUG] [net.minecraftforge.fml.loading.moddiscovery.ModFileParser/LOADING]: Considering mod file candidate 
[14Sep2025 20:32:44.033] [main/DEBUG] [net.minecraftforge.fml.loading.moddiscovery.ModFileInfo/LOADING]: Found valid mod file fabric-item-group-api-v1-4.0.14+c9161c2d77.jar with {fabric_item_group_api_v1} mods - versions {4.0.14+c9161c2d77}
[14Sep2025 20:32:44.034] [main/DEBUG] [net.minecraftforge.fml.loading.moddiscovery.ModFileParser/LOADING]: Considering mod file candidate 
[14Sep2025 20:32:44.035] [main/DEBUG] [net.minecraftforge.fml.loading.moddiscovery.ModFileInfo/LOADING]: Found valid mod file fabric-key-binding-api-v1-1.0.38+561530ec77.jar with {fabric_key_binding_api_v1} mods - versions {1.0.38+561530ec77}
[14Sep2025 20:32:44.040] [main/DEBUG] [net.minecraftforge.fml.loading.moddiscovery.ModFileParser/LOADING]: Considering mod file candidate 
[14Sep2025 20:32:44.040] [main/DEBUG] [net.minecraftforge.fml.loading.moddiscovery.ModFileInfo/LOADING]: Found valid mod file fabric-lifecycle-events-v1-2.2.23+afab492177.jar with {fabric_lifecycle_events_v1} mods - versions {2.2.23+afab492177}
[14Sep2025 20:32:44.041] [main/DEBUG] [net.minecraftforge.fml.loading.moddiscovery.ModFileParser/LOADING]: Considering mod file candidate 
[14Sep2025 20:32:44.045] [main/DEBUG] [net.minecraftforge.fml.loading.moddiscovery.ModFileInfo/LOADING]: Found valid mod file fabric-loot-api-v2-1.2.3+eb28f93e77.jar with {fabric_loot_api_v2} mods - versions {1.2.3+eb28f93e77}
[14Sep2025 20:32:44.046] [main/DEBUG] [net.minecraftforge.fml.loading.moddiscovery.ModFileParser/LOADING]: Considering mod file candidate 
[14Sep2025 20:32:44.050] [main/DEBUG] [net.minecraftforge.fml.loading.moddiscovery.ModFileInfo/LOADING]: Found valid mod file fabric-message-api-v1-5.1.10+52cc178c77.jar with {fabric_message_api_v1} mods - versions {5.1.10+52cc178c77}
[14Sep2025 20:32:44.051] [main/DEBUG] [net.minecraftforge.fml.loading.moddiscovery.ModFileParser/LOADING]: Considering mod file candidate 
[14Sep2025 20:32:44.052] [main/DEBUG] [net.minecraftforge.fml.loading.moddiscovery.ModFileInfo/LOADING]: Found valid mod file fabric-mining-level-api-v1-2.1.52+561530ec77.jar with {fabric_mining_level_api_v1} mods - versions {2.1.52+561530ec77}
[14Sep2025 20:32:44.053] [main/DEBUG] [net.minecraftforge.fml.loading.moddiscovery.ModFileParser/LOADING]: Considering mod file candidate 
[14Sep2025 20:32:44.053] [main/DEBUG] [net.minecraftforge.fml.loading.moddiscovery.ModFileInfo/LOADING]: Found valid mod file fabric-model-loading-api-v1-1.0.4+6274ab9d77.jar with {fabric_model_loading_api_v1} mods - versions {1.0.4+6274ab9d77}
[14Sep2025 20:32:44.060] [main/DEBUG] [net.minecraftforge.fml.loading.moddiscovery.ModFileParser/LOADING]: Considering mod file candidate 
[14Sep2025 20:32:44.062] [main/DEBUG] [net.minecraftforge.fml.loading.moddiscovery.ModFileInfo/LOADING]: Found valid mod file fabric-networking-api-v1-1.3.14+fb7c822677.jar with {fabric_networking_api_v1} mods - versions {1.3.14+fb7c822677}
[14Sep2025 20:32:44.064] [main/DEBUG] [net.minecraftforge.fml.loading.moddiscovery.ModFileParser/LOADING]: Considering mod file candidate 
[14Sep2025 20:32:44.064] [main/DEBUG] [net.minecraftforge.fml.loading.moddiscovery.ModFileInfo/LOADING]: Found valid mod file fabric-object-builder-api-v1-11.1.5+f8c414ce77.jar with {fabric_object_builder_api_v1} mods - versions {11.1.5+f8c414ce77}
[14Sep2025 20:32:44.070] [main/DEBUG] [net.minecraftforge.fml.loading.moddiscovery.ModFileParser/LOADING]: Considering mod file candidate 
[14Sep2025 20:32:44.070] [main/DEBUG] [net.minecraftforge.fml.loading.moddiscovery.ModFileInfo/LOADING]: Found valid mod file fabric-particles-v1-1.1.3+78e1ecb877.jar with {fabric_particles_v1} mods - versions {1.1.3+78e1ecb877}
[14Sep2025 20:32:44.071] [main/DEBUG] [net.minecraftforge.fml.loading.moddiscovery.ModFileParser/LOADING]: Considering mod file candidate 
[14Sep2025 20:32:44.074] [main/DEBUG] [net.minecraftforge.fml.loading.moddiscovery.ModFileInfo/LOADING]: Found valid mod file fabric-recipe-api-v1-1.0.24+514a076577.jar with {fabric_recipe_api_v1} mods - versions {1.0.24+514a076577}
[14Sep2025 20:32:44.076] [main/DEBUG] [net.minecraftforge.fml.loading.moddiscovery.ModFileParser/LOADING]: Considering mod file candidate 
[14Sep2025 20:32:44.079] [main/DEBUG] [net.minecraftforge.fml.loading.moddiscovery.ModFileInfo/LOADING]: Found valid mod file fabric-registry-sync-v0-2.3.6+1c0ea72177.jar with {fabric_registry_sync_v0} mods - versions {2.3.6+1c0ea72177}
[14Sep2025 20:32:44.081] [main/DEBUG] [net.minecraftforge.fml.loading.moddiscovery.ModFileParser/LOADING]: Considering mod file candidate 
[14Sep2025 20:32:44.081] [main/DEBUG] [net.minecraftforge.fml.loading.moddiscovery.ModFileInfo/LOADING]: Found valid mod file fabric-renderer-api-v1-3.2.2+cf68abbe77.jar with {fabric_renderer_api_v1} mods - versions {3.2.2+cf68abbe77}
[14Sep2025 20:32:44.087] [main/DEBUG] [net.minecraftforge.fml.loading.moddiscovery.ModFileParser/LOADING]: Considering mod file candidate 
[14Sep2025 20:32:44.090] [main/DEBUG] [net.minecraftforge.fml.loading.moddiscovery.ModFileInfo/LOADING]: Found valid mod file fabric-renderer-indigo-1.5.3+b5b2da4177.jar with {fabric_renderer_indigo} mods - versions {1.5.3+b5b2da4177}
[14Sep2025 20:32:44.092] [main/DEBUG] [net.minecraftforge.fml.loading.moddiscovery.ModFileParser/LOADING]: Considering mod file candidate 
[14Sep2025 20:32:44.092] [main/DEBUG] [net.minecraftforge.fml.loading.moddiscovery.ModFileInfo/LOADING]: Found valid mod file fabric-rendering-fluids-v1-3.0.29+4ac5e37a77.jar with {fabric_rendering_fluids_v1} mods - versions {3.0.29+4ac5e37a77}
[14Sep2025 20:32:44.097] [main/DEBUG] [net.minecraftforge.fml.loading.moddiscovery.ModFileParser/LOADING]: Considering mod file candidate 
[14Sep2025 20:32:44.097] [main/DEBUG] [net.minecraftforge.fml.loading.moddiscovery.ModFileInfo/LOADING]: Found valid mod file fabric-rendering-v1-3.0.9+66e9a48f77.jar with {fabric_rendering_v1} mods - versions {3.0.9+66e9a48f77}
[14Sep2025 20:32:44.101] [main/DEBUG] [net.minecraftforge.fml.loading.moddiscovery.ModFileParser/LOADING]: Considering mod file candidate 
[14Sep2025 20:32:44.101] [main/DEBUG] [net.minecraftforge.fml.loading.moddiscovery.ModFileInfo/LOADING]: Found valid mod file fabric-resource-conditions-api-v1-2.3.9+996d00b277.jar with {fabric_resource_conditions_api_v1} mods - versions {2.3.9+996d00b277}
[14Sep2025 20:32:44.103] [main/DEBUG] [net.minecraftforge.fml.loading.moddiscovery.ModFileParser/LOADING]: Considering mod file candidate 
[14Sep2025 20:32:44.106] [main/DEBUG] [net.minecraftforge.fml.loading.moddiscovery.ModFileInfo/LOADING]: Found valid mod file fabric-resource-loader-v0-0.11.12+4b4151c077.jar with {fabric_resource_loader_v0} mods - versions {0.11.12+4b4151c077}
[14Sep2025 20:32:44.108] [main/DEBUG] [net.minecraftforge.fml.loading.moddiscovery.ModFileParser/LOADING]: Considering mod file candidate 
[14Sep2025 20:32:44.111] [main/DEBUG] [net.minecraftforge.fml.loading.moddiscovery.ModFileInfo/LOADING]: Found valid mod file fabric-screen-api-v1-2.0.9+45a670a577.jar with {fabric_screen_api_v1} mods - versions {2.0.9+45a670a577}
[14Sep2025 20:32:44.112] [main/DEBUG] [net.minecraftforge.fml.loading.moddiscovery.ModFileParser/LOADING]: Considering mod file candidate 
[14Sep2025 20:32:44.113] [main/DEBUG] [net.minecraftforge.fml.loading.moddiscovery.ModFileInfo/LOADING]: Found valid mod file fabric-screen-handler-api-v1-1.3.33+561530ec77.jar with {fabric_screen_handler_api_v1} mods - versions {1.3.33+561530ec77}
[14Sep2025 20:32:44.114] [main/DEBUG] [net.minecraftforge.fml.loading.moddiscovery.ModFileParser/LOADING]: Considering mod file candidate 
[14Sep2025 20:32:44.117] [main/DEBUG] [net.minecraftforge.fml.loading.moddiscovery.ModFileInfo/LOADING]: Found valid mod file fabric-sound-api-v1-1.0.14+4f23bd8477.jar with {fabric_sound_api_v1} mods - versions {1.0.14+4f23bd8477}
[14Sep2025 20:32:44.124] [main/DEBUG] [net.minecraftforge.fml.loading.moddiscovery.ModFileParser/LOADING]: Considering mod file candidate 
[14Sep2025 20:32:44.125] [main/DEBUG] [net.minecraftforge.fml.loading.moddiscovery.ModFileInfo/LOADING]: Found valid mod file fabric-transfer-api-v1-3.3.6+631c9cd677.jar with {fabric_transfer_api_v1} mods - versions {3.3.6+631c9cd677}
[14Sep2025 20:32:44.126] [main/DEBUG] [net.minecraftforge.fml.loading.moddiscovery.ModFileParser/LOADING]: Considering mod file candidate 
[14Sep2025 20:32:44.129] [main/DEBUG] [net.minecraftforge.fml.loading.moddiscovery.ModFileInfo/LOADING]: Found valid mod file fabric-transitive-access-wideners-v1-4.3.2+1880499877.jar with {fabric_transitive_access_wideners_v1} mods - versions {4.3.2+1880499877}
[14Sep2025 20:32:44.130] [main/DEBUG] [net.minecraftforge.fml.loading.moddiscovery.ModFileParser/LOADING]: Considering mod file candidate 
[14Sep2025 20:32:44.130] [main/DEBUG] [net.minecraftforge.fml.loading.moddiscovery.ModFileInfo/LOADING]: Found valid mod file fabric-command-api-v1-1.2.35+f71b366f77.jar with {fabric_command_api_v1} mods - versions {1.2.35+f71b366f77}
[14Sep2025 20:32:44.131] [main/DEBUG] [net.minecraftforge.fml.loading.moddiscovery.ModFileParser/LOADING]: Considering mod file candidate 
[14Sep2025 20:32:44.135] [main/DEBUG] [net.minecraftforge.fml.loading.moddiscovery.ModFileInfo/LOADING]: Found valid mod file fabric-models-v0-0.4.3+7c3892a477.jar with {fabric_models_v0} mods - versions {0.4.3+7c3892a477}
[14Sep2025 20:32:44.136] [main/DEBUG] [net.minecraftforge.fml.loading.moddiscovery.ModFileParser/LOADING]: Considering mod file candidate 
[14Sep2025 20:32:44.136] [main/DEBUG] [net.minecraftforge.fml.loading.moddiscovery.ModFileInfo/LOADING]: Found valid mod file fabric-rendering-data-attachment-v1-0.3.39+a6081afc77.jar with {fabric_rendering_data_attachment_v1} mods - versions {0.3.39+a6081afc77}
[14Sep2025 20:32:44.155] [main/DEBUG] [net.minecraftforge.fml.loading.moddiscovery.AbstractJarFileDependencyLocator/]: Failed to load resource META-INF/jarjar/metadata.json from httpmime-4.5.10.jar, it does not contain dependency information.
[14Sep2025 20:32:44.166] [main/DEBUG] [net.minecraftforge.fml.loading.moddiscovery.AbstractJarFileDependencyLocator/]: Failed to load resource META-INF/jarjar/metadata.json from TRansition-1.0.3-1.20.1-forge-SNAPSHOT.jar, it does not contain dependency information.
[14Sep2025 20:32:44.167] [main/DEBUG] [net.minecraftforge.fml.loading.moddiscovery.AbstractJarFileDependencyLocator/]: Failed to load resource META-INF/jarjar/metadata.json from TRender-1.0.5-1.20.1-forge-SNAPSHOT.jar, it does not contain dependency information.
[14Sep2025 20:32:44.173] [main/DEBUG] [net.minecraftforge.fml.loading.moddiscovery.AbstractJarFileDependencyLocator/]: Failed to load resource META-INF/jarjar/metadata.json from Reflect-1.3.4.jar, it does not contain dependency information.
[14Sep2025 20:32:44.173] [main/DEBUG] [net.minecraftforge.fml.loading.moddiscovery.AbstractJarFileDependencyLocator/]: Failed to load resource META-INF/jarjar/metadata.json from common-image-3.12.0.jar, it does not contain dependency information.
[14Sep2025 20:32:44.173] [main/DEBUG] [net.minecraftforge.fml.loading.moddiscovery.AbstractJarFileDependencyLocator/]: Failed to load resource META-INF/jarjar/metadata.json from common-io-3.12.0.jar, it does not contain dependency information.
[14Sep2025 20:32:44.173] [main/DEBUG] [net.minecraftforge.fml.loading.moddiscovery.AbstractJarFileDependencyLocator/]: Failed to load resource META-INF/jarjar/metadata.json from common-lang-3.12.0.jar, it does not contain dependency information.
[14Sep2025 20:32:44.173] [main/DEBUG] [net.minecraftforge.fml.loading.moddiscovery.AbstractJarFileDependencyLocator/]: Failed to load resource META-INF/jarjar/metadata.json from imageio-core-3.12.0.jar, it does not contain dependency information.
[14Sep2025 20:32:44.173] [main/DEBUG] [net.minecraftforge.fml.loading.moddiscovery.AbstractJarFileDependencyLocator/]: Failed to load resource META-INF/jarjar/metadata.json from imageio-metadata-3.12.0.jar, it does not contain dependency information.
[14Sep2025 20:32:44.174] [main/DEBUG] [net.minecraftforge.fml.loading.moddiscovery.AbstractJarFileDependencyLocator/]: Failed to load resource META-INF/jarjar/metadata.json from imageio-webp-3.12.0.jar, it does not contain dependency information.
[14Sep2025 20:32:44.174] [main/DEBUG] [net.minecraftforge.fml.loading.moddiscovery.AbstractJarFileDependencyLocator/]: Failed to load resource META-INF/jarjar/metadata.json from gson-0.2.1.jar, it does not contain dependency information.
[14Sep2025 20:32:44.178] [main/DEBUG] [net.minecraftforge.fml.loading.moddiscovery.AbstractJarFileDependencyLocator/]: Failed to load resource META-INF/jarjar/metadata.json from json-0.2.1.jar, it does not contain dependency information.
[14Sep2025 20:32:44.185] [main/DEBUG] [net.minecraftforge.fml.loading.moddiscovery.AbstractJarFileDependencyLocator/]: Failed to load resource META-INF/jarjar/metadata.json from architectury-forge-9.2.14.jar, it does not contain dependency information.
[14Sep2025 20:32:44.201] [main/DEBUG] [net.minecraftforge.fml.loading.moddiscovery.AbstractJarFileDependencyLocator/]: Failed to load resource META-INF/jarjar/metadata.json from NanoLiveConfig-1.2.1.jar, it does not contain dependency information.
[14Sep2025 20:32:44.209] [main/DEBUG] [net.minecraftforge.fml.loading.moddiscovery.AbstractJarFileDependencyLocator/]: Failed to load resource META-INF/jarjar/metadata.json from jcpp-1.4.14.jar, it does not contain dependency information.
[14Sep2025 20:32:44.212] [main/DEBUG] [net.minecraftforge.fml.loading.moddiscovery.AbstractJarFileDependencyLocator/]: Failed to load resource META-INF/jarjar/metadata.json from fabric-api-base-0.4.32+ef105b4977.jar, it does not contain dependency information.
[14Sep2025 20:32:44.212] [main/DEBUG] [net.minecraftforge.fml.loading.moddiscovery.AbstractJarFileDependencyLocator/]: Failed to load resource META-INF/jarjar/metadata.json from fabric-renderer-api-v1-3.2.2+cf68abbe77.jar, it does not contain dependency information.
[14Sep2025 20:32:44.212] [main/DEBUG] [net.minecraftforge.fml.loading.moddiscovery.AbstractJarFileDependencyLocator/]: Failed to load resource META-INF/jarjar/metadata.json from fabric-renderer-indigo-1.5.3+b5b2da4177.jar, it does not contain dependency information.
[14Sep2025 20:32:44.220] [main/DEBUG] [net.minecraftforge.fml.loading.moddiscovery.AbstractJarFileDependencyLocator/]: Failed to load resource META-INF/jarjar/metadata.json from mclib-20.jar, it does not contain dependency information.
[14Sep2025 20:32:44.223] [main/DEBUG] [net.minecraftforge.fml.loading.moddiscovery.AbstractJarFileDependencyLocator/]: Failed to load resource META-INF/jarjar/metadata.json from MathParser.org-mXparser-5.2.1.jar, it does not contain dependency information.
[14Sep2025 20:32:44.223] [main/DEBUG] [net.minecraftforge.fml.loading.moddiscovery.AbstractJarFileDependencyLocator/]: Failed to load resource META-INF/jarjar/metadata.json from srgutils-0.5.4.jar, it does not contain dependency information.
[14Sep2025 20:32:44.226] [main/DEBUG] [net.minecraftforge.fml.loading.moddiscovery.AbstractJarFileDependencyLocator/]: Failed to load resource META-INF/jarjar/metadata.json from mod-4.0.11.jar, it does not contain dependency information.
[14Sep2025 20:32:44.574] [main/DEBUG] [net.minecraftforge.fml.loading.moddiscovery.AbstractJarFileDependencyLocator/]: Failed to load resource META-INF/jarjar/metadata.json from script-mods-4.0.11-all.jar, it does not contain dependency information.
[14Sep2025 20:32:44.583] [main/DEBUG] [net.minecraftforge.fml.loading.moddiscovery.AbstractJarFileDependencyLocator/]: Failed to load resource META-INF/jarjar/metadata.json from runtime-1.0.0+1.20.1.jar, it does not contain dependency information.
[14Sep2025 20:32:44.586] [main/DEBUG] [net.minecraftforge.fml.loading.moddiscovery.AbstractJarFileDependencyLocator/]: Failed to load resource META-INF/jarjar/metadata.json from Connector-1.0.0-beta.46+1.20.1-fabricloader.jar, it does not contain dependency information.
[14Sep2025 20:32:44.607] [main/DEBUG] [net.minecraftforge.fml.loading.moddiscovery.AbstractJarFileDependencyLocator/]: Failed to load resource META-INF/jarjar/metadata.json from japng-0.5.3.jar, it does not contain dependency information.
[14Sep2025 20:32:44.607] [main/DEBUG] [net.minecraftforge.fml.loading.moddiscovery.AbstractJarFileDependencyLocator/]: Failed to load resource META-INF/jarjar/metadata.json from animated-gif-lib-for-java-animated-gif-lib-1.7.jar, it does not contain dependency information.
[14Sep2025 20:32:44.624] [main/DEBUG] [net.minecraftforge.fml.loading.moddiscovery.AbstractJarFileDependencyLocator/]: Failed to load resource META-INF/jarjar/metadata.json from fabric-loader-2.6.0+0.15.0+1.20.1-full.jar, it does not contain dependency information.
[14Sep2025 20:32:44.638] [main/DEBUG] [net.minecraftforge.fml.loading.moddiscovery.AbstractJarFileDependencyLocator/]: Failed to load resource META-INF/jarjar/metadata.json from fabric-api-base-0.4.32+ef105b4977.jar, it does not contain dependency information.
[14Sep2025 20:32:44.638] [main/DEBUG] [net.minecraftforge.fml.loading.moddiscovery.AbstractJarFileDependencyLocator/]: Failed to load resource META-INF/jarjar/metadata.json from fabric-api-lookup-api-v1-1.6.37+67f9824077.jar, it does not contain dependency information.
[14Sep2025 20:32:44.638] [main/DEBUG] [net.minecraftforge.fml.loading.moddiscovery.AbstractJarFileDependencyLocator/]: Failed to load resource META-INF/jarjar/metadata.json from fabric-biome-api-v1-13.0.14+dc36698e77.jar, it does not contain dependency information.
[14Sep2025 20:32:44.638] [main/DEBUG] [net.minecraftforge.fml.loading.moddiscovery.AbstractJarFileDependencyLocator/]: Failed to load resource META-INF/jarjar/metadata.json from fabric-block-api-v1-1.0.12+0e6cb7f777.jar, it does not contain dependency information.
[14Sep2025 20:32:44.638] [main/DEBUG] [net.minecraftforge.fml.loading.moddiscovery.AbstractJarFileDependencyLocator/]: Failed to load resource META-INF/jarjar/metadata.json from fabric-block-view-api-v2-1.0.3+53347ba977.jar, it does not contain dependency information.
[14Sep2025 20:32:44.638] [main/DEBUG] [net.minecraftforge.fml.loading.moddiscovery.AbstractJarFileDependencyLocator/]: Failed to load resource META-INF/jarjar/metadata.json from fabric-blockrenderlayer-v1-1.1.42+1d0da21e77.jar, it does not contain dependency information.
[14Sep2025 20:32:44.638] [main/DEBUG] [net.minecraftforge.fml.loading.moddiscovery.AbstractJarFileDependencyLocator/]: Failed to load resource META-INF/jarjar/metadata.json from fabric-client-tags-api-v1-1.1.3+5d6761b877.jar, it does not contain dependency information.
[14Sep2025 20:32:44.639] [main/DEBUG] [net.minecraftforge.fml.loading.moddiscovery.AbstractJarFileDependencyLocator/]: Failed to load resource META-INF/jarjar/metadata.json from fabric-command-api-v2-2.2.14+561530ec77.jar, it does not contain dependency information.
[14Sep2025 20:32:44.639] [main/DEBUG] [net.minecraftforge.fml.loading.moddiscovery.AbstractJarFileDependencyLocator/]: Failed to load resource META-INF/jarjar/metadata.json from fabric-content-registries-v0-4.0.13+a670df1e77.jar, it does not contain dependency information.
[14Sep2025 20:32:44.639] [main/DEBUG] [net.minecraftforge.fml.loading.moddiscovery.AbstractJarFileDependencyLocator/]: Failed to load resource META-INF/jarjar/metadata.json from fabric-convention-tags-v1-1.5.6+fa3d1c0177.jar, it does not contain dependency information.
[14Sep2025 20:32:44.639] [main/DEBUG] [net.minecraftforge.fml.loading.moddiscovery.AbstractJarFileDependencyLocator/]: Failed to load resource META-INF/jarjar/metadata.json from fabric-data-attachment-api-v1-1.0.2+30ef839e77.jar, it does not contain dependency information.
[14Sep2025 20:32:44.639] [main/DEBUG] [net.minecraftforge.fml.loading.moddiscovery.AbstractJarFileDependencyLocator/]: Failed to load resource META-INF/jarjar/metadata.json from fabric-data-generation-api-v1-12.3.7+369cb3a477.jar, it does not contain dependency information.
[14Sep2025 20:32:44.639] [main/DEBUG] [net.minecraftforge.fml.loading.moddiscovery.AbstractJarFileDependencyLocator/]: Failed to load resource META-INF/jarjar/metadata.json from fabric-dimensions-v1-2.1.55+8005d10d77.jar, it does not contain dependency information.
[14Sep2025 20:32:44.639] [main/DEBUG] [net.minecraftforge.fml.loading.moddiscovery.AbstractJarFileDependencyLocator/]: Failed to load resource META-INF/jarjar/metadata.json from fabric-entity-events-v1-1.6.1+4ca7515277.jar, it does not contain dependency information.
[14Sep2025 20:32:44.639] [main/DEBUG] [net.minecraftforge.fml.loading.moddiscovery.AbstractJarFileDependencyLocator/]: Failed to load resource META-INF/jarjar/metadata.json from fabric-events-interaction-v0-0.6.5+0f26153f77.jar, it does not contain dependency information.
[14Sep2025 20:32:44.639] [main/DEBUG] [net.minecraftforge.fml.loading.moddiscovery.AbstractJarFileDependencyLocator/]: Failed to load resource META-INF/jarjar/metadata.json from fabric-game-rule-api-v1-1.0.41+683d4da877.jar, it does not contain dependency information.
[14Sep2025 20:32:44.640] [main/DEBUG] [net.minecraftforge.fml.loading.moddiscovery.AbstractJarFileDependencyLocator/]: Failed to load resource META-INF/jarjar/metadata.json from fabric-item-api-v1-2.1.29+4d0bbcfa77.jar, it does not contain dependency information.
[14Sep2025 20:32:44.643] [main/DEBUG] [net.minecraftforge.fml.loading.moddiscovery.AbstractJarFileDependencyLocator/]: Failed to load resource META-INF/jarjar/metadata.json from fabric-item-group-api-v1-4.0.14+c9161c2d77.jar, it does not contain dependency information.
[14Sep2025 20:32:44.643] [main/DEBUG] [net.minecraftforge.fml.loading.moddiscovery.AbstractJarFileDependencyLocator/]: Failed to load resource META-INF/jarjar/metadata.json from fabric-key-binding-api-v1-1.0.38+561530ec77.jar, it does not contain dependency information.
[14Sep2025 20:32:44.643] [main/DEBUG] [net.minecraftforge.fml.loading.moddiscovery.AbstractJarFileDependencyLocator/]: Failed to load resource META-INF/jarjar/metadata.json from fabric-lifecycle-events-v1-2.2.23+afab492177.jar, it does not contain dependency information.
[14Sep2025 20:32:44.643] [main/DEBUG] [net.minecraftforge.fml.loading.moddiscovery.AbstractJarFileDependencyLocator/]: Failed to load resource META-INF/jarjar/metadata.json from fabric-loot-api-v2-1.2.3+eb28f93e77.jar, it does not contain dependency information.
[14Sep2025 20:32:44.643] [main/DEBUG] [net.minecraftforge.fml.loading.moddiscovery.AbstractJarFileDependencyLocator/]: Failed to load resource META-INF/jarjar/metadata.json from fabric-message-api-v1-5.1.10+52cc178c77.jar, it does not contain dependency information.
[14Sep2025 20:32:44.643] [main/DEBUG] [net.minecraftforge.fml.loading.moddiscovery.AbstractJarFileDependencyLocator/]: Failed to load resource META-INF/jarjar/metadata.json from fabric-mining-level-api-v1-2.1.52+561530ec77.jar, it does not contain dependency information.
[14Sep2025 20:32:44.643] [main/DEBUG] [net.minecraftforge.fml.loading.moddiscovery.AbstractJarFileDependencyLocator/]: Failed to load resource META-INF/jarjar/metadata.json from fabric-model-loading-api-v1-1.0.4+6274ab9d77.jar, it does not contain dependency information.
[14Sep2025 20:32:44.643] [main/DEBUG] [net.minecraftforge.fml.loading.moddiscovery.AbstractJarFileDependencyLocator/]: Failed to load resource META-INF/jarjar/metadata.json from fabric-networking-api-v1-1.3.14+fb7c822677.jar, it does not contain dependency information.
[14Sep2025 20:32:44.644] [main/DEBUG] [net.minecraftforge.fml.loading.moddiscovery.AbstractJarFileDependencyLocator/]: Failed to load resource META-INF/jarjar/metadata.json from fabric-object-builder-api-v1-11.1.5+f8c414ce77.jar, it does not contain dependency information.
[14Sep2025 20:32:44.644] [main/DEBUG] [net.minecraftforge.fml.loading.moddiscovery.AbstractJarFileDependencyLocator/]: Failed to load resource META-INF/jarjar/metadata.json from fabric-particles-v1-1.1.3+78e1ecb877.jar, it does not contain dependency information.
[14Sep2025 20:32:44.644] [main/DEBUG] [net.minecraftforge.fml.loading.moddiscovery.AbstractJarFileDependencyLocator/]: Failed to load resource META-INF/jarjar/metadata.json from fabric-recipe-api-v1-1.0.24+514a076577.jar, it does not contain dependency information.
[14Sep2025 20:32:44.644] [main/DEBUG] [net.minecraftforge.fml.loading.moddiscovery.AbstractJarFileDependencyLocator/]: Failed to load resource META-INF/jarjar/metadata.json from fabric-registry-sync-v0-2.3.6+1c0ea72177.jar, it does not contain dependency information.
[14Sep2025 20:32:44.644] [main/DEBUG] [net.minecraftforge.fml.loading.moddiscovery.AbstractJarFileDependencyLocator/]: Failed to load resource META-INF/jarjar/metadata.json from fabric-renderer-api-v1-3.2.2+cf68abbe77.jar, it does not contain dependency information.
[14Sep2025 20:32:44.644] [main/DEBUG] [net.minecraftforge.fml.loading.moddiscovery.AbstractJarFileDependencyLocator/]: Failed to load resource META-INF/jarjar/metadata.json from fabric-renderer-indigo-1.5.3+b5b2da4177.jar, it does not contain dependency information.
[14Sep2025 20:32:44.644] [main/DEBUG] [net.minecraftforge.fml.loading.moddiscovery.AbstractJarFileDependencyLocator/]: Failed to load resource META-INF/jarjar/metadata.json from fabric-rendering-fluids-v1-3.0.29+4ac5e37a77.jar, it does not contain dependency information.
[14Sep2025 20:32:44.644] [main/DEBUG] [net.minecraftforge.fml.loading.moddiscovery.AbstractJarFileDependencyLocator/]: Failed to load resource META-INF/jarjar/metadata.json from fabric-rendering-v1-3.0.9+66e9a48f77.jar, it does not contain dependency information.
[14Sep2025 20:32:44.644] [main/DEBUG] [net.minecraftforge.fml.loading.moddiscovery.AbstractJarFileDependencyLocator/]: Failed to load resource META-INF/jarjar/metadata.json from fabric-resource-conditions-api-v1-2.3.9+996d00b277.jar, it does not contain dependency information.
[14Sep2025 20:32:44.644] [main/DEBUG] [net.minecraftforge.fml.loading.moddiscovery.AbstractJarFileDependencyLocator/]: Failed to load resource META-INF/jarjar/metadata.json from fabric-resource-loader-v0-0.11.12+4b4151c077.jar, it does not contain dependency information.
[14Sep2025 20:32:44.645] [main/DEBUG] [net.minecraftforge.fml.loading.moddiscovery.AbstractJarFileDependencyLocator/]: Failed to load resource META-INF/jarjar/metadata.json from fabric-screen-api-v1-2.0.9+45a670a577.jar, it does not contain dependency information.
[14Sep2025 20:32:44.645] [main/DEBUG] [net.minecraftforge.fml.loading.moddiscovery.AbstractJarFileDependencyLocator/]: Failed to load resource META-INF/jarjar/metadata.json from fabric-screen-handler-api-v1-1.3.33+561530ec77.jar, it does not contain dependency information.
[14Sep2025 20:32:44.645] [main/DEBUG] [net.minecraftforge.fml.loading.moddiscovery.AbstractJarFileDependencyLocator/]: Failed to load resource META-INF/jarjar/metadata.json from fabric-sound-api-v1-1.0.14+4f23bd8477.jar, it does not contain dependency information.
[14Sep2025 20:32:44.645] [main/DEBUG] [net.minecraftforge.fml.loading.moddiscovery.AbstractJarFileDependencyLocator/]: Failed to load resource META-INF/jarjar/metadata.json from fabric-transfer-api-v1-3.3.6+631c9cd677.jar, it does not contain dependency information.
[14Sep2025 20:32:44.645] [main/DEBUG] [net.minecraftforge.fml.loading.moddiscovery.AbstractJarFileDependencyLocator/]: Failed to load resource META-INF/jarjar/metadata.json from fabric-transitive-access-wideners-v1-4.3.2+1880499877.jar, it does not contain dependency information.
[14Sep2025 20:32:44.645] [main/DEBUG] [net.minecraftforge.fml.loading.moddiscovery.AbstractJarFileDependencyLocator/]: Failed to load resource META-INF/jarjar/metadata.json from fabric-command-api-v1-1.2.35+f71b366f77.jar, it does not contain dependency information.
[14Sep2025 20:32:44.645] [main/DEBUG] [net.minecraftforge.fml.loading.moddiscovery.AbstractJarFileDependencyLocator/]: Failed to load resource META-INF/jarjar/metadata.json from fabric-models-v0-0.4.3+7c3892a477.jar, it does not contain dependency information.
[14Sep2025 20:32:44.645] [main/DEBUG] [net.minecraftforge.fml.loading.moddiscovery.AbstractJarFileDependencyLocator/]: Failed to load resource META-INF/jarjar/metadata.json from fabric-rendering-data-attachment-v1-0.3.39+a6081afc77.jar, it does not contain dependency information.
[14Sep2025 20:32:44.645] [main/DEBUG] [net.minecraftforge.fml.loading.moddiscovery.AbstractJarFileDependencyLocator/]: Failed to load resource META-INF/jarjar/metadata.json from MixinExtras-0.2.0-beta.6.jar, it does not contain dependency information.
[14Sep2025 20:32:44.645] [main/DEBUG] [net.minecraftforge.fml.loading.moddiscovery.AbstractJarFileDependencyLocator/]: Failed to load resource META-INF/jarjar/metadata.json from MixinExtras-0.4.0.jar, it does not contain dependency information.
[14Sep2025 20:32:44.646] [main/DEBUG] [net.minecraftforge.fml.loading.moddiscovery.AbstractJarFileDependencyLocator/]: Failed to load resource META-INF/jarjar/metadata.json from MixinExtras-0.4.1.jar, it does not contain dependency information.
[14Sep2025 20:32:44.646] [main/DEBUG] [net.minecraftforge.fml.loading.moddiscovery.AbstractJarFileDependencyLocator/]: Failed to load resource META-INF/jarjar/metadata.json from MixinExtras-0.3.6.jar, it does not contain dependency information.
[14Sep2025 20:32:44.649] [main/DEBUG] [net.minecraftforge.fml.loading.moddiscovery.AbstractJarFileDependencyLocator/]: Failed to load resource META-INF/jarjar/metadata.json from MixinExtras-0.3.5.jar, it does not contain dependency information.
[14Sep2025 20:32:44.649] [main/DEBUG] [net.minecraftforge.fml.loading.moddiscovery.AbstractJarFileDependencyLocator/]: Failed to load resource META-INF/jarjar/metadata.json from MixinExtras-0.4.0.jar, it does not contain dependency information.
[14Sep2025 20:32:44.649] [main/DEBUG] [net.minecraftforge.fml.loading.moddiscovery.AbstractJarFileDependencyLocator/]: Failed to load resource META-INF/jarjar/metadata.json from MixinExtras-0.4.1.jar, it does not contain dependency information.
[14Sep2025 20:32:44.649] [main/DEBUG] [net.minecraftforge.fml.loading.moddiscovery.AbstractJarFileDependencyLocator/]: Failed to load resource META-INF/jarjar/metadata.json from MixinExtras-0.3.5.jar, it does not contain dependency information.
[14Sep2025 20:32:44.649] [main/DEBUG] [net.minecraftforge.fml.loading.moddiscovery.AbstractJarFileDependencyLocator/]: Failed to load resource META-INF/jarjar/metadata.json from MixinExtras-0.3.2.jar, it does not contain dependency information.
[14Sep2025 20:32:44.649] [main/DEBUG] [net.minecraftforge.fml.loading.moddiscovery.AbstractJarFileDependencyLocator/]: Failed to load resource META-INF/jarjar/metadata.json from jankson-1.2.2.jar, it does not contain dependency information.
[14Sep2025 20:32:44.649] [main/DEBUG] [net.minecraftforge.fml.loading.moddiscovery.AbstractJarFileDependencyLocator/]: Failed to load resource META-INF/jarjar/metadata.json from jackson-databind-2.15.2.jar, it does not contain dependency information.
[14Sep2025 20:32:44.649] [main/DEBUG] [net.minecraftforge.fml.loading.moddiscovery.AbstractJarFileDependencyLocator/]: Failed to load resource META-INF/jarjar/metadata.json from jackson-core-2.15.2.jar, it does not contain dependency information.
[14Sep2025 20:32:44.650] [main/DEBUG] [net.minecraftforge.fml.loading.moddiscovery.AbstractJarFileDependencyLocator/]: Failed to load resource META-INF/jarjar/metadata.json from jackson-annotations-2.15.2.jar, it does not contain dependency information.
[14Sep2025 20:32:44.650] [main/DEBUG] [net.minecraftforge.fml.loading.moddiscovery.AbstractJarFileDependencyLocator/]: Failed to load resource META-INF/jarjar/metadata.json from jackson-dataformat-toml-2.15.2.jar, it does not contain dependency information.
[14Sep2025 20:32:44.650] [main/DEBUG] [net.minecraftforge.fml.loading.moddiscovery.AbstractJarFileDependencyLocator/]: Failed to load resource META-INF/jarjar/metadata.json from groovy-4.0.13.jar, it does not contain dependency information.
[14Sep2025 20:32:44.650] [main/DEBUG] [net.minecraftforge.fml.loading.moddiscovery.AbstractJarFileDependencyLocator/]: Failed to load resource META-INF/jarjar/metadata.json from groovy-contracts-4.0.13.jar, it does not contain dependency information.
[14Sep2025 20:32:44.650] [main/DEBUG] [net.minecraftforge.fml.loading.moddiscovery.AbstractJarFileDependencyLocator/]: Failed to load resource META-INF/jarjar/metadata.json from groovy-datetime-4.0.13.jar, it does not contain dependency information.
[14Sep2025 20:32:44.650] [main/DEBUG] [net.minecraftforge.fml.loading.moddiscovery.AbstractJarFileDependencyLocator/]: Failed to load resource META-INF/jarjar/metadata.json from groovy-nio-4.0.13.jar, it does not contain dependency information.
[14Sep2025 20:32:44.650] [main/DEBUG] [net.minecraftforge.fml.loading.moddiscovery.AbstractJarFileDependencyLocator/]: Failed to load resource META-INF/jarjar/metadata.json from groovy-macro-4.0.13.jar, it does not contain dependency information.
[14Sep2025 20:32:44.650] [main/DEBUG] [net.minecraftforge.fml.loading.moddiscovery.AbstractJarFileDependencyLocator/]: Failed to load resource META-INF/jarjar/metadata.json from groovy-macro-library-4.0.13.jar, it does not contain dependency information.
[14Sep2025 20:32:44.650] [main/DEBUG] [net.minecraftforge.fml.loading.moddiscovery.AbstractJarFileDependencyLocator/]: Failed to load resource META-INF/jarjar/metadata.json from groovy-templates-4.0.13.jar, it does not contain dependency information.
[14Sep2025 20:32:44.650] [main/DEBUG] [net.minecraftforge.fml.loading.moddiscovery.AbstractJarFileDependencyLocator/]: Failed to load resource META-INF/jarjar/metadata.json from groovy-xml-4.0.13.jar, it does not contain dependency information.
[14Sep2025 20:32:44.650] [main/DEBUG] [net.minecraftforge.fml.loading.moddiscovery.AbstractJarFileDependencyLocator/]: Failed to load resource META-INF/jarjar/metadata.json from groovy-typecheckers-4.0.13.jar, it does not contain dependency information.
[14Sep2025 20:32:44.651] [main/DEBUG] [net.minecraftforge.fml.loading.moddiscovery.AbstractJarFileDependencyLocator/]: Failed to load resource META-INF/jarjar/metadata.json from groovy-dateutil-4.0.13.jar, it does not contain dependency information.
[14Sep2025 20:32:44.651] [main/DEBUG] [net.minecraftforge.fml.loading.moddiscovery.AbstractJarFileDependencyLocator/]: Failed to load resource META-INF/jarjar/metadata.json from groovy-ginq-4.0.13.jar, it does not contain dependency information.
[14Sep2025 20:32:44.651] [main/DEBUG] [net.minecraftforge.fml.loading.moddiscovery.AbstractJarFileDependencyLocator/]: Failed to load resource META-INF/jarjar/metadata.json from groovy-toml-4.0.13.jar, it does not contain dependency information.
[14Sep2025 20:32:44.651] [main/DEBUG] [net.minecraftforge.fml.loading.moddiscovery.AbstractJarFileDependencyLocator/]: Failed to load resource META-INF/jarjar/metadata.json from groovy-json-4.0.13.jar, it does not contain dependency information.
[14Sep2025 20:32:44.651] [main/DEBUG] [net.minecraftforge.fml.loading.moddiscovery.AbstractJarFileDependencyLocator/]: Failed to load resource META-INF/jarjar/metadata.json from MixinExtras-0.3.2.jar, it does not contain dependency information.
[14Sep2025 20:32:44.651] [main/DEBUG] [net.minecraftforge.fml.loading.moddiscovery.AbstractJarFileDependencyLocator/]: Failed to load resource META-INF/jarjar/metadata.json from MixinExtras-0.3.6.jar, it does not contain dependency information.
[14Sep2025 20:32:44.651] [main/DEBUG] [net.minecraftforge.fml.loading.moddiscovery.AbstractJarFileDependencyLocator/]: Failed to load resource META-INF/jarjar/metadata.json from MixinExtras-0.3.5.jar, it does not contain dependency information.
[14Sep2025 20:32:44.651] [main/DEBUG] [net.minecraftforge.fml.loading.moddiscovery.AbstractJarFileDependencyLocator/]: Failed to load resource META-INF/jarjar/metadata.json from MixinExtras-0.4.1.jar, it does not contain dependency information.
[14Sep2025 20:32:44.651] [main/DEBUG] [net.minecraftforge.fml.loading.moddiscovery.AbstractJarFileDependencyLocator/]: Failed to load resource META-INF/jarjar/metadata.json from MixinExtras-0.4.1.jar, it does not contain dependency information.
[14Sep2025 20:32:44.651] [main/DEBUG] [net.minecraftforge.fml.loading.moddiscovery.AbstractJarFileDependencyLocator/]: Failed to load resource META-INF/jarjar/metadata.json from MixinExtras-0.4.1.jar, it does not contain dependency information.
[14Sep2025 20:32:44.696] [main/DEBUG] [net.minecraftforge.fml.loading.moddiscovery.ModFileParser/LOADING]: Considering mod file candidate 
[14Sep2025 20:32:44.697] [main/DEBUG] [net.minecraftforge.fml.loading.moddiscovery.ModFileInfo/LOADING]: Found valid mod file fabric-rendering-v1-3.0.9+66e9a48f77.jar with {fabric_rendering_v1} mods - versions {3.0.9+66e9a48f77}
[14Sep2025 20:32:44.713] [main/DEBUG] [net.minecraftforge.fml.loading.moddiscovery.ModFileParser/LOADING]: Considering mod file candidate 
[14Sep2025 20:32:44.714] [main/DEBUG] [net.minecraftforge.fml.loading.moddiscovery.ModFileInfo/LOADING]: Found valid mod file architectury-forge-9.2.14.jar with {architectury} mods - versions {9.2.14}
[14Sep2025 20:32:44.717] [main/DEBUG] [net.minecraftforge.fml.loading.moddiscovery.ModFileParser/LOADING]: Considering mod file candidate 
[14Sep2025 20:32:44.718] [main/DEBUG] [net.minecraftforge.fml.loading.moddiscovery.ModFileInfo/LOADING]: Found valid mod file fabric-transitive-access-wideners-v1-4.3.2+1880499877.jar with {fabric_transitive_access_wideners_v1} mods - versions {4.3.2+1880499877}
[14Sep2025 20:32:44.754] [main/DEBUG] [net.minecraftforge.fml.loading.moddiscovery.ModFileParser/LOADING]: Considering mod file candidate 
[14Sep2025 20:32:44.755] [main/DEBUG] [net.minecraftforge.fml.loading.moddiscovery.ModFileInfo/LOADING]: Found valid mod file fabric-transfer-api-v1-3.3.6+631c9cd677.jar with {fabric_transfer_api_v1} mods - versions {3.3.6+631c9cd677}
[14Sep2025 20:32:44.769] [main/DEBUG] [net.minecraftforge.fml.loading.moddiscovery.ModFileParser/LOADING]: Considering mod file candidate 
[14Sep2025 20:32:44.769] [main/DEBUG] [net.minecraftforge.fml.loading.moddiscovery.ModFileInfo/LOADING]: Found valid mod file fabric-renderer-indigo-1.5.3+b5b2da4177.jar with {fabric_renderer_indigo} mods - versions {1.5.3+b5b2da4177}
[14Sep2025 20:32:44.772] [main/DEBUG] [net.minecraftforge.fml.loading.moddiscovery.ModFileParser/LOADING]: Considering mod file candidate 
[14Sep2025 20:32:44.773] [main/DEBUG] [net.minecraftforge.fml.loading.moddiscovery.ModFileInfo/LOADING]: Found valid mod file fabric-item-group-api-v1-4.0.14+c9161c2d77.jar with {fabric_item_group_api_v1} mods - versions {4.0.14+c9161c2d77}
[14Sep2025 20:32:44.773] [main/DEBUG] [net.minecraftforge.fml.loading.moddiscovery.ModFileParser/LOADING]: Considering mod file candidate 
[14Sep2025 20:32:44.774] [main/DEBUG] [net.minecraftforge.fml.loading.moddiscovery.ModFileInfo/LOADING]: Found valid mod file fabric-api-base-0.4.32+ef105b4977.jar with {fabric_api_base} mods - versions {0.4.32+ef105b4977}
[14Sep2025 20:32:44.775] [main/DEBUG] [net.minecraftforge.fml.loading.moddiscovery.ModFileParser/LOADING]: Considering mod file candidate 
[14Sep2025 20:32:44.775] [main/DEBUG] [net.minecraftforge.fml.loading.moddiscovery.ModFileInfo/LOADING]: Found valid mod file fabric-client-tags-api-v1-1.1.3+5d6761b877.jar with {fabric_client_tags_api_v1} mods - versions {1.1.3+5d6761b877}
[14Sep2025 20:32:44.777] [main/DEBUG] [net.minecraftforge.fml.loading.moddiscovery.ModFileParser/LOADING]: Considering mod file candidate 
[14Sep2025 20:32:44.777] [main/DEBUG] [net.minecraftforge.fml.loading.moddiscovery.ModFileInfo/LOADING]: Found valid mod file fabric-lifecycle-events-v1-2.2.23+afab492177.jar with {fabric_lifecycle_events_v1} mods - versions {2.2.23+afab492177}
[14Sep2025 20:32:44.779] [main/DEBUG] [net.minecraftforge.fml.loading.moddiscovery.ModFileParser/LOADING]: Considering mod file candidate 
[14Sep2025 20:32:44.779] [main/DEBUG] [net.minecraftforge.fml.loading.moddiscovery.ModFileInfo/LOADING]: Found valid mod file fabric-data-attachment-api-v1-1.0.2+30ef839e77.jar with {fabric_data_attachment_api_v1} mods - versions {1.0.2+30ef839e77}
[14Sep2025 20:32:44.781] [main/DEBUG] [net.minecraftforge.fml.loading.moddiscovery.ModFileParser/LOADING]: Considering mod file candidate 
[14Sep2025 20:32:44.781] [main/DEBUG] [net.minecraftforge.fml.loading.moddiscovery.ModFileInfo/LOADING]: Found valid mod file fabric-data-generation-api-v1-12.3.7+369cb3a477.jar with {fabric_data_generation_api_v1} mods - versions {12.3.7+369cb3a477}
[14Sep2025 20:32:44.908] [main/DEBUG] [net.minecraftforge.fml.loading.moddiscovery.ModFileParser/LOADING]: Considering mod file candidate 
[14Sep2025 20:32:44.908] [main/DEBUG] [net.minecraftforge.fml.loading.moddiscovery.ModFileInfo/LOADING]: Found valid mod file TRender-1.0.5-1.20.1-forge-SNAPSHOT.jar with {trender} mods - versions {1.0.5}
[14Sep2025 20:32:44.909] [main/DEBUG] [net.minecraftforge.fml.loading.moddiscovery.ModFileParser/LOADING]: Considering mod file candidate 
[14Sep2025 20:32:44.909] [main/DEBUG] [net.minecraftforge.fml.loading.moddiscovery.ModFileInfo/LOADING]: Found valid mod file fabric-command-api-v1-1.2.35+f71b366f77.jar with {fabric_command_api_v1} mods - versions {1.2.35+f71b366f77}
[14Sep2025 20:32:44.911] [main/DEBUG] [net.minecraftforge.fml.loading.moddiscovery.ModFileParser/LOADING]: Considering mod file candidate 
[14Sep2025 20:32:44.912] [main/DEBUG] [net.minecraftforge.fml.loading.moddiscovery.ModFileInfo/LOADING]: Found valid mod file fabric-block-api-v1-1.0.12+0e6cb7f777.jar with {fabric_block_api_v1} mods - versions {1.0.12+0e6cb7f777}
[14Sep2025 20:32:44.912] [main/DEBUG] [net.minecraftforge.fml.loading.moddiscovery.ModFileParser/LOADING]: Considering mod file candidate 
[14Sep2025 20:32:44.913] [main/DEBUG] [net.minecraftforge.fml.loading.moddiscovery.ModFileInfo/LOADING]: Found valid mod file fabric-dimensions-v1-2.1.55+8005d10d77.jar with {fabric_dimensions_v1} mods - versions {2.1.55+8005d10d77}
[14Sep2025 20:32:44.914] [main/DEBUG] [net.minecraftforge.fml.loading.moddiscovery.ModFileParser/LOADING]: Considering mod file candidate 
[14Sep2025 20:32:44.914] [main/DEBUG] [net.minecraftforge.fml.loading.moddiscovery.ModFileInfo/LOADING]: Found valid mod file fabric-object-builder-api-v1-11.1.5+f8c414ce77.jar with {fabric_object_builder_api_v1} mods - versions {11.1.5+f8c414ce77}
[14Sep2025 20:32:44.920] [main/DEBUG] [net.minecraftforge.fml.loading.moddiscovery.ModFileParser/LOADING]: Considering mod file candidate 
[14Sep2025 20:32:44.921] [main/DEBUG] [net.minecraftforge.fml.loading.moddiscovery.ModFileInfo/LOADING]: Found valid mod file fabric-sound-api-v1-1.0.14+4f23bd8477.jar with {fabric_sound_api_v1} mods - versions {1.0.14+4f23bd8477}
[14Sep2025 20:32:44.923] [main/DEBUG] [net.minecraftforge.fml.loading.moddiscovery.ModFileParser/LOADING]: Considering mod file candidate 
[14Sep2025 20:32:44.924] [main/DEBUG] [net.minecraftforge.fml.loading.moddiscovery.ModFileInfo/LOADING]: Found valid mod file fabric-networking-api-v1-1.3.14+fb7c822677.jar with {fabric_networking_api_v1} mods - versions {1.3.14+fb7c822677}
[14Sep2025 20:32:44.941] [main/DEBUG] [net.minecraftforge.fml.loading.moddiscovery.ModFileParser/LOADING]: Considering mod file candidate 
[14Sep2025 20:32:44.946] [main/DEBUG] [net.minecraftforge.fml.loading.moddiscovery.ModFileInfo/LOADING]: Found valid mod file cgl-1.20-forge-0.3.3.jar with {commongroovylibrary} mods - versions {0.3.3}
[14Sep2025 20:32:44.950] [main/DEBUG] [net.minecraftforge.fml.loading.moddiscovery.ModFileParser/LOADING]: Considering mod file candidate 
[14Sep2025 20:32:44.955] [main/DEBUG] [net.minecraftforge.fml.loading.moddiscovery.ModFileInfo/LOADING]: Found valid mod file fabric-blockrenderlayer-v1-1.1.42+1d0da21e77.jar with {fabric_blockrenderlayer_v1} mods - versions {1.1.42+1d0da21e77}
[14Sep2025 20:32:44.961] [main/DEBUG] [net.minecraftforge.fml.loading.moddiscovery.ModFileParser/LOADING]: Considering mod file candidate 
[14Sep2025 20:32:44.962] [main/DEBUG] [net.minecraftforge.fml.loading.moddiscovery.ModFileInfo/LOADING]: Found valid mod file fabric-command-api-v2-2.2.14+561530ec77.jar with {fabric_command_api_v2} mods - versions {2.2.14+561530ec77}
[14Sep2025 20:32:44.968] [main/DEBUG] [net.minecraftforge.fml.loading.moddiscovery.ModFileParser/LOADING]: Considering mod file candidate 
[14Sep2025 20:32:44.969] [main/DEBUG] [net.minecraftforge.fml.loading.moddiscovery.ModFileInfo/LOADING]: Found valid mod file fabric-model-loading-api-v1-1.0.4+6274ab9d77.jar with {fabric_model_loading_api_v1} mods - versions {1.0.4+6274ab9d77}
[14Sep2025 20:32:44.970] [main/DEBUG] [net.minecraftforge.fml.loading.moddiscovery.ModFileParser/LOADING]: Considering mod file candidate 
[14Sep2025 20:32:44.972] [main/DEBUG] [net.minecraftforge.fml.loading.moddiscovery.ModFileInfo/LOADING]: Found valid mod file TRansition-1.0.3-1.20.1-forge-SNAPSHOT.jar with {transition} mods - versions {1.0.3}
[14Sep2025 20:32:44.976] [main/DEBUG] [net.minecraftforge.fml.loading.moddiscovery.ModFileParser/LOADING]: Considering mod file candidate 
[14Sep2025 20:32:44.977] [main/DEBUG] [net.minecraftforge.fml.loading.moddiscovery.ModFileInfo/LOADING]: Found valid mod file fabric-resource-conditions-api-v1-2.3.9+996d00b277.jar with {fabric_resource_conditions_api_v1} mods - versions {2.3.9+996d00b277}
[14Sep2025 20:32:44.989] [main/DEBUG] [net.minecraftforge.fml.loading.moddiscovery.ModFileParser/LOADING]: Considering mod file candidate 
[14Sep2025 20:32:44.992] [main/DEBUG] [net.minecraftforge.fml.loading.moddiscovery.ModFileInfo/LOADING]: Found valid mod file fabric-renderer-api-v1-3.2.2+cf68abbe77.jar with {fabric_renderer_api_v1} mods - versions {3.2.2+cf68abbe77}
[14Sep2025 20:32:45.008] [main/DEBUG] [net.minecraftforge.fml.loading.moddiscovery.ModFileParser/LOADING]: Considering mod file candidate 
[14Sep2025 20:32:45.009] [main/DEBUG] [net.minecraftforge.fml.loading.moddiscovery.ModFileInfo/LOADING]: Found valid mod file fabric-key-binding-api-v1-1.0.38+561530ec77.jar with {fabric_key_binding_api_v1} mods - versions {1.0.38+561530ec77}
[14Sep2025 20:32:45.011] [main/DEBUG] [net.minecraftforge.fml.loading.moddiscovery.ModFileParser/LOADING]: Considering mod file candidate 
[14Sep2025 20:32:45.012] [main/DEBUG] [net.minecraftforge.fml.loading.moddiscovery.ModFileInfo/LOADING]: Found valid mod file fabric-biome-api-v1-13.0.14+dc36698e77.jar with {fabric_biome_api_v1} mods - versions {13.0.14+dc36698e77}
[14Sep2025 20:32:45.013] [main/DEBUG] [net.minecraftforge.fml.loading.moddiscovery.ModFileParser/LOADING]: Considering mod file candidate 
[14Sep2025 20:32:45.013] [main/DEBUG] [net.minecraftforge.fml.loading.moddiscovery.ModFileInfo/LOADING]: Found valid mod file mixinextras-forge-0.2.0-beta.6.jar with {mixinextras} mods - versions {0.2.0-beta.6}
[14Sep2025 20:32:45.018] [main/DEBUG] [net.minecraftforge.fml.loading.moddiscovery.ModFileParser/LOADING]: Considering mod file candidate 
[14Sep2025 20:32:45.019] [main/DEBUG] [net.minecraftforge.fml.loading.moddiscovery.ModFileInfo/LOADING]: Found valid mod file fabric-mining-level-api-v1-2.1.52+561530ec77.jar with {fabric_mining_level_api_v1} mods - versions {2.1.52+561530ec77}
[14Sep2025 20:32:45.020] [main/DEBUG] [net.minecraftforge.fml.loading.moddiscovery.ModFileParser/LOADING]: Considering mod file candidate 
[14Sep2025 20:32:45.024] [main/DEBUG] [net.minecraftforge.fml.loading.moddiscovery.ModFileInfo/LOADING]: Found valid mod file fabric-message-api-v1-5.1.10+52cc178c77.jar with {fabric_message_api_v1} mods - versions {5.1.10+52cc178c77}
[14Sep2025 20:32:45.027] [main/DEBUG] [net.minecraftforge.fml.loading.moddiscovery.ModFileParser/LOADING]: Considering mod file candidate 
[14Sep2025 20:32:45.028] [main/DEBUG] [net.minecraftforge.fml.loading.moddiscovery.ModFileInfo/LOADING]: Found valid mod file fabric-loot-api-v2-1.2.3+eb28f93e77.jar with {fabric_loot_api_v2} mods - versions {1.2.3+eb28f93e77}
[14Sep2025 20:32:45.061] [main/DEBUG] [net.minecraftforge.fml.loading.moddiscovery.ModFileParser/LOADING]: Considering mod file candidate 
[14Sep2025 20:32:45.061] [main/DEBUG] [net.minecraftforge.fml.loading.moddiscovery.ModFileInfo/LOADING]: Found valid mod file fabric-api-lookup-api-v1-1.6.37+67f9824077.jar with {fabric_api_lookup_api_v1} mods - versions {1.6.37+67f9824077}
[14Sep2025 20:32:45.064] [main/DEBUG] [net.minecraftforge.fml.loading.moddiscovery.ModFileParser/LOADING]: Considering mod file candidate 
[14Sep2025 20:32:45.065] [main/DEBUG] [net.minecraftforge.fml.loading.moddiscovery.ModFileInfo/LOADING]: Found valid mod file fabric-resource-loader-v0-0.11.12+4b4151c077.jar with {fabric_resource_loader_v0} mods - versions {0.11.12+4b4151c077}
[14Sep2025 20:32:45.094] [main/DEBUG] [net.minecraftforge.fml.loading.moddiscovery.ModFileParser/LOADING]: Considering mod file candidate 
[14Sep2025 20:32:45.095] [main/DEBUG] [net.minecraftforge.fml.loading.moddiscovery.ModFileInfo/LOADING]: Found valid mod file fabric-recipe-api-v1-1.0.24+514a076577.jar with {fabric_recipe_api_v1} mods - versions {1.0.24+514a076577}
[14Sep2025 20:32:45.097] [main/DEBUG] [net.minecraftforge.fml.loading.moddiscovery.ModFileParser/LOADING]: Considering mod file candidate 
[14Sep2025 20:32:45.098] [main/DEBUG] [net.minecraftforge.fml.loading.moddiscovery.ModFileInfo/LOADING]: Found valid mod file fabric-registry-sync-v0-2.3.6+1c0ea72177.jar with {fabric_registry_sync_v0} mods - versions {2.3.6+1c0ea72177}
[14Sep2025 20:32:45.098] [main/DEBUG] [net.minecraftforge.fml.loading.moddiscovery.ModFileParser/LOADING]: Considering mod file candidate 
[14Sep2025 20:32:45.099] [main/DEBUG] [net.minecraftforge.fml.loading.moddiscovery.ModFileInfo/LOADING]: Found valid mod file fabric-models-v0-0.4.3+7c3892a477.jar with {fabric_models_v0} mods - versions {0.4.3+7c3892a477}
[14Sep2025 20:32:45.105] [main/DEBUG] [net.minecraftforge.fml.loading.moddiscovery.ModFileParser/LOADING]: Considering mod file candidate 
[14Sep2025 20:32:45.105] [main/DEBUG] [net.minecraftforge.fml.loading.moddiscovery.ModFileInfo/LOADING]: Found valid mod file fabric-entity-events-v1-1.6.1+4ca7515277.jar with {fabric_entity_events_v1} mods - versions {1.6.1+4ca7515277}
[14Sep2025 20:32:45.106] [main/DEBUG] [net.minecraftforge.fml.loading.moddiscovery.ModFileParser/LOADING]: Considering mod file candidate 
[14Sep2025 20:32:45.110] [main/DEBUG] [net.minecraftforge.fml.loading.moddiscovery.ModFileInfo/LOADING]: Found valid mod file fabric-convention-tags-v1-1.5.6+fa3d1c0177.jar with {fabric_convention_tags_v1} mods - versions {1.5.6+fa3d1c0177}
[14Sep2025 20:32:45.111] [main/DEBUG] [net.minecraftforge.fml.loading.moddiscovery.ModFileParser/LOADING]: Considering mod file candidate 
[14Sep2025 20:32:45.112] [main/DEBUG] [net.minecraftforge.fml.loading.moddiscovery.ModFileInfo/LOADING]: Found valid mod file fabric-content-registries-v0-4.0.13+a670df1e77.jar with {fabric_content_registries_v0} mods - versions {4.0.13+a670df1e77}
[14Sep2025 20:32:45.112] [main/DEBUG] [net.minecraftforge.fml.loading.moddiscovery.ModFileParser/LOADING]: Considering mod file candidate 
[14Sep2025 20:32:45.113] [main/DEBUG] [net.minecraftforge.fml.loading.moddiscovery.ModFileInfo/LOADING]: Found valid mod file fabric-screen-api-v1-2.0.9+45a670a577.jar with {fabric_screen_api_v1} mods - versions {2.0.9+45a670a577}
[14Sep2025 20:32:45.114] [main/DEBUG] [net.minecraftforge.fml.loading.moddiscovery.ModFileParser/LOADING]: Considering mod file candidate 
[14Sep2025 20:32:45.114] [main/DEBUG] [net.minecraftforge.fml.loading.moddiscovery.ModFileInfo/LOADING]: Found valid mod file fabric-screen-handler-api-v1-1.3.33+561530ec77.jar with {fabric_screen_handler_api_v1} mods - versions {1.3.33+561530ec77}
[14Sep2025 20:32:45.115] [main/DEBUG] [net.minecraftforge.fml.loading.moddiscovery.ModFileParser/LOADING]: Considering mod file candidate 
[14Sep2025 20:32:45.115] [main/DEBUG] [net.minecraftforge.fml.loading.moddiscovery.ModFileInfo/LOADING]: Found valid mod file fabric-rendering-data-attachment-v1-0.3.39+a6081afc77.jar with {fabric_rendering_data_attachment_v1} mods - versions {0.3.39+a6081afc77}
[14Sep2025 20:32:45.116] [main/DEBUG] [net.minecraftforge.fml.loading.moddiscovery.ModFileParser/LOADING]: Considering mod file candidate 
[14Sep2025 20:32:45.116] [main/DEBUG] [net.minecraftforge.fml.loading.moddiscovery.ModFileInfo/LOADING]: Found valid mod file fabric-block-view-api-v2-1.0.3+53347ba977.jar with {fabric_block_view_api_v2} mods - versions {1.0.3+53347ba977}
[14Sep2025 20:32:45.117] [main/DEBUG] [net.minecraftforge.fml.loading.moddiscovery.ModFileParser/LOADING]: Considering mod file candidate 
[14Sep2025 20:32:45.118] [main/DEBUG] [net.minecraftforge.fml.loading.moddiscovery.ModFileInfo/LOADING]: Found valid mod file fabric-item-api-v1-2.1.29+4d0bbcfa77.jar with {fabric_item_api_v1} mods - versions {2.1.29+4d0bbcfa77}
[14Sep2025 20:32:45.119] [main/DEBUG] [net.minecraftforge.fml.loading.moddiscovery.ModFileParser/LOADING]: Considering mod file candidate 
[14Sep2025 20:32:45.119] [main/DEBUG] [net.minecraftforge.fml.loading.moddiscovery.ModFileInfo/LOADING]: Found valid mod file mod-4.0.11.jar with {gml} mods - versions {4.0.11}
[14Sep2025 20:32:45.120] [main/DEBUG] [net.minecraftforge.fml.loading.moddiscovery.ModFileParser/LOADING]: Considering mod file candidate 
[14Sep2025 20:32:45.121] [main/DEBUG] [net.minecraftforge.fml.loading.moddiscovery.ModFileInfo/LOADING]: Found valid mod file fabric-game-rule-api-v1-1.0.41+683d4da877.jar with {fabric_game_rule_api_v1} mods - versions {1.0.41+683d4da877}
[14Sep2025 20:32:45.145] [main/DEBUG] [net.minecraftforge.fml.loading.moddiscovery.ModFileParser/LOADING]: Considering mod file candidate 
[14Sep2025 20:32:45.146] [main/DEBUG] [net.minecraftforge.fml.loading.moddiscovery.ModFileInfo/LOADING]: Found valid mod file fabric-events-interaction-v0-0.6.5+0f26153f77.jar with {fabric_events_interaction_v0} mods - versions {0.6.5+0f26153f77}
[14Sep2025 20:32:45.151] [main/DEBUG] [net.minecraftforge.fml.loading.moddiscovery.ModFileParser/LOADING]: Considering mod file candidate 
[14Sep2025 20:32:45.151] [main/DEBUG] [net.minecraftforge.fml.loading.moddiscovery.ModFileInfo/LOADING]: Found valid mod file mixinextras-forge-0.4.1.jar with {mixinextras} mods - versions {0.4.1}
[14Sep2025 20:32:45.152] [main/DEBUG] [net.minecraftforge.fml.loading.moddiscovery.ModFileParser/LOADING]: Considering mod file candidate 
[14Sep2025 20:32:45.153] [main/DEBUG] [net.minecraftforge.fml.loading.moddiscovery.ModFileInfo/LOADING]: Found valid mod file fabric-particles-v1-1.1.3+78e1ecb877.jar with {fabric_particles_v1} mods - versions {1.1.3+78e1ecb877}
[14Sep2025 20:32:45.155] [main/DEBUG] [net.minecraftforge.fml.loading.moddiscovery.ModFileParser/LOADING]: Considering mod file candidate 
[14Sep2025 20:32:45.156] [main/DEBUG] [net.minecraftforge.fml.loading.moddiscovery.ModFileInfo/LOADING]: Found valid mod file fabric-rendering-fluids-v1-3.0.29+4ac5e37a77.jar with {fabric_rendering_fluids_v1} mods - versions {3.0.29+4ac5e37a77}
[14Sep2025 20:32:45.166] [main/WARN] [net.minecraftforge.jarjar.selection.JarSelector/]: Attempted to select two dependency jars from JarJar which have the same identification: Mod File:  and Mod File: . Using Mod File: 
[14Sep2025 20:32:45.169] [main/WARN] [net.minecraftforge.jarjar.selection.JarSelector/]: Attempted to select a dependency jar for JarJar which was passed in as source: architectury. Using Mod File: /workspaces/Sever-Prueba-3/servidor_minecraft/mods/architectury-9.2.14-forge.jar
[14Sep2025 20:32:45.170] [main/INFO] [net.minecraftforge.fml.loading.moddiscovery.JarInJarDependencyLocator/]: Found 88 dependencies adding them to mods collection
[14Sep2025 20:32:46.098] [main/INFO] [org.sinytra.connector.locator.DependencyResolver/]: Dependency resolution found 2 candidates to load
[14Sep2025 20:32:47.232] [main/DEBUG] [net.minecraftforge.fml.loading.moddiscovery.ModFileParser/LOADING]: Found coremod field_to_method with Javascript path coremods/field_to_method.js
[14Sep2025 20:32:47.232] [main/DEBUG] [net.minecraftforge.fml.loading.moddiscovery.ModFileParser/LOADING]: Found coremod field_to_instanceof with Javascript path coremods/field_to_instanceof.js
[14Sep2025 20:32:47.232] [main/DEBUG] [net.minecraftforge.fml.loading.moddiscovery.ModFileParser/LOADING]: Found coremod add_bouncer_method with Javascript path coremods/add_bouncer_method.js
[14Sep2025 20:32:47.232] [main/DEBUG] [net.minecraftforge.fml.loading.moddiscovery.ModFileParser/LOADING]: Found coremod method_redirector with Javascript path coremods/method_redirector.js
[14Sep2025 20:32:47.520] [main/DEBUG] [net.minecraftforge.fml.loading.moddiscovery.ModFileParser/LOADING]: Found coremod injectCreativeModeTabCtr with Javascript path META-INF/asm/injectCreativeModeTabCtr.js
[14Sep2025 20:32:47.525] [main/DEBUG] [net.minecraftforge.fml.loading.moddiscovery.ModFileParser/LOADING]: Found coremod injectFabricASM with Javascript path META-INF/asm/injectFabricASM.js
[14Sep2025 20:32:47.525] [main/DEBUG] [net.minecraftforge.fml.loading.moddiscovery.ModFileParser/LOADING]: Found coremod updateItemUseStartTreshold with Javascript path META-INF/asm/updateItemUseStartTreshold.js
[14Sep2025 20:32:47.525] [main/DEBUG] [net.minecraftforge.fml.loading.moddiscovery.ModFileParser/LOADING]: Found coremod expandLocalVarScope with Javascript path META-INF/asm/expandLocalVarScope.js
[14Sep2025 20:32:47.525] [main/DEBUG] [net.minecraftforge.fml.loading.moddiscovery.ModFileParser/LOADING]: Found coremod fixFieldSignatureChanges with Javascript path META-INF/asm/fixFieldSignatureChanges.js
[14Sep2025 20:32:47.560] [main/DEBUG] [net.minecraftforge.fml.loading.moddiscovery.ModFileParser/LOADING]: Found coremod implementFabricItem with Javascript path META-INF/asm/implementFabricItem.js
[14Sep2025 20:32:47.567] [main/DEBUG] [net.minecraftforge.fml.loading.moddiscovery.ModFileParser/LOADING]: Found coremod mutableWeatherableBlocks with Javascript path META-INF/asm/mutableOxidizableBlocks.js
[14Sep2025 20:32:47.577] [main/DEBUG] [net.minecraftforge.fml.loading.moddiscovery.ModFileParser/LOADING]: Found coremod implementFabricBlock with Javascript path META-INF/asm/implementFabricBlock.js
[14Sep2025 20:32:47.577] [main/DEBUG] [net.minecraftforge.fml.loading.moddiscovery.ModFileParser/LOADING]: Found coremod implementFabricBlockState with Javascript path META-INF/asm/implementFabricBlockState.js
[14Sep2025 20:32:47.588] [main/DEBUG] [net.minecraftforge.fml.loading.moddiscovery.ModFileParser/LOADING]: Found coremod injectDataProvider with Javascript path META-INF/asm/injectDataProvider.js
[14Sep2025 20:32:47.592] [main/DEBUG] [net.minecraftforge.fml.loading.moddiscovery.ModFileParser/LOADING]: Found coremod addFabricKeySortOrders with Javascript path META-INF/asm/addFabricKeySortOrders.js
[14Sep2025 20:32:47.598] [main/DEBUG] [net.minecraftforge.coremod.CoreModEngine/COREMOD]: Loading CoreMod from coremods/field_to_method.js
[14Sep2025 20:32:47.774] [main/DEBUG] [net.minecraftforge.coremod.CoreModEngine/COREMOD]: CoreMod loaded successfully
[14Sep2025 20:32:47.775] [main/DEBUG] [net.minecraftforge.coremod.CoreModEngine/COREMOD]: Loading CoreMod from coremods/field_to_instanceof.js
[14Sep2025 20:32:47.845] [main/DEBUG] [net.minecraftforge.coremod.CoreModEngine/COREMOD]: CoreMod loaded successfully
[14Sep2025 20:32:47.845] [main/DEBUG] [net.minecraftforge.coremod.CoreModEngine/COREMOD]: Loading CoreMod from coremods/add_bouncer_method.js
[14Sep2025 20:32:47.888] [main/DEBUG] [net.minecraftforge.coremod.CoreModEngine/COREMOD]: CoreMod loaded successfully
[14Sep2025 20:32:47.888] [main/DEBUG] [net.minecraftforge.coremod.CoreModEngine/COREMOD]: Loading CoreMod from coremods/method_redirector.js
[14Sep2025 20:32:47.980] [main/DEBUG] [net.minecraftforge.coremod.CoreModEngine/COREMOD]: CoreMod loaded successfully
[14Sep2025 20:32:47.980] [main/DEBUG] [net.minecraftforge.coremod.CoreModEngine/COREMOD]: Loading CoreMod from META-INF/asm/injectCreativeModeTabCtr.js
[14Sep2025 20:32:48.002] [main/DEBUG] [net.minecraftforge.coremod.CoreModEngine/COREMOD]: CoreMod loaded successfully
[14Sep2025 20:32:48.002] [main/DEBUG] [net.minecraftforge.coremod.CoreModEngine/COREMOD]: Loading CoreMod from META-INF/asm/injectFabricASM.js
[14Sep2025 20:32:48.059] [main/DEBUG] [net.minecraftforge.coremod.CoreModEngine/COREMOD]: CoreMod loaded successfully
[14Sep2025 20:32:48.059] [main/DEBUG] [net.minecraftforge.coremod.CoreModEngine/COREMOD]: Loading CoreMod from META-INF/asm/updateItemUseStartTreshold.js
[14Sep2025 20:32:48.077] [main/DEBUG] [net.minecraftforge.coremod.CoreModEngine/COREMOD]: CoreMod loaded successfully
[14Sep2025 20:32:48.080] [main/DEBUG] [net.minecraftforge.coremod.CoreModEngine/COREMOD]: Loading CoreMod from META-INF/asm/expandLocalVarScope.js
[14Sep2025 20:32:48.111] [main/DEBUG] [net.minecraftforge.coremod.CoreModEngine/COREMOD]: CoreMod loaded successfully
[14Sep2025 20:32:48.111] [main/DEBUG] [net.minecraftforge.coremod.CoreModEngine/COREMOD]: Loading CoreMod from META-INF/asm/fixFieldSignatureChanges.js
[14Sep2025 20:32:48.128] [main/DEBUG] [net.minecraftforge.coremod.CoreModEngine/COREMOD]: CoreMod loaded successfully
[14Sep2025 20:32:48.128] [main/DEBUG] [net.minecraftforge.coremod.CoreModEngine/COREMOD]: Loading CoreMod from META-INF/asm/implementFabricItem.js
[14Sep2025 20:32:48.181] [main/DEBUG] [net.minecraftforge.coremod.CoreModEngine/COREMOD]: CoreMod loaded successfully
[14Sep2025 20:32:48.181] [main/DEBUG] [net.minecraftforge.coremod.CoreModEngine/COREMOD]: Loading CoreMod from META-INF/asm/mutableOxidizableBlocks.js
[14Sep2025 20:32:48.198] [main/DEBUG] [net.minecraftforge.coremod.CoreModEngine/COREMOD]: CoreMod loaded successfully
[14Sep2025 20:32:48.198] [main/DEBUG] [net.minecraftforge.coremod.CoreModEngine/COREMOD]: Loading CoreMod from META-INF/asm/implementFabricBlock.js
[14Sep2025 20:32:48.218] [main/DEBUG] [net.minecraftforge.coremod.CoreModEngine/COREMOD]: CoreMod loaded successfully
[14Sep2025 20:32:48.219] [main/DEBUG] [net.minecraftforge.coremod.CoreModEngine/COREMOD]: Loading CoreMod from META-INF/asm/implementFabricBlockState.js
[14Sep2025 20:32:48.231] [main/DEBUG] [net.minecraftforge.coremod.CoreModEngine/COREMOD]: CoreMod loaded successfully
[14Sep2025 20:32:48.231] [main/DEBUG] [net.minecraftforge.coremod.CoreModEngine/COREMOD]: Loading CoreMod from META-INF/asm/injectDataProvider.js
[14Sep2025 20:32:48.248] [main/DEBUG] [net.minecraftforge.coremod.CoreModEngine/COREMOD]: CoreMod loaded successfully
[14Sep2025 20:32:48.249] [main/DEBUG] [net.minecraftforge.coremod.CoreModEngine/COREMOD]: Loading CoreMod from META-INF/asm/addFabricKeySortOrders.js
[14Sep2025 20:32:48.267] [main/DEBUG] [net.minecraftforge.coremod.CoreModEngine/COREMOD]: CoreMod loaded successfully
[14Sep2025 20:32:48.280] [main/DEBUG] [cpw.mods.modlauncher.TransformationServiceDecorator/MODLAUNCHER]: Initializing transformers for transformation service connector_early_js_coremods
[14Sep2025 20:32:48.282] [main/DEBUG] [cpw.mods.modlauncher.TransformStore/MODLAUNCHER]: Adding transformer net.minecraftforge.coremod.transformer.CoreModMethodTransformer@65036e8d to Target : METHOD {Lcom/chocohead/mm/Plugin;} {fishAddURL} {()Ljava/util/function/Consumer;}
[14Sep2025 20:32:48.286] [main/DEBUG] [cpw.mods.modlauncher.TransformStore/MODLAUNCHER]: Adding transformer net.minecraftforge.coremod.transformer.CoreModMethodTransformer@25533bba to Target : METHOD {Lcom/chocohead/mm/Plugin$1;} {generate} {(Ljava/lang/String;Ljava/util/Collection;)V}
[14Sep2025 20:32:48.286] [main/DEBUG] [cpw.mods.modlauncher.TransformStore/MODLAUNCHER]: Adding transformer net.minecraftforge.coremod.transformer.CoreModMethodTransformer@26d0ece6 to Target : METHOD {Lcom/chocohead/mm/EnumSubclasser;} {defineAnonymousSubclass} {(Lorg/objectweb/asm/tree/ClassNode;Lcom/chocohead/mm/api/EnumAdder$EnumAddition;Ljava/lang/String;Ljava/lang/String;)[B}
[14Sep2025 20:32:48.286] [main/DEBUG] [cpw.mods.modlauncher.TransformStore/MODLAUNCHER]: Adding transformer net.minecraftforge.coremod.transformer.CoreModMethodTransformer@100bba26 to Target : METHOD {Lme/shedaniel/mm/Plugin;} {fishAddURL} {()Ljava/util/function/Consumer;}
[14Sep2025 20:32:48.287] [main/DEBUG] [cpw.mods.modlauncher.TransformStore/MODLAUNCHER]: Adding transformer net.minecraftforge.coremod.transformer.CoreModMethodTransformer@4ae280da to Target : METHOD {Lme/shedaniel/mm/Plugin$1;} {generate} {(Ljava/lang/String;Ljava/util/Collection;)V}
[14Sep2025 20:32:48.287] [main/DEBUG] [cpw.mods.modlauncher.TransformStore/MODLAUNCHER]: Adding transformer net.minecraftforge.coremod.transformer.CoreModMethodTransformer@76d0ecd7 to Target : METHOD {Lme/shedaniel/mm/EnumSubclasser;} {defineAnonymousSubclass} {(Lorg/objectweb/asm/tree/ClassNode;Lcom/chocohead/mm/api/EnumAdder$EnumAddition;Ljava/lang/String;Ljava/lang/String;)[B}
[14Sep2025 20:32:48.287] [main/DEBUG] [cpw.mods.modlauncher.TransformStore/MODLAUNCHER]: Adding transformer net.minecraftforge.coremod.transformer.CoreModMethodTransformer@57c69937 to Target : METHOD {Lnet/minecraft/world/entity/LivingEntity;} {m_6672_} {(Lnet/minecraft/world/InteractionHand;)V}
[14Sep2025 20:32:48.287] [main/DEBUG] [cpw.mods.modlauncher.TransformStore/MODLAUNCHER]: Adding transformer net.minecraftforge.coremod.transformer.CoreModMethodTransformer@1ad1c363 to Target : METHOD {Lnet/minecraft/world/entity/LivingEntity;} {m_147215_} {(Lnet/minecraft/world/effect/MobEffectInstance;Lnet/minecraft/world/entity/Entity;)V}
[14Sep2025 20:32:48.287] [main/DEBUG] [cpw.mods.modlauncher.TransformStore/MODLAUNCHER]: Adding transformer net.minecraftforge.coremod.transformer.CoreModMethodTransformer@446b64b3 to Target : METHOD {Lnet/minecraft/world/level/BaseSpawner;} {m_151311_} {(Lnet/minecraft/server/level/ServerLevel;Lnet/minecraft/core/BlockPos;)V}
[14Sep2025 20:32:48.287] [main/DEBUG] [cpw.mods.modlauncher.TransformStore/MODLAUNCHER]: Adding transformer net.minecraftforge.coremod.transformer.CoreModMethodTransformer@35ac9ebd to Target : METHOD {Lnet/minecraftforge/common/extensions/IForgeItem;} {getCraftingRemainingItem} {(Lnet/minecraft/world/item/ItemStack;)Lnet/minecraft/world/item/ItemStack;}
[14Sep2025 20:32:48.287] [main/DEBUG] [cpw.mods.modlauncher.TransformStore/MODLAUNCHER]: Adding transformer net.minecraftforge.coremod.transformer.CoreModMethodTransformer@56c0a61e to Target : METHOD {Lnet/minecraftforge/common/extensions/IForgeItem;} {hasCraftingRemainingItem} {(Lnet/minecraft/world/item/ItemStack;)Z}
[14Sep2025 20:32:48.287] [main/DEBUG] [cpw.mods.modlauncher.TransformStore/MODLAUNCHER]: Adding transformer net.minecraftforge.coremod.transformer.CoreModMethodTransformer@421ead7e to Target : METHOD {Lnet/minecraftforge/common/extensions/IForgeItem;} {getAttributeModifiers} {(Lnet/minecraft/world/entity/EquipmentSlot;Lnet/minecraft/world/item/ItemStack;)Lcom/google/common/collect/Multimap;}
[14Sep2025 20:32:48.288] [main/DEBUG] [cpw.mods.modlauncher.TransformStore/MODLAUNCHER]: Adding transformer net.minecraftforge.coremod.transformer.CoreModMethodTransformer@5dcf0772 to Target : METHOD {Lnet/minecraftforge/common/extensions/IForgeItem;} {isCorrectToolForDrops} {(Lnet/minecraft/world/item/ItemStack;Lnet/minecraft/world/level/block/state/BlockState;)Z}
[14Sep2025 20:32:48.288] [main/DEBUG] [cpw.mods.modlauncher.TransformStore/MODLAUNCHER]: Adding transformer net.minecraftforge.coremod.transformer.CoreModMethodTransformer@c472300 to Target : METHOD {Lnet/minecraftforge/common/extensions/IForgeItem;} {shouldCauseReequipAnimation} {(Lnet/minecraft/world/item/ItemStack;Lnet/minecraft/world/item/ItemStack;Z)Z}
[14Sep2025 20:32:48.289] [main/DEBUG] [cpw.mods.modlauncher.TransformStore/MODLAUNCHER]: Adding transformer net.minecraftforge.coremod.transformer.CoreModMethodTransformer@5f6494c0 to Target : METHOD {Lnet/minecraftforge/common/extensions/IForgeItem;} {getEquipmentSlot} {(Lnet/minecraft/world/item/ItemStack;)Lnet/minecraft/world/entity/EquipmentSlot;}
[14Sep2025 20:32:48.289] [main/DEBUG] [cpw.mods.modlauncher.TransformStore/MODLAUNCHER]: Adding transformer net.minecraftforge.coremod.transformer.CoreModMethodTransformer@6826b70f to Target : METHOD {Lnet/minecraftforge/common/extensions/IForgeItem;} {damageItem} {(Lnet/minecraft/world/item/ItemStack;ILnet/minecraft/world/entity/LivingEntity;Ljava/util/function/Consumer;)I}
[14Sep2025 20:32:48.289] [main/DEBUG] [cpw.mods.modlauncher.TransformStore/MODLAUNCHER]: Adding transformer net.minecraftforge.coremod.transformer.CoreModMethodTransformer@4df7d9ee to Target : METHOD {Lnet/minecraft/world/level/block/WeatheringCopper;} {m_154909_} {()Lcom/google/common/collect/BiMap;}
[14Sep2025 20:32:48.289] [main/DEBUG] [cpw.mods.modlauncher.TransformStore/MODLAUNCHER]: Adding transformer net.minecraftforge.coremod.transformer.CoreModMethodTransformer@781dac73 to Target : METHOD {Lnet/minecraftforge/common/extensions/IForgeBlock;} {getAppearance} {(Lnet/minecraft/world/level/block/state/BlockState;Lnet/minecraft/world/level/BlockAndTintGetter;Lnet/minecraft/core/BlockPos;Lnet/minecraft/core/Direction;Lnet/minecraft/world/level/block/state/BlockState;Lnet/minecraft/core/BlockPos;)Lnet/minecraft/world/level/block/state/BlockState;}
[14Sep2025 20:32:48.289] [main/DEBUG] [cpw.mods.modlauncher.TransformStore/MODLAUNCHER]: Adding transformer net.minecraftforge.coremod.transformer.CoreModMethodTransformer@3a4e524 to Target : METHOD {Lnet/minecraftforge/common/extensions/IForgeBlockState;} {getAppearance} {(Lnet/minecraft/world/level/BlockAndTintGetter;Lnet/minecraft/core/BlockPos;Lnet/minecraft/core/Direction;Lnet/minecraft/world/level/block/state/BlockState;Lnet/minecraft/core/BlockPos;)Lnet/minecraft/world/level/block/state/BlockState;}
[14Sep2025 20:32:48.290] [main/DEBUG] [cpw.mods.modlauncher.TransformStore/MODLAUNCHER]: Adding transformer net.minecraftforge.coremod.transformer.CoreModMethodTransformer@5e67a490 to Target : METHOD {Lnet/minecraft/data/DataProvider;} {m_236069_} {(Lit/unimi/dsi/fastutil/objects/Object2IntOpenHashMap;)V}
[14Sep2025 20:32:48.290] [main/DEBUG] [cpw.mods.modlauncher.TransformStore/MODLAUNCHER]: Adding transformer net.minecraftforge.coremod.transformer.CoreModMethodTransformer@2dac2e1b to Target : METHOD {Lnet/minecraft/data/DataProvider;} {m_236069_} {(Lit/unimi/dsi/fastutil/objects/Object2IntOpenHashMap;)V}
[14Sep2025 20:32:48.290] [main/DEBUG] [cpw.mods.modlauncher.TransformStore/MODLAUNCHER]: Adding transformer net.minecraftforge.coremod.transformer.CoreModClassTransformer@1cee2e10 to Target : CLASS {Lnet/minecraft/world/level/biome/Biome;} {} {V}
[14Sep2025 20:32:48.290] [main/DEBUG] [cpw.mods.modlauncher.TransformStore/MODLAUNCHER]: Adding transformer net.minecraftforge.coremod.transformer.CoreModClassTransformer@7f4e5a39 to Target : CLASS {Lnet/minecraft/world/level/levelgen/structure/Structure;} {} {V}
[14Sep2025 20:32:48.290] [main/DEBUG] [cpw.mods.modlauncher.TransformStore/MODLAUNCHER]: Adding transformer net.minecraftforge.coremod.transformer.CoreModClassTransformer@33de7f3d to Target : CLASS {Lnet/minecraft/world/effect/MobEffectInstance;} {} {V}
[14Sep2025 20:32:48.290] [main/DEBUG] [cpw.mods.modlauncher.TransformStore/MODLAUNCHER]: Adding transformer net.minecraftforge.coremod.transformer.CoreModClassTransformer@30159886 to Target : CLASS {Lnet/minecraft/world/level/block/LiquidBlock;} {} {V}
[14Sep2025 20:32:48.291] [main/DEBUG] [cpw.mods.modlauncher.TransformStore/MODLAUNCHER]: Adding transformer net.minecraftforge.coremod.transformer.CoreModClassTransformer@5d66ae3a to Target : CLASS {Lnet/minecraft/world/item/BucketItem;} {} {V}
[14Sep2025 20:32:48.291] [main/DEBUG] [cpw.mods.modlauncher.TransformStore/MODLAUNCHER]: Adding transformer net.minecraftforge.coremod.transformer.CoreModClassTransformer@50f4b83d to Target : CLASS {Lnet/minecraft/world/level/block/StairBlock;} {} {V}
[14Sep2025 20:32:48.291] [main/DEBUG] [cpw.mods.modlauncher.TransformStore/MODLAUNCHER]: Adding transformer net.minecraftforge.coremod.transformer.CoreModClassTransformer@10131289 to Target : CLASS {Lnet/minecraft/world/level/block/FlowerPotBlock;} {} {V}
[14Sep2025 20:32:48.291] [main/DEBUG] [cpw.mods.modlauncher.TransformStore/MODLAUNCHER]: Adding transformer net.minecraftforge.coremod.transformer.CoreModClassTransformer@c5e69a5 to Target : CLASS {Lnet/minecraft/world/item/ItemStack;} {} {V}
[14Sep2025 20:32:48.291] [main/DEBUG] [cpw.mods.modlauncher.TransformStore/MODLAUNCHER]: Adding transformer net.minecraftforge.coremod.transformer.CoreModClassTransformer@64a1116a to Target : CLASS {Lnet/minecraft/network/play/client/CClientSettingsPacket;} {} {V}
[14Sep2025 20:32:48.291] [main/DEBUG] [cpw.mods.modlauncher.TransformStore/MODLAUNCHER]: Adding transformer net.minecraftforge.coremod.transformer.CoreModClassTransformer@11e17893 to Target : CLASS {Lnet/minecraft/world/entity/monster/ZombieVillager;} {} {V}
[14Sep2025 20:32:48.292] [main/DEBUG] [cpw.mods.modlauncher.TransformStore/MODLAUNCHER]: Adding transformer net.minecraftforge.coremod.transformer.CoreModClassTransformer@11e17893 to Target : CLASS {Lnet/minecraft/server/commands/SummonCommand;} {} {V}
[14Sep2025 20:32:48.292] [main/DEBUG] [cpw.mods.modlauncher.TransformStore/MODLAUNCHER]: Adding transformer net.minecraftforge.coremod.transformer.CoreModClassTransformer@11e17893 to Target : CLASS {Lnet/minecraft/world/entity/npc/Villager;} {} {V}
[14Sep2025 20:32:48.292] [main/DEBUG] [cpw.mods.modlauncher.TransformStore/MODLAUNCHER]: Adding transformer net.minecraftforge.coremod.transformer.CoreModClassTransformer@11e17893 to Target : CLASS {Lnet/minecraft/world/entity/animal/horse/SkeletonTrapGoal;} {} {V}
[14Sep2025 20:32:48.292] [main/DEBUG] [cpw.mods.modlauncher.TransformStore/MODLAUNCHER]: Adding transformer net.minecraftforge.coremod.transformer.CoreModClassTransformer@11e17893 to Target : CLASS {Lnet/minecraft/world/entity/npc/CatSpawner;} {} {V}
[14Sep2025 20:32:48.292] [main/DEBUG] [cpw.mods.modlauncher.TransformStore/MODLAUNCHER]: Adding transformer net.minecraftforge.coremod.transformer.CoreModClassTransformer@11e17893 to Target : CLASS {Lnet/minecraft/world/entity/monster/Spider;} {} {V}
[14Sep2025 20:32:48.292] [main/DEBUG] [cpw.mods.modlauncher.TransformStore/MODLAUNCHER]: Adding transformer net.minecraftforge.coremod.transformer.CoreModClassTransformer@11e17893 to Target : CLASS {Lnet/minecraft/world/entity/monster/Zombie;} {} {V}
[14Sep2025 20:32:48.292] [main/DEBUG] [cpw.mods.modlauncher.TransformStore/MODLAUNCHER]: Adding transformer net.minecraftforge.coremod.transformer.CoreModClassTransformer@11e17893 to Target : CLASS {Lnet/minecraft/world/level/levelgen/structure/structures/SwampHutPiece;} {} {V}
[14Sep2025 20:32:48.293] [main/DEBUG] [cpw.mods.modlauncher.TransformStore/MODLAUNCHER]: Adding transformer net.minecraftforge.coremod.transformer.CoreModClassTransformer@11e17893 to Target : CLASS {Lnet/minecraft/world/entity/animal/frog/Tadpole;} {} {V}
[14Sep2025 20:32:48.293] [main/DEBUG] [cpw.mods.modlauncher.TransformStore/MODLAUNCHER]: Adding transformer net.minecraftforge.coremod.transformer.CoreModClassTransformer@11e17893 to Target : CLASS {Lnet/minecraft/world/level/levelgen/structure/templatesystem/StructureTemplate;} {} {V}
[14Sep2025 20:32:48.293] [main/DEBUG] [cpw.mods.modlauncher.TransformStore/MODLAUNCHER]: Adding transformer net.minecraftforge.coremod.transformer.CoreModClassTransformer@11e17893 to Target : CLASS {Lnet/minecraft/world/level/NaturalSpawner;} {} {V}
[14Sep2025 20:32:48.293] [main/DEBUG] [cpw.mods.modlauncher.TransformStore/MODLAUNCHER]: Adding transformer net.minecraftforge.coremod.transformer.CoreModClassTransformer@11e17893 to Target : CLASS {Lnet/minecraft/server/commands/RaidCommand;} {} {V}
[14Sep2025 20:32:48.293] [main/DEBUG] [cpw.mods.modlauncher.TransformStore/MODLAUNCHER]: Adding transformer net.minecraftforge.coremod.transformer.CoreModClassTransformer@11e17893 to Target : CLASS {Lnet/minecraft/world/level/levelgen/PhantomSpawner;} {} {V}
[14Sep2025 20:32:48.294] [main/DEBUG] [cpw.mods.modlauncher.TransformStore/MODLAUNCHER]: Adding transformer net.minecraftforge.coremod.transformer.CoreModClassTransformer@11e17893 to Target : CLASS {Lnet/minecraft/world/entity/ai/village/VillageSiege;} {} {V}
[14Sep2025 20:32:48.294] [main/DEBUG] [cpw.mods.modlauncher.TransformStore/MODLAUNCHER]: Adding transformer net.minecraftforge.coremod.transformer.CoreModClassTransformer@11e17893 to Target : CLASS {Lnet/minecraft/world/level/levelgen/PatrolSpawner;} {} {V}
[14Sep2025 20:32:48.294] [main/DEBUG] [cpw.mods.modlauncher.TransformStore/MODLAUNCHER]: Adding transformer net.minecraftforge.coremod.transformer.CoreModClassTransformer@11e17893 to Target : CLASS {Lnet/minecraft/world/level/levelgen/structure/structures/WoodlandMansionPieces$WoodlandMansionPiece;} {} {V}
[14Sep2025 20:32:48.294] [main/DEBUG] [cpw.mods.modlauncher.TransformStore/MODLAUNCHER]: Adding transformer net.minecraftforge.coremod.transformer.CoreModClassTransformer@11e17893 to Target : CLASS {Lnet/minecraft/world/entity/EntityType;} {} {V}
[14Sep2025 20:32:48.294] [main/DEBUG] [cpw.mods.modlauncher.TransformStore/MODLAUNCHER]: Adding transformer net.minecraftforge.coremod.transformer.CoreModClassTransformer@11e17893 to Target : CLASS {Lnet/minecraft/world/entity/raid/Raid;} {} {V}
[14Sep2025 20:32:48.294] [main/DEBUG] [cpw.mods.modlauncher.TransformStore/MODLAUNCHER]: Adding transformer net.minecraftforge.coremod.transformer.CoreModClassTransformer@11e17893 to Target : CLASS {Lnet/minecraft/world/level/levelgen/structure/structures/OceanMonumentPieces$OceanMonumentPiece;} {} {V}
[14Sep2025 20:32:48.294] [main/DEBUG] [cpw.mods.modlauncher.TransformStore/MODLAUNCHER]: Adding transformer net.minecraftforge.coremod.transformer.CoreModClassTransformer@11e17893 to Target : CLASS {Lnet/minecraft/world/entity/monster/Evoker$EvokerSummonSpellGoal;} {} {V}
[14Sep2025 20:32:48.294] [main/DEBUG] [cpw.mods.modlauncher.TransformStore/MODLAUNCHER]: Adding transformer net.minecraftforge.coremod.transformer.CoreModClassTransformer@11e17893 to Target : CLASS {Lnet/minecraft/world/entity/monster/Strider;} {} {V}
[14Sep2025 20:32:48.294] [main/DEBUG] [cpw.mods.modlauncher.TransformStore/MODLAUNCHER]: Adding transformer net.minecraftforge.coremod.transformer.CoreModClassTransformer@11e17893 to Target : CLASS {Lnet/minecraft/world/level/levelgen/structure/structures/OceanRuinPieces$OceanRuinPiece;} {} {V}
[14Sep2025 20:32:48.294] [main/DEBUG] [cpw.mods.modlauncher.TransformStore/MODLAUNCHER]: Adding transformer net.minecraftforge.coremod.transformer.CoreModClassTransformer@19eea77c to Target : CLASS {Lnet/minecraft/world/item/CreativeModeTab;} {} {V}
[14Sep2025 20:32:48.294] [main/DEBUG] [cpw.mods.modlauncher.TransformStore/MODLAUNCHER]: Adding transformer net.minecraftforge.coremod.transformer.CoreModClassTransformer@6682e6a5 to Target : CLASS {Lnet/minecraft/client/KeyMapping;} {} {V}
[14Sep2025 20:32:48.294] [main/DEBUG] [cpw.mods.modlauncher.TransformStore/MODLAUNCHER]: Adding transformer net.minecraftforge.coremod.transformer.CoreModClassTransformer@ac4915e to Target : CLASS {Lnet/minecraftforge/common/extensions/IForgeItem;} {} {V}
[14Sep2025 20:32:48.294] [main/DEBUG] [cpw.mods.modlauncher.TransformStore/MODLAUNCHER]: Adding transformer net.minecraftforge.coremod.transformer.CoreModClassTransformer@10fb4575 to Target : CLASS {Lnet/minecraftforge/common/extensions/IForgeBlock;} {} {V}
[14Sep2025 20:32:48.294] [main/DEBUG] [cpw.mods.modlauncher.TransformStore/MODLAUNCHER]: Adding transformer net.minecraftforge.coremod.transformer.CoreModClassTransformer@7cc2c551 to Target : CLASS {Lnet/minecraftforge/common/extensions/IForgeBlockState;} {} {V}
[14Sep2025 20:32:48.295] [main/DEBUG] [cpw.mods.modlauncher.TransformationServiceDecorator/MODLAUNCHER]: Initialized transformers for transformation service connector_early_js_coremods
[14Sep2025 20:32:50.254] [main/DEBUG] [org.sinytra.connector.transformer.jar.IntermediateMapping/TRANSFORM]: Creating flat intermediate mapping for namespace intermediary
[14Sep2025 20:32:51.068] [ForkJoinPool-1-worker-4/DEBUG] [net.minecraftforge.coremod.transformer.CoreModBaseTransformer/COREMOD]: Transforming net/minecraft/world/item/ItemStack
[14Sep2025 20:32:51.530] [pool-2-thread-2/DEBUG] [org.sinytra.connector.transformer.jar.JarTransformInstance/TRANSFORM]: Jar PresenceFootsteps-1.10.1+1.20.1$kirin-1.15.6+1.20.1.jar transformed in 878 ms
[14Sep2025 20:32:51.628] [pool-2-thread-1/DEBUG] [org.sinytra.connector.transformer.jar.JarTransformInstance/TRANSFORM]: Jar coolrain-1.1.0-1.20.1.jar transformed in 978 ms
[14Sep2025 20:32:51.634] [main/DEBUG] [org.sinytra.connector.transformer.jar.JarTransformer/TRANSFORM]: Processed all jars in 5449 ms
[14Sep2025 20:32:51.655] [main/DEBUG] [org.sinytra.connector.locator.SplitPackageMerger/]: Found 0 split packages across 0 jars
[14Sep2025 20:32:52.716] [main/DEBUG] [net.minecraftforge.fml.loading.moddiscovery.ModFileInfo/LOADING]: Found valid mod file coolrain-1.1.0-1.20.1_mapped_srg_1.20.1.jar with {coolrain} mods - versions {1.1.0-1.20.1}
[14Sep2025 20:32:52.717] [main/DEBUG] [net.minecraftforge.fml.loading.moddiscovery.ModFileInfo/LOADING]: Found valid mod file PresenceFootsteps-1.10.1+1.20.1$kirin-1.15.6+1.20.1_mapped_srg_1.20.1.jar with {kirin} mods - versions {1.15.61.20.1}
[14Sep2025 20:32:52.723] [main/DEBUG] [net.minecraftforge.fml.loading.moddiscovery.ModFileParser/LOADING]: Considering mod file candidate 
[14Sep2025 20:32:52.724] [main/DEBUG] [net.minecraftforge.fml.loading.moddiscovery.ModFileInfo/LOADING]: Found valid mod file fabric-renderer-api-v1-3.2.2+cf68abbe77.jar with {fabric_renderer_api_v1} mods - versions {3.2.2+cf68abbe77}
[14Sep2025 20:32:52.725] [main/DEBUG] [net.minecraftforge.fml.loading.moddiscovery.ModFile/LOADING]: Loading mod file  with languages [LanguageSpec[languageName=javafml, acceptedVersions=[47,)]]
[14Sep2025 20:32:52.726] [main/DEBUG] [net.minecraftforge.fml.loading.moddiscovery.ModFileParser/LOADING]: Considering mod file candidate /workspaces/Sever-Prueba-3/servidor_minecraft/mods/alexsmobs-1.22.9.jar
[14Sep2025 20:32:52.726] [main/DEBUG] [net.minecraftforge.fml.loading.moddiscovery.ModFileInfo/LOADING]: Found valid mod file alexsmobs-1.22.9.jar with {alexsmobs} mods - versions {1.22.9}
[14Sep2025 20:32:52.726] [main/DEBUG] [net.minecraftforge.fml.loading.moddiscovery.ModFile/LOADING]: Loading mod file /workspaces/Sever-Prueba-3/servidor_minecraft/mods/alexsmobs-1.22.9.jar with languages [LanguageSpec[languageName=javafml, acceptedVersions=[46,)]]
[14Sep2025 20:32:52.726] [main/DEBUG] [net.minecraftforge.fml.loading.moddiscovery.ModFileParser/LOADING]: Considering mod file candidate /workspaces/Sever-Prueba-3/servidor_minecraft/mods/geckolib-forge-1.20.1-4.7.4.jar
[14Sep2025 20:32:52.727] [main/DEBUG] [net.minecraftforge.fml.loading.moddiscovery.ModFileInfo/LOADING]: Found valid mod file geckolib-forge-1.20.1-4.7.4.jar with {geckolib} mods - versions {4.7.4}
[14Sep2025 20:32:52.727] [main/DEBUG] [net.minecraftforge.fml.loading.moddiscovery.ModFile/LOADING]: Loading mod file /workspaces/Sever-Prueba-3/servidor_minecraft/mods/geckolib-forge-1.20.1-4.7.4.jar with languages [LanguageSpec[languageName=javafml, acceptedVersions=[47,)]]
[14Sep2025 20:32:52.727] [main/DEBUG] [net.minecraftforge.fml.loading.moddiscovery.ModFileParser/LOADING]: Considering mod file candidate /workspaces/Sever-Prueba-3/servidor_minecraft/mods/player-animation-lib-forge-1.0.2-rc1+1.20.jar
[14Sep2025 20:32:52.727] [main/DEBUG] [net.minecraftforge.fml.loading.moddiscovery.ModFileInfo/LOADING]: Found valid mod file player-animation-lib-forge-1.0.2-rc1+1.20.jar with {playeranimator} mods - versions {1.0.2-rc1+1.20}
[14Sep2025 20:32:52.727] [main/DEBUG] [net.minecraftforge.fml.loading.moddiscovery.ModFile/LOADING]: Loading mod file /workspaces/Sever-Prueba-3/servidor_minecraft/mods/player-animation-lib-forge-1.0.2-rc1+1.20.jar with languages [LanguageSpec[languageName=javafml, acceptedVersions=[46.0.0,)]]
[14Sep2025 20:32:52.727] [main/DEBUG] [net.minecraftforge.fml.loading.moddiscovery.ModFileParser/LOADING]: Considering mod file candidate 
[14Sep2025 20:32:52.728] [main/DEBUG] [net.minecraftforge.fml.loading.moddiscovery.ModFileInfo/LOADING]: Found valid mod file fabric-item-api-v1-2.1.29+4d0bbcfa77.jar with {fabric_item_api_v1} mods - versions {2.1.29+4d0bbcfa77}
[14Sep2025 20:32:52.728] [main/DEBUG] [net.minecraftforge.fml.loading.moddiscovery.ModFile/LOADING]: Loading mod file  with languages [LanguageSpec[languageName=javafml, acceptedVersions=[47,)]]
[14Sep2025 20:32:52.728] [main/DEBUG] [net.minecraftforge.fml.loading.moddiscovery.ModFileParser/LOADING]: Found coremod implementFabricItem with Javascript path META-INF/asm/implementFabricItem.js
[14Sep2025 20:32:52.728] [main/DEBUG] [net.minecraftforge.fml.loading.moddiscovery.ModFile/LOADING]: Found coremod META-INF/asm/implementFabricItem.js
[14Sep2025 20:32:52.728] [main/DEBUG] [net.minecraftforge.fml.loading.moddiscovery.ModFileParser/LOADING]: Considering mod file candidate 
[14Sep2025 20:32:52.729] [main/DEBUG] [net.minecraftforge.fml.loading.moddiscovery.ModFileInfo/LOADING]: Found valid mod file fabric-rendering-fluids-v1-3.0.29+4ac5e37a77.jar with {fabric_rendering_fluids_v1} mods - versions {3.0.29+4ac5e37a77}
[14Sep2025 20:32:52.729] [main/DEBUG] [net.minecraftforge.fml.loading.moddiscovery.ModFile/LOADING]: Loading mod file  with languages [LanguageSpec[languageName=javafml, acceptedVersions=[47,)]]
[14Sep2025 20:32:52.729] [main/DEBUG] [net.minecraftforge.fml.loading.moddiscovery.ModFileParser/LOADING]: Considering mod file candidate 
[14Sep2025 20:32:52.729] [main/DEBUG] [net.minecraftforge.fml.loading.moddiscovery.ModFileInfo/LOADING]: Found valid mod file fabric-models-v0-0.4.3+7c3892a477.jar with {fabric_models_v0} mods - versions {0.4.3+7c3892a477}
[14Sep2025 20:32:52.729] [main/DEBUG] [net.minecraftforge.fml.loading.moddiscovery.ModFile/LOADING]: Loading mod file  with languages [LanguageSpec[languageName=javafml, acceptedVersions=[47,)]]
[14Sep2025 20:32:52.729] [main/DEBUG] [net.minecraftforge.fml.loading.moddiscovery.ModFileParser/LOADING]: Considering mod file candidate /workspaces/Sever-Prueba-3/servidor_minecraft/mods/dynamiclights-1.20.1.2.jar
[14Sep2025 20:32:52.730] [main/DEBUG] [net.minecraftforge.fml.loading.moddiscovery.ModFileInfo/LOADING]: Found valid mod file dynamiclights-1.20.1.2.jar with {dynamiclights} mods - versions {1.20.1.2}
[14Sep2025 20:32:52.730] [main/DEBUG] [net.minecraftforge.fml.loading.moddiscovery.ModFile/LOADING]: Loading mod file /workspaces/Sever-Prueba-3/servidor_minecraft/mods/dynamiclights-1.20.1.2.jar with languages [LanguageSpec[languageName=javafml, acceptedVersions=[37,)]]
[14Sep2025 20:32:52.730] [main/DEBUG] [net.minecraftforge.fml.loading.moddiscovery.ModFileParser/LOADING]: Considering mod file candidate /workspaces/Sever-Prueba-3/servidor_minecraft/mods/ObsidianUI-forge-0.2.3+mc1.20.1.jar
[14Sep2025 20:32:52.730] [main/DEBUG] [net.minecraftforge.fml.loading.moddiscovery.ModFileInfo/LOADING]: Found valid mod file ObsidianUI-forge-0.2.3+mc1.20.1.jar with {obsidianui} mods - versions {0.2.3+mc1.20.1}
[14Sep2025 20:32:52.730] [main/DEBUG] [net.minecraftforge.fml.loading.moddiscovery.ModFile/LOADING]: Loading mod file /workspaces/Sever-Prueba-3/servidor_minecraft/mods/ObsidianUI-forge-0.2.3+mc1.20.1.jar with languages [LanguageSpec[languageName=javafml, acceptedVersions=[43,)]]
[14Sep2025 20:32:52.730] [main/DEBUG] [net.minecraftforge.fml.loading.moddiscovery.ModFileParser/LOADING]: Considering mod file candidate /workspaces/Sever-Prueba-3/servidor_minecraft/mods/immersive_aircraft-1.3.3+1.20.1-forge.jar
[14Sep2025 20:32:52.731] [main/DEBUG] [net.minecraftforge.fml.loading.moddiscovery.ModFileInfo/LOADING]: Found valid mod file immersive_aircraft-1.3.3+1.20.1-forge.jar with {immersive_aircraft} mods - versions {1.3.3+1.20.1}
[14Sep2025 20:32:52.731] [main/DEBUG] [net.minecraftforge.fml.loading.moddiscovery.ModFile/LOADING]: Loading mod file /workspaces/Sever-Prueba-3/servidor_minecraft/mods/immersive_aircraft-1.3.3+1.20.1-forge.jar with languages [LanguageSpec[languageName=javafml, acceptedVersions=[47,)]]
[14Sep2025 20:32:52.731] [main/DEBUG] [net.minecraftforge.fml.loading.moddiscovery.ModFileParser/LOADING]: Considering mod file candidate /workspaces/Sever-Prueba-3/servidor_minecraft/mods/sound-physics-remastered-forge-1.20.1-1.4.15.jar
[14Sep2025 20:32:52.731] [main/DEBUG] [net.minecraftforge.fml.loading.moddiscovery.ModFileInfo/LOADING]: Found valid mod file sound-physics-remastered-forge-1.20.1-1.4.15.jar with {sound_physics_remastered} mods - versions {1.20.1-1.4.15}
[14Sep2025 20:32:52.731] [main/DEBUG] [net.minecraftforge.fml.loading.moddiscovery.ModFile/LOADING]: Loading mod file /workspaces/Sever-Prueba-3/servidor_minecraft/mods/sound-physics-remastered-forge-1.20.1-1.4.15.jar with languages [LanguageSpec[languageName=javafml, acceptedVersions=*]]
[14Sep2025 20:32:52.731] [main/DEBUG] [net.minecraftforge.fml.loading.moddiscovery.ModFileParser/LOADING]: Considering mod file candidate 
[14Sep2025 20:32:52.732] [main/DEBUG] [net.minecraftforge.fml.loading.moddiscovery.ModFileInfo/LOADING]: Found valid mod file fabric-convention-tags-v1-1.5.6+fa3d1c0177.jar with {fabric_convention_tags_v1} mods - versions {1.5.6+fa3d1c0177}
[14Sep2025 20:32:52.732] [main/DEBUG] [net.minecraftforge.fml.loading.moddiscovery.ModFile/LOADING]: Loading mod file  with languages [LanguageSpec[languageName=javafml, acceptedVersions=[47,)]]
[14Sep2025 20:32:52.733] [main/DEBUG] [net.minecraftforge.fml.loading.moddiscovery.ModFileParser/LOADING]: Considering mod file candidate /workspaces/Sever-Prueba-3/servidor_minecraft/mods/EnhancedVisuals_FORGE_v1.8.2_mc1.20.1.jar
[14Sep2025 20:32:52.733] [main/DEBUG] [net.minecraftforge.fml.loading.moddiscovery.ModFileInfo/LOADING]: Found valid mod file EnhancedVisuals_FORGE_v1.8.2_mc1.20.1.jar with {enhancedvisuals} mods - versions {1.8.2}
[14Sep2025 20:32:52.733] [main/DEBUG] [net.minecraftforge.fml.loading.moddiscovery.ModFile/LOADING]: Loading mod file /workspaces/Sever-Prueba-3/servidor_minecraft/mods/EnhancedVisuals_FORGE_v1.8.2_mc1.20.1.jar with languages [LanguageSpec[languageName=javafml, acceptedVersions=[46,)]]
[14Sep2025 20:32:52.733] [main/DEBUG] [net.minecraftforge.fml.loading.moddiscovery.ModFileParser/LOADING]: Considering mod file candidate 
[14Sep2025 20:32:52.734] [main/DEBUG] [net.minecraftforge.fml.loading.moddiscovery.ModFileInfo/LOADING]: Found valid mod file fabric-command-api-v1-1.2.35+f71b366f77.jar with {fabric_command_api_v1} mods - versions {1.2.35+f71b366f77}
[14Sep2025 20:32:52.737] [main/DEBUG] [net.minecraftforge.fml.loading.moddiscovery.ModFile/LOADING]: Loading mod file  with languages [LanguageSpec[languageName=javafml, acceptedVersions=[47,)]]
[14Sep2025 20:32:52.737] [main/DEBUG] [net.minecraftforge.fml.loading.moddiscovery.ModFileParser/LOADING]: Considering mod file candidate /workspaces/Sever-Prueba-3/servidor_minecraft/mods/citadel-2.6.2-1.20.1.jar
[14Sep2025 20:32:52.737] [main/DEBUG] [net.minecraftforge.fml.loading.moddiscovery.ModFileInfo/LOADING]: Found valid mod file citadel-2.6.2-1.20.1.jar with {citadel} mods - versions {2.6.2}
[14Sep2025 20:32:52.737] [main/DEBUG] [net.minecraftforge.fml.loading.moddiscovery.ModFile/LOADING]: Loading mod file /workspaces/Sever-Prueba-3/servidor_minecraft/mods/citadel-2.6.2-1.20.1.jar with languages [LanguageSpec[languageName=javafml, acceptedVersions=[47,)]]
[14Sep2025 20:32:52.737] [main/DEBUG] [net.minecraftforge.fml.loading.moddiscovery.ModFileParser/LOADING]: Considering mod file candidate /workspaces/Sever-Prueba-3/servidor_minecraft/mods/modernfix-forge-5.24.4+mc1.20.1.jar
[14Sep2025 20:32:52.738] [main/DEBUG] [net.minecraftforge.fml.loading.moddiscovery.ModFileInfo/LOADING]: Found valid mod file modernfix-forge-5.24.4+mc1.20.1.jar with {modernfix} mods - versions {5.24.4+mc1.20.1}
[14Sep2025 20:32:52.738] [main/DEBUG] [net.minecraftforge.fml.loading.moddiscovery.ModFile/LOADING]: Loading mod file /workspaces/Sever-Prueba-3/servidor_minecraft/mods/modernfix-forge-5.24.4+mc1.20.1.jar with languages [LanguageSpec[languageName=javafml, acceptedVersions=[46,)]]
[14Sep2025 20:32:52.738] [main/DEBUG] [net.minecraftforge.fml.loading.moddiscovery.ModFileParser/LOADING]: Considering mod file candidate 
[14Sep2025 20:32:52.738] [main/DEBUG] [net.minecraftforge.fml.loading.moddiscovery.ModFileInfo/LOADING]: Found valid mod file fabric-command-api-v2-2.2.14+561530ec77.jar with {fabric_command_api_v2} mods - versions {2.2.14+561530ec77}
[14Sep2025 20:32:52.738] [main/DEBUG] [net.minecraftforge.fml.loading.moddiscovery.ModFile/LOADING]: Loading mod file  with languages [LanguageSpec[languageName=javafml, acceptedVersions=[47,)]]
[14Sep2025 20:32:52.739] [main/DEBUG] [net.minecraftforge.fml.loading.moddiscovery.ModFileParser/LOADING]: Considering mod file candidate 
[14Sep2025 20:32:52.739] [main/DEBUG] [net.minecraftforge.fml.loading.moddiscovery.ModFileInfo/LOADING]: Found valid mod file fabric-block-view-api-v2-1.0.3+53347ba977.jar with {fabric_block_view_api_v2} mods - versions {1.0.3+53347ba977}
[14Sep2025 20:32:52.739] [main/DEBUG] [net.minecraftforge.fml.loading.moddiscovery.ModFile/LOADING]: Loading mod file  with languages [LanguageSpec[languageName=javafml, acceptedVersions=[47,)]]
[14Sep2025 20:32:52.739] [main/DEBUG] [net.minecraftforge.fml.loading.moddiscovery.ModFileParser/LOADING]: Considering mod file candidate 
[14Sep2025 20:32:52.740] [main/DEBUG] [net.minecraftforge.fml.loading.moddiscovery.ModFileInfo/LOADING]: Found valid mod file fabric-data-attachment-api-v1-1.0.2+30ef839e77.jar with {fabric_data_attachment_api_v1} mods - versions {1.0.2+30ef839e77}
[14Sep2025 20:32:52.741] [main/DEBUG] [net.minecraftforge.fml.loading.moddiscovery.ModFile/LOADING]: Loading mod file  with languages [LanguageSpec[languageName=javafml, acceptedVersions=[47,)]]
[14Sep2025 20:32:52.741] [main/DEBUG] [net.minecraftforge.fml.loading.moddiscovery.ModFileParser/LOADING]: Considering mod file candidate /workspaces/Sever-Prueba-3/servidor_minecraft/mods/YungsApi-1.20-Forge-4.0.6.jar
[14Sep2025 20:32:52.742] [main/DEBUG] [net.minecraftforge.fml.loading.moddiscovery.ModFileInfo/LOADING]: Found valid mod file YungsApi-1.20-Forge-4.0.6.jar with {yungsapi} mods - versions {1.20-Forge-4.0.6}
[14Sep2025 20:32:52.742] [main/DEBUG] [net.minecraftforge.fml.loading.moddiscovery.ModFile/LOADING]: Loading mod file /workspaces/Sever-Prueba-3/servidor_minecraft/mods/YungsApi-1.20-Forge-4.0.6.jar with languages [LanguageSpec[languageName=javafml, acceptedVersions=[46,)]]
[14Sep2025 20:32:52.742] [main/DEBUG] [net.minecraftforge.fml.loading.moddiscovery.ModFileParser/LOADING]: Considering mod file candidate /workspaces/Sever-Prueba-3/servidor_minecraft/mods/zombieawareness-1.20.1-1.13.1.jar
[14Sep2025 20:32:52.742] [main/DEBUG] [net.minecraftforge.fml.loading.moddiscovery.ModFileInfo/LOADING]: Found valid mod file zombieawareness-1.20.1-1.13.1.jar with {zombieawareness} mods - versions {1.20.1-1.13.1}
[14Sep2025 20:32:52.742] [main/DEBUG] [net.minecraftforge.fml.loading.moddiscovery.ModFile/LOADING]: Loading mod file /workspaces/Sever-Prueba-3/servidor_minecraft/mods/zombieawareness-1.20.1-1.13.1.jar with languages [LanguageSpec[languageName=javafml, acceptedVersions=[47,)]]
[14Sep2025 20:32:52.743] [main/DEBUG] [net.minecraftforge.fml.loading.moddiscovery.ModFileInfo/LOADING]: Found valid mod file coolrain-1.1.0-1.20.1_mapped_srg_1.20.1.jar with {coolrain} mods - versions {1.1.0-1.20.1}
[14Sep2025 20:32:52.743] [main/DEBUG] [net.minecraftforge.fml.loading.moddiscovery.ModFile/LOADING]: Loading mod file /workspaces/Sever-Prueba-3/servidor_minecraft/mods/.connector/coolrain-1.1.0-1.20.1_mapped_srg_1.20.1.jar with languages [LanguageSpec[languageName=javafml, acceptedVersions=[0,)]]
[14Sep2025 20:32:52.743] [main/DEBUG] [net.minecraftforge.fml.loading.moddiscovery.ModFileParser/LOADING]: Considering mod file candidate /workspaces/Sever-Prueba-3/servidor_minecraft/mods/DynamicTreesPlus-1.20.1-1.2.1.jar
[14Sep2025 20:32:52.744] [main/DEBUG] [net.minecraftforge.fml.loading.moddiscovery.ModFileInfo/LOADING]: Found valid mod file DynamicTreesPlus-1.20.1-1.2.1.jar with {dynamictreesplus} mods - versions {1.20.1-1.2.1}
[14Sep2025 20:32:52.744] [main/DEBUG] [net.minecraftforge.fml.loading.moddiscovery.ModFile/LOADING]: Loading mod file /workspaces/Sever-Prueba-3/servidor_minecraft/mods/DynamicTreesPlus-1.20.1-1.2.1.jar with languages [LanguageSpec[languageName=javafml, acceptedVersions=[47,)]]
[14Sep2025 20:32:52.744] [main/DEBUG] [net.minecraftforge.fml.loading.moddiscovery.ModFileParser/LOADING]: Considering mod file candidate /workspaces/Sever-Prueba-3/servidor_minecraft/mods/MineTraps-1.20.2-(v.2.3.0a).jar
[14Sep2025 20:32:52.744] [main/DEBUG] [net.minecraftforge.fml.loading.moddiscovery.ModFileInfo/LOADING]: Found valid mod file MineTraps-1.20.2-(v.2.3.0a).jar with {minetraps} mods - versions {2.3.0a}
[14Sep2025 20:32:52.744] [main/DEBUG] [net.minecraftforge.fml.loading.moddiscovery.ModFile/LOADING]: Loading mod file /workspaces/Sever-Prueba-3/servidor_minecraft/mods/MineTraps-1.20.2-(v.2.3.0a).jar with languages [LanguageSpec[languageName=javafml, acceptedVersions=[46,)]]
[14Sep2025 20:32:52.745] [main/DEBUG] [net.minecraftforge.fml.loading.moddiscovery.ModFileParser/LOADING]: Considering mod file candidate /workspaces/Sever-Prueba-3/servidor_minecraft/mods/The-Hordes-1.20.1-1.5.4c.jar
[14Sep2025 20:32:52.745] [main/DEBUG] [net.minecraftforge.fml.loading.moddiscovery.ModFileInfo/LOADING]: Found valid mod file The-Hordes-1.20.1-1.5.4c.jar with {hordes} mods - versions {1.5.4c}
[14Sep2025 20:32:52.745] [main/DEBUG] [net.minecraftforge.fml.loading.moddiscovery.ModFile/LOADING]: Loading mod file /workspaces/Sever-Prueba-3/servidor_minecraft/mods/The-Hordes-1.20.1-1.5.4c.jar with languages [LanguageSpec[languageName=javafml, acceptedVersions=[34,)]]
[14Sep2025 20:32:52.745] [main/DEBUG] [net.minecraftforge.fml.loading.moddiscovery.ModFileParser/LOADING]: Considering mod file candidate 
[14Sep2025 20:32:52.746] [main/DEBUG] [net.minecraftforge.fml.loading.moddiscovery.ModFileInfo/LOADING]: Found valid mod file fabric-screen-api-v1-2.0.9+45a670a577.jar with {fabric_screen_api_v1} mods - versions {2.0.9+45a670a577}
[14Sep2025 20:32:52.746] [main/DEBUG] [net.minecraftforge.fml.loading.moddiscovery.ModFile/LOADING]: Loading mod file  with languages [LanguageSpec[languageName=javafml, acceptedVersions=[47,)]]
[14Sep2025 20:32:52.746] [main/DEBUG] [net.minecraftforge.fml.loading.moddiscovery.ModFileParser/LOADING]: Considering mod file candidate /workspaces/Sever-Prueba-3/servidor_minecraft/mods/SnowRealMagic-1.20.1-Forge-10.6.5.jar
[14Sep2025 20:32:52.746] [main/DEBUG] [net.minecraftforge.fml.loading.moddiscovery.ModFileInfo/LOADING]: Found valid mod file SnowRealMagic-1.20.1-Forge-10.6.5.jar with {snowrealmagic} mods - versions {10.6.5}
[14Sep2025 20:32:52.746] [main/DEBUG] [net.minecraftforge.fml.loading.moddiscovery.ModFile/LOADING]: Loading mod file /workspaces/Sever-Prueba-3/servidor_minecraft/mods/SnowRealMagic-1.20.1-Forge-10.6.5.jar with languages [LanguageSpec[languageName=javafml, acceptedVersions=[46,)]]
[14Sep2025 20:32:52.747] [main/DEBUG] [net.minecraftforge.fml.loading.moddiscovery.ModFileParser/LOADING]: Considering mod file candidate /workspaces/Sever-Prueba-3/servidor_minecraft/mods/melody_forge_1.0.3_MC_1.20.1-1.20.4.jar
[14Sep2025 20:32:52.747] [main/DEBUG] [net.minecraftforge.fml.loading.moddiscovery.ModFileInfo/LOADING]: Found valid mod file melody_forge_1.0.3_MC_1.20.1-1.20.4.jar with {melody} mods - versions {1.0.2}
[14Sep2025 20:32:52.747] [main/DEBUG] [net.minecraftforge.fml.loading.moddiscovery.ModFile/LOADING]: Loading mod file /workspaces/Sever-Prueba-3/servidor_minecraft/mods/melody_forge_1.0.3_MC_1.20.1-1.20.4.jar with languages [LanguageSpec[languageName=javafml, acceptedVersions=[47,)]]
[14Sep2025 20:32:52.747] [main/DEBUG] [net.minecraftforge.fml.loading.moddiscovery.ModFileParser/LOADING]: Considering mod file candidate /workspaces/Sever-Prueba-3/servidor_minecraft/mods/cloth-config-11.1.136-forge.jar
[14Sep2025 20:32:52.748] [main/DEBUG] [net.minecraftforge.fml.loading.moddiscovery.ModFileInfo/LOADING]: Found valid mod file cloth-config-11.1.136-forge.jar with {cloth_config} mods - versions {11.1.136}
[14Sep2025 20:32:52.748] [main/DEBUG] [net.minecraftforge.fml.loading.moddiscovery.ModFile/LOADING]: Loading mod file /workspaces/Sever-Prueba-3/servidor_minecraft/mods/cloth-config-11.1.136-forge.jar with languages [LanguageSpec[languageName=javafml, acceptedVersions=[34,)]]
[14Sep2025 20:32:52.748] [main/DEBUG] [net.minecraftforge.fml.loading.moddiscovery.ModFileParser/LOADING]: Considering mod file candidate /workspaces/Sever-Prueba-3/servidor_minecraft/mods/Paraglider-forge-20.1.3.jar
[14Sep2025 20:32:52.748] [main/DEBUG] [net.minecraftforge.fml.loading.moddiscovery.ModFileInfo/LOADING]: Found valid mod file Paraglider-forge-20.1.3.jar with {paraglider} mods - versions {20.1.3}
[14Sep2025 20:32:52.748] [main/DEBUG] [net.minecraftforge.fml.loading.moddiscovery.ModFile/LOADING]: Loading mod file /workspaces/Sever-Prueba-3/servidor_minecraft/mods/Paraglider-forge-20.1.3.jar with languages [LanguageSpec[languageName=javafml, acceptedVersions=[47,)]]
[14Sep2025 20:32:52.749] [main/DEBUG] [net.minecraftforge.fml.loading.moddiscovery.ModFileParser/LOADING]: Considering mod file candidate /workspaces/Sever-Prueba-3/servidor_minecraft/mods/fabric-api-0.92.6+1.11.14+1.20.1.jar
[14Sep2025 20:32:52.749] [main/DEBUG] [net.minecraftforge.fml.loading.moddiscovery.ModFileInfo/LOADING]: Found valid mod file fabric-api-0.92.6+1.11.14+1.20.1.jar with {fabric_api} mods - versions {0.92.6+1.11.14+1.20.1}
[14Sep2025 20:32:52.749] [main/DEBUG] [net.minecraftforge.fml.loading.moddiscovery.ModFile/LOADING]: Loading mod file /workspaces/Sever-Prueba-3/servidor_minecraft/mods/fabric-api-0.92.6+1.11.14+1.20.1.jar with languages [LanguageSpec[languageName=javafml, acceptedVersions=[47,)]]
[14Sep2025 20:32:52.749] [main/DEBUG] [net.minecraftforge.fml.loading.moddiscovery.ModFileParser/LOADING]: Considering mod file candidate 
[14Sep2025 20:32:52.750] [main/DEBUG] [net.minecraftforge.fml.loading.moddiscovery.ModFileInfo/LOADING]: Found valid mod file fabric-content-registries-v0-4.0.13+a670df1e77.jar with {fabric_content_registries_v0} mods - versions {4.0.13+a670df1e77}
[14Sep2025 20:32:52.750] [main/DEBUG] [net.minecraftforge.fml.loading.moddiscovery.ModFile/LOADING]: Loading mod file  with languages [LanguageSpec[languageName=javafml, acceptedVersions=[47,)]]
[14Sep2025 20:32:52.750] [main/DEBUG] [net.minecraftforge.fml.loading.moddiscovery.ModFileParser/LOADING]: Found coremod mutableWeatherableBlocks with Javascript path META-INF/asm/mutableOxidizableBlocks.js
[14Sep2025 20:32:52.750] [main/DEBUG] [net.minecraftforge.fml.loading.moddiscovery.ModFile/LOADING]: Found coremod META-INF/asm/mutableOxidizableBlocks.js
[14Sep2025 20:32:52.750] [main/DEBUG] [net.minecraftforge.fml.loading.moddiscovery.ModFileParser/LOADING]: Considering mod file candidate /workspaces/Sever-Prueba-3/servidor_minecraft/mods/embeddium-0.3.31+mc1.20.1.jar
[14Sep2025 20:32:52.751] [main/DEBUG] [net.minecraftforge.fml.loading.moddiscovery.ModFileInfo/LOADING]: Found valid mod file embeddium-0.3.31+mc1.20.1.jar with {embeddium,rubidium} mods - versions {0.3.31+mc1.20.1,0.7.1}
[14Sep2025 20:32:52.751] [main/DEBUG] [net.minecraftforge.fml.loading.moddiscovery.ModFile/LOADING]: Loading mod file /workspaces/Sever-Prueba-3/servidor_minecraft/mods/embeddium-0.3.31+mc1.20.1.jar with languages [LanguageSpec[languageName=javafml, acceptedVersions=[47,)]]
[14Sep2025 20:32:52.751] [main/DEBUG] [net.minecraftforge.fml.loading.moddiscovery.ModFileParser/LOADING]: Considering mod file candidate /workspaces/Sever-Prueba-3/servidor_minecraft/mods/konkrete_forge_1.8.0_MC_1.20-1.20.1.jar
[14Sep2025 20:32:52.751] [main/DEBUG] [net.minecraftforge.fml.loading.moddiscovery.ModFileInfo/LOADING]: Found valid mod file konkrete_forge_1.8.0_MC_1.20-1.20.1.jar with {konkrete} mods - versions {1.8.0}
[14Sep2025 20:32:52.752] [main/DEBUG] [net.minecraftforge.fml.loading.moddiscovery.ModFile/LOADING]: Loading mod file /workspaces/Sever-Prueba-3/servidor_minecraft/mods/konkrete_forge_1.8.0_MC_1.20-1.20.1.jar with languages [LanguageSpec[languageName=javafml, acceptedVersions=[46,)]]
[14Sep2025 20:32:52.752] [main/DEBUG] [net.minecraftforge.fml.loading.moddiscovery.ModFileParser/LOADING]: Considering mod file candidate /workspaces/Sever-Prueba-3/servidor_minecraft/mods/letsdo-bloomingnature-forge-1.0.12.jar
[14Sep2025 20:32:52.752] [main/DEBUG] [net.minecraftforge.fml.loading.moddiscovery.ModFileInfo/LOADING]: Found valid mod file letsdo-bloomingnature-forge-1.0.12.jar with {bloomingnature} mods - versions {1.0.12}
[14Sep2025 20:32:52.752] [main/DEBUG] [net.minecraftforge.fml.loading.moddiscovery.ModFile/LOADING]: Loading mod file /workspaces/Sever-Prueba-3/servidor_minecraft/mods/letsdo-bloomingnature-forge-1.0.12.jar with languages [LanguageSpec[languageName=javafml, acceptedVersions=[47,)]]
[14Sep2025 20:32:52.752] [main/DEBUG] [net.minecraftforge.fml.loading.moddiscovery.ModFileParser/LOADING]: Considering mod file candidate /workspaces/Sever-Prueba-3/servidor_minecraft/mods/entity_model_features_1.20.1-forge-3.0.1.jar
[14Sep2025 20:32:52.753] [main/DEBUG] [net.minecraftforge.fml.loading.moddiscovery.ModFileInfo/LOADING]: Found valid mod file entity_model_features_1.20.1-forge-3.0.1.jar with {entity_model_features} mods - versions {3.0.1}
[14Sep2025 20:32:52.753] [main/DEBUG] [net.minecraftforge.fml.loading.moddiscovery.ModFile/LOADING]: Loading mod file /workspaces/Sever-Prueba-3/servidor_minecraft/mods/entity_model_features_1.20.1-forge-3.0.1.jar with languages [LanguageSpec[languageName=javafml, acceptedVersions=[33,)]]
[14Sep2025 20:32:52.753] [main/DEBUG] [net.minecraftforge.fml.loading.moddiscovery.ModFileParser/LOADING]: Considering mod file candidate /workspaces/Sever-Prueba-3/servidor_minecraft/mods/tenshilib-1.20.1-1.7.6-forge.jar
[14Sep2025 20:32:52.754] [main/DEBUG] [net.minecraftforge.fml.loading.moddiscovery.ModFileInfo/LOADING]: Found valid mod file tenshilib-1.20.1-1.7.6-forge.jar with {tenshilib} mods - versions {1.20.1-1.7.6}
[14Sep2025 20:32:52.754] [main/DEBUG] [net.minecraftforge.fml.loading.moddiscovery.ModFile/LOADING]: Loading mod file /workspaces/Sever-Prueba-3/servidor_minecraft/mods/tenshilib-1.20.1-1.7.6-forge.jar with languages [LanguageSpec[languageName=javafml, acceptedVersions=[0.14.21,)]]
[14Sep2025 20:32:52.754] [main/DEBUG] [net.minecraftforge.fml.loading.moddiscovery.ModFileParser/LOADING]: Considering mod file candidate /workspaces/Sever-Prueba-3/servidor_minecraft/mods/entity_texture_features_1.20.1-forge-7.0.1.jar
[14Sep2025 20:32:52.754] [main/DEBUG] [net.minecraftforge.fml.loading.moddiscovery.ModFileInfo/LOADING]: Found valid mod file entity_texture_features_1.20.1-forge-7.0.1.jar with {entity_texture_features} mods - versions {7.0.1}
[14Sep2025 20:32:52.754] [main/DEBUG] [net.minecraftforge.fml.loading.moddiscovery.ModFile/LOADING]: Loading mod file /workspaces/Sever-Prueba-3/servidor_minecraft/mods/entity_texture_features_1.20.1-forge-7.0.1.jar with languages [LanguageSpec[languageName=javafml, acceptedVersions=[33,)]]
[14Sep2025 20:32:52.755] [main/DEBUG] [net.minecraftforge.fml.loading.moddiscovery.ModFileParser/LOADING]: Considering mod file candidate /workspaces/Sever-Prueba-3/servidor_minecraft/mods/combatroll-forge-1.3.3+1.20.1.jar
[14Sep2025 20:32:52.755] [main/DEBUG] [net.minecraftforge.fml.loading.moddiscovery.ModFileInfo/LOADING]: Found valid mod file combatroll-forge-1.3.3+1.20.1.jar with {combatroll} mods - versions {1.3.3+1.20.1}
[14Sep2025 20:32:52.755] [main/DEBUG] [net.minecraftforge.fml.loading.moddiscovery.ModFile/LOADING]: Loading mod file /workspaces/Sever-Prueba-3/servidor_minecraft/mods/combatroll-forge-1.3.3+1.20.1.jar with languages [LanguageSpec[languageName=javafml, acceptedVersions=[39,)]]
[14Sep2025 20:32:52.755] [main/DEBUG] [net.minecraftforge.fml.loading.moddiscovery.ModFileParser/LOADING]: Considering mod file candidate 
[14Sep2025 20:32:52.756] [main/DEBUG] [net.minecraftforge.fml.loading.moddiscovery.ModFileInfo/LOADING]: Found valid mod file fabric-game-rule-api-v1-1.0.41+683d4da877.jar with {fabric_game_rule_api_v1} mods - versions {1.0.41+683d4da877}
[14Sep2025 20:32:52.756] [main/DEBUG] [net.minecraftforge.fml.loading.moddiscovery.ModFile/LOADING]: Loading mod file  with languages [LanguageSpec[languageName=javafml, acceptedVersions=[47,)]]
[14Sep2025 20:32:52.756] [main/DEBUG] [net.minecraftforge.fml.loading.moddiscovery.ModFileParser/LOADING]: Considering mod file candidate /workspaces/Sever-Prueba-3/servidor_minecraft/mods/AmbientSounds_FORGE_v6.1.11_mc1.20.1.jar
[14Sep2025 20:32:52.757] [main/DEBUG] [net.minecraftforge.fml.loading.moddiscovery.ModFileInfo/LOADING]: Found valid mod file AmbientSounds_FORGE_v6.1.11_mc1.20.1.jar with {ambientsounds} mods - versions {6.1.11}
[14Sep2025 20:32:52.757] [main/DEBUG] [net.minecraftforge.fml.loading.moddiscovery.ModFile/LOADING]: Loading mod file /workspaces/Sever-Prueba-3/servidor_minecraft/mods/AmbientSounds_FORGE_v6.1.11_mc1.20.1.jar with languages [LanguageSpec[languageName=javafml, acceptedVersions=[46,)]]
[14Sep2025 20:32:52.757] [main/DEBUG] [net.minecraftforge.fml.loading.moddiscovery.ModFileParser/LOADING]: Considering mod file candidate 
[14Sep2025 20:32:52.757] [main/DEBUG] [net.minecraftforge.fml.loading.moddiscovery.ModFileInfo/LOADING]: Found valid mod file fabric-api-lookup-api-v1-1.6.37+67f9824077.jar with {fabric_api_lookup_api_v1} mods - versions {1.6.37+67f9824077}
[14Sep2025 20:32:52.757] [main/DEBUG] [net.minecraftforge.fml.loading.moddiscovery.ModFile/LOADING]: Loading mod file  with languages [LanguageSpec[languageName=javafml, acceptedVersions=[47,)]]
[14Sep2025 20:32:52.758] [main/DEBUG] [net.minecraftforge.fml.loading.moddiscovery.ModFileParser/LOADING]: Considering mod file candidate 
[14Sep2025 20:32:52.758] [main/DEBUG] [net.minecraftforge.fml.loading.moddiscovery.ModFileInfo/LOADING]: Found valid mod file mod-4.0.11.jar with {gml} mods - versions {4.0.11}
[14Sep2025 20:32:52.758] [main/DEBUG] [net.minecraftforge.fml.loading.moddiscovery.ModFile/LOADING]: Loading mod file  with languages [LanguageSpec[languageName=gml, acceptedVersions=[4.0.11,)]]
[14Sep2025 20:32:52.758] [main/DEBUG] [net.minecraftforge.fml.loading.moddiscovery.ModFileParser/LOADING]: Considering mod file candidate /workspaces/Sever-Prueba-3/servidor_minecraft/mods/projectvibrantjourneys-1.20.1-6.2.0.jar
[14Sep2025 20:32:52.759] [main/DEBUG] [net.minecraftforge.fml.loading.moddiscovery.ModFileInfo/LOADING]: Found valid mod file projectvibrantjourneys-1.20.1-6.2.0.jar with {projectvibrantjourneys} mods - versions {1.20.1-6.2.0}
[14Sep2025 20:32:52.759] [main/DEBUG] [net.minecraftforge.fml.loading.moddiscovery.ModFile/LOADING]: Loading mod file /workspaces/Sever-Prueba-3/servidor_minecraft/mods/projectvibrantjourneys-1.20.1-6.2.0.jar with languages [LanguageSpec[languageName=javafml, acceptedVersions=[47,)]]
[14Sep2025 20:32:52.759] [main/DEBUG] [net.minecraftforge.fml.loading.moddiscovery.ModFileParser/LOADING]: Considering mod file candidate /workspaces/Sever-Prueba-3/servidor_minecraft/mods/pandalib-forge-mc1.20-0.5.2-SNAPSHOT.jar
[14Sep2025 20:32:52.759] [main/DEBUG] [net.minecraftforge.fml.loading.moddiscovery.ModFileInfo/LOADING]: Found valid mod file pandalib-forge-mc1.20-0.5.2-SNAPSHOT.jar with {pandalib} mods - versions {0.5.2}
[14Sep2025 20:32:52.759] [main/DEBUG] [net.minecraftforge.fml.loading.moddiscovery.ModFile/LOADING]: Loading mod file /workspaces/Sever-Prueba-3/servidor_minecraft/mods/pandalib-forge-mc1.20-0.5.2-SNAPSHOT.jar with languages [LanguageSpec[languageName=javafml, acceptedVersions=*]]
[14Sep2025 20:32:52.760] [main/DEBUG] [net.minecraftforge.fml.loading.moddiscovery.ModFileParser/LOADING]: Considering mod file candidate /workspaces/Sever-Prueba-3/servidor_minecraft/mods/Patchouli-1.20.1-84.1-FORGE.jar
[14Sep2025 20:32:52.760] [main/DEBUG] [net.minecraftforge.fml.loading.moddiscovery.ModFileInfo/LOADING]: Found valid mod file Patchouli-1.20.1-84.1-FORGE.jar with {patchouli} mods - versions {1.20.1-84.1-FORGE}
[14Sep2025 20:32:52.760] [main/DEBUG] [net.minecraftforge.fml.loading.moddiscovery.ModFile/LOADING]: Loading mod file /workspaces/Sever-Prueba-3/servidor_minecraft/mods/Patchouli-1.20.1-84.1-FORGE.jar with languages [LanguageSpec[languageName=javafml, acceptedVersions=[47,)]]
[14Sep2025 20:32:52.760] [main/DEBUG] [net.minecraftforge.fml.loading.moddiscovery.ModFileParser/LOADING]: Considering mod file candidate /workspaces/Sever-Prueba-3/servidor_minecraft/mods/oculus-mc1.20.1-1.8.0.jar
[14Sep2025 20:32:52.761] [main/DEBUG] [net.minecraftforge.fml.loading.moddiscovery.ModFileInfo/LOADING]: Found valid mod file oculus-mc1.20.1-1.8.0.jar with {oculus} mods - versions {1.8.0}
[14Sep2025 20:32:52.761] [main/DEBUG] [net.minecraftforge.fml.loading.moddiscovery.ModFile/LOADING]: Loading mod file /workspaces/Sever-Prueba-3/servidor_minecraft/mods/oculus-mc1.20.1-1.8.0.jar with languages [LanguageSpec[languageName=javafml, acceptedVersions=*]]
[14Sep2025 20:32:52.761] [main/DEBUG] [net.minecraftforge.fml.loading.moddiscovery.ModFileParser/LOADING]: Considering mod file candidate 
[14Sep2025 20:32:52.761] [main/DEBUG] [net.minecraftforge.fml.loading.moddiscovery.ModFileInfo/LOADING]: Found valid mod file cgl-1.20-forge-0.3.3.jar with {commongroovylibrary} mods - versions {0.3.3}
[14Sep2025 20:32:52.761] [main/DEBUG] [net.minecraftforge.fml.loading.moddiscovery.ModFile/LOADING]: Loading mod file  with languages [LanguageSpec[languageName=gml, acceptedVersions=[1,)]]
[14Sep2025 20:32:52.762] [main/DEBUG] [net.minecraftforge.fml.loading.moddiscovery.ModFileParser/LOADING]: Considering mod file candidate /workspaces/Sever-Prueba-3/servidor_minecraft/mods/collective-1.20.1-8.3.jar
[14Sep2025 20:32:52.762] [main/DEBUG] [net.minecraftforge.fml.loading.moddiscovery.ModFileInfo/LOADING]: Found valid mod file collective-1.20.1-8.3.jar with {collective} mods - versions {8.3}
[14Sep2025 20:32:52.762] [main/DEBUG] [net.minecraftforge.fml.loading.moddiscovery.ModFile/LOADING]: Loading mod file /workspaces/Sever-Prueba-3/servidor_minecraft/mods/collective-1.20.1-8.3.jar with languages [LanguageSpec[languageName=javafml, acceptedVersions=*]]
[14Sep2025 20:32:52.762] [main/DEBUG] [net.minecraftforge.fml.loading.moddiscovery.ModFileParser/LOADING]: Considering mod file candidate /workspaces/Sever-Prueba-3/servidor_minecraft/mods/Keerdm Zombie Apocalypse Essentials (TACZ) 1.41.jar
[14Sep2025 20:32:52.763] [main/DEBUG] [net.minecraftforge.fml.loading.moddiscovery.ModFileInfo/LOADING]: Found valid mod file Keerdm Zombie Apocalypse Essentials (TACZ) 1.41.jar with {keerdm_zombie_essentials} mods - versions {1.4}
[14Sep2025 20:32:52.763] [main/DEBUG] [net.minecraftforge.fml.loading.moddiscovery.ModFile/LOADING]: Loading mod file /workspaces/Sever-Prueba-3/servidor_minecraft/mods/Keerdm Zombie Apocalypse Essentials (TACZ) 1.41.jar with languages [LanguageSpec[languageName=lowcodefml, acceptedVersions=[40,)]]
[14Sep2025 20:32:52.763] [main/DEBUG] [net.minecraftforge.fml.loading.moddiscovery.ModFileParser/LOADING]: Considering mod file candidate /workspaces/Sever-Prueba-3/servidor_minecraft/mods/lostcities-1.20-7.4.3.jar
[14Sep2025 20:32:52.763] [main/DEBUG] [net.minecraftforge.fml.loading.moddiscovery.ModFileInfo/LOADING]: Found valid mod file lostcities-1.20-7.4.3.jar with {lostcities} mods - versions {1.20-7.4.3}
[14Sep2025 20:32:52.763] [main/DEBUG] [net.minecraftforge.fml.loading.moddiscovery.ModFile/LOADING]: Loading mod file /workspaces/Sever-Prueba-3/servidor_minecraft/mods/lostcities-1.20-7.4.3.jar with languages [LanguageSpec[languageName=javafml, acceptedVersions=[47,)]]
[14Sep2025 20:32:52.764] [main/DEBUG] [net.minecraftforge.fml.loading.moddiscovery.ModFileParser/LOADING]: Considering mod file candidate 
[14Sep2025 20:32:52.764] [main/DEBUG] [net.minecraftforge.fml.loading.moddiscovery.ModFileInfo/LOADING]: Found valid mod file Connector-1.0.0-beta.46+1.20.1-mod.jar with {connectormod} mods - versions {1.0.0-beta.46+1.20.1}
[14Sep2025 20:32:52.764] [main/DEBUG] [net.minecraftforge.fml.loading.moddiscovery.ModFile/LOADING]: Loading mod file  with languages [LanguageSpec[languageName=javafml, acceptedVersions=[47,)]]
[14Sep2025 20:32:52.764] [main/DEBUG] [net.minecraftforge.fml.loading.moddiscovery.ModFileParser/LOADING]: Found coremod injectCreativeModeTabCtr with Javascript path META-INF/asm/injectCreativeModeTabCtr.js
[14Sep2025 20:32:52.765] [main/DEBUG] [net.minecraftforge.fml.loading.moddiscovery.ModFileParser/LOADING]: Found coremod injectFabricASM with Javascript path META-INF/asm/injectFabricASM.js
[14Sep2025 20:32:52.765] [main/DEBUG] [net.minecraftforge.fml.loading.moddiscovery.ModFileParser/LOADING]: Found coremod updateItemUseStartTreshold with Javascript path META-INF/asm/updateItemUseStartTreshold.js
[14Sep2025 20:32:52.765] [main/DEBUG] [net.minecraftforge.fml.loading.moddiscovery.ModFileParser/LOADING]: Found coremod expandLocalVarScope with Javascript path META-INF/asm/expandLocalVarScope.js
[14Sep2025 20:32:52.765] [main/DEBUG] [net.minecraftforge.fml.loading.moddiscovery.ModFileParser/LOADING]: Found coremod fixFieldSignatureChanges with Javascript path META-INF/asm/fixFieldSignatureChanges.js
[14Sep2025 20:32:52.765] [main/DEBUG] [net.minecraftforge.fml.loading.moddiscovery.ModFile/LOADING]: Found coremod META-INF/asm/injectCreativeModeTabCtr.js
[14Sep2025 20:32:52.765] [main/DEBUG] [net.minecraftforge.fml.loading.moddiscovery.ModFile/LOADING]: Found coremod META-INF/asm/injectFabricASM.js
[14Sep2025 20:32:52.765] [main/DEBUG] [net.minecraftforge.fml.loading.moddiscovery.ModFile/LOADING]: Found coremod META-INF/asm/updateItemUseStartTreshold.js
[14Sep2025 20:32:52.765] [main/DEBUG] [net.minecraftforge.fml.loading.moddiscovery.ModFile/LOADING]: Found coremod META-INF/asm/expandLocalVarScope.js
[14Sep2025 20:32:52.765] [main/DEBUG] [net.minecraftforge.fml.loading.moddiscovery.ModFile/LOADING]: Found coremod META-INF/asm/fixFieldSignatureChanges.js
[14Sep2025 20:32:52.765] [main/DEBUG] [net.minecraftforge.fml.loading.moddiscovery.ModFileParser/LOADING]: Considering mod file candidate 
[14Sep2025 20:32:52.766] [main/DEBUG] [net.minecraftforge.fml.loading.moddiscovery.ModFileInfo/LOADING]: Found valid mod file fabric-entity-events-v1-1.6.1+4ca7515277.jar with {fabric_entity_events_v1} mods - versions {1.6.1+4ca7515277}
[14Sep2025 20:32:52.766] [main/DEBUG] [net.minecraftforge.fml.loading.moddiscovery.ModFile/LOADING]: Loading mod file  with languages [LanguageSpec[languageName=javafml, acceptedVersions=[47,)]]
[14Sep2025 20:32:52.766] [main/DEBUG] [net.minecraftforge.fml.loading.moddiscovery.ModFileParser/LOADING]: Considering mod file candidate /workspaces/Sever-Prueba-3/servidor_minecraft/mods/pointblank-forge-1.20.1-1.9.6.jar
[14Sep2025 20:32:52.767] [main/DEBUG] [net.minecraftforge.fml.loading.moddiscovery.ModFileInfo/LOADING]: Found valid mod file pointblank-forge-1.20.1-1.9.6.jar with {pointblank} mods - versions {1.9.6}
[14Sep2025 20:32:52.767] [main/DEBUG] [net.minecraftforge.fml.loading.moddiscovery.ModFile/LOADING]: Loading mod file /workspaces/Sever-Prueba-3/servidor_minecraft/mods/pointblank-forge-1.20.1-1.9.6.jar with languages [LanguageSpec[languageName=javafml, acceptedVersions=[47,)]]
[14Sep2025 20:32:52.767] [main/DEBUG] [net.minecraftforge.fml.loading.moddiscovery.ModFileParser/LOADING]: Considering mod file candidate /workspaces/Sever-Prueba-3/servidor_minecraft/mods/Atlas Lib-1.20.1-1.1.12.jar
[14Sep2025 20:32:52.767] [main/DEBUG] [net.minecraftforge.fml.loading.moddiscovery.ModFileInfo/LOADING]: Found valid mod file Atlas Lib-1.20.1-1.1.12.jar with {atlaslib} mods - versions {1.1.12}
[14Sep2025 20:32:52.767] [main/DEBUG] [net.minecraftforge.fml.loading.moddiscovery.ModFile/LOADING]: Loading mod file /workspaces/Sever-Prueba-3/servidor_minecraft/mods/Atlas Lib-1.20.1-1.1.12.jar with languages [LanguageSpec[languageName=javafml, acceptedVersions=[46,)]]
[14Sep2025 20:32:52.767] [main/DEBUG] [net.minecraftforge.fml.loading.moddiscovery.ModFileParser/LOADING]: Considering mod file candidate /workspaces/Sever-Prueba-3/servidor_minecraft/mods/eatinganimation-1.20.1-5.1.0.jar
[14Sep2025 20:32:52.768] [main/DEBUG] [net.minecraftforge.fml.loading.moddiscovery.ModFileInfo/LOADING]: Found valid mod file eatinganimation-1.20.1-5.1.0.jar with {eatinganimation} mods - versions {5.1.0}
[14Sep2025 20:32:52.768] [main/DEBUG] [net.minecraftforge.fml.loading.moddiscovery.ModFile/LOADING]: Loading mod file /workspaces/Sever-Prueba-3/servidor_minecraft/mods/eatinganimation-1.20.1-5.1.0.jar with languages [LanguageSpec[languageName=gml, acceptedVersions=[1,)]]
[14Sep2025 20:32:52.768] [main/DEBUG] [net.minecraftforge.fml.loading.moddiscovery.ModFileParser/LOADING]: Considering mod file candidate /workspaces/Sever-Prueba-3/servidor_minecraft/mods/starterkit-1.20.1-7.4.jar
[14Sep2025 20:32:52.768] [main/DEBUG] [net.minecraftforge.fml.loading.moddiscovery.ModFileInfo/LOADING]: Found valid mod file starterkit-1.20.1-7.4.jar with {starterkit} mods - versions {7.4}
[14Sep2025 20:32:52.769] [main/DEBUG] [net.minecraftforge.fml.loading.moddiscovery.ModFile/LOADING]: Loading mod file /workspaces/Sever-Prueba-3/servidor_minecraft/mods/starterkit-1.20.1-7.4.jar with languages [LanguageSpec[languageName=javafml, acceptedVersions=*]]
[14Sep2025 20:32:52.769] [main/DEBUG] [net.minecraftforge.fml.loading.moddiscovery.ModFileParser/LOADING]: Considering mod file candidate /workspaces/Sever-Prueba-3/servidor_minecraft/mods/architectury-9.2.14-forge.jar
[14Sep2025 20:32:52.769] [main/DEBUG] [net.minecraftforge.fml.loading.moddiscovery.ModFileInfo/LOADING]: Found valid mod file architectury-9.2.14-forge.jar with {architectury} mods - versions {9.2.14}
[14Sep2025 20:32:52.769] [main/DEBUG] [net.minecraftforge.fml.loading.moddiscovery.ModFile/LOADING]: Loading mod file /workspaces/Sever-Prueba-3/servidor_minecraft/mods/architectury-9.2.14-forge.jar with languages [LanguageSpec[languageName=javafml, acceptedVersions=[46,)]]
[14Sep2025 20:32:52.769] [main/DEBUG] [net.minecraftforge.fml.loading.moddiscovery.ModFileParser/LOADING]: Considering mod file candidate /workspaces/Sever-Prueba-3/servidor_minecraft/mods/cfm-forge-1.20.1-7.0.0-pre36.jar
[14Sep2025 20:32:52.770] [main/DEBUG] [net.minecraftforge.fml.loading.moddiscovery.ModFileInfo/LOADING]: Found valid mod file cfm-forge-1.20.1-7.0.0-pre36.jar with {cfm} mods - versions {7.0.0-pre36}
[14Sep2025 20:32:52.770] [main/DEBUG] [net.minecraftforge.fml.loading.moddiscovery.ModFile/LOADING]: Loading mod file /workspaces/Sever-Prueba-3/servidor_minecraft/mods/cfm-forge-1.20.1-7.0.0-pre36.jar with languages [LanguageSpec[languageName=javafml, acceptedVersions=[39,)]]
[14Sep2025 20:32:52.770] [main/DEBUG] [net.minecraftforge.fml.loading.moddiscovery.ModFileParser/LOADING]: Considering mod file candidate 
[14Sep2025 20:32:52.771] [main/DEBUG] [net.minecraftforge.fml.loading.moddiscovery.ModFileInfo/LOADING]: Found valid mod file fabric-loot-api-v2-1.2.3+eb28f93e77.jar with {fabric_loot_api_v2} mods - versions {1.2.3+eb28f93e77}
[14Sep2025 20:32:52.771] [main/DEBUG] [net.minecraftforge.fml.loading.moddiscovery.ModFile/LOADING]: Loading mod file  with languages [LanguageSpec[languageName=javafml, acceptedVersions=[47,)]]
[14Sep2025 20:32:52.771] [main/DEBUG] [net.minecraftforge.fml.loading.moddiscovery.ModFileParser/LOADING]: Considering mod file candidate 
[14Sep2025 20:32:52.771] [main/DEBUG] [net.minecraftforge.fml.loading.moddiscovery.ModFileInfo/LOADING]: Found valid mod file TRansition-1.0.3-1.20.1-forge-SNAPSHOT.jar with {transition} mods - versions {1.0.3}
[14Sep2025 20:32:52.771] [main/DEBUG] [net.minecraftforge.fml.loading.moddiscovery.ModFile/LOADING]: Loading mod file  with languages [LanguageSpec[languageName=javafml, acceptedVersions=[28,)]]
[14Sep2025 20:32:52.771] [main/DEBUG] [net.minecraftforge.fml.loading.moddiscovery.ModFileParser/LOADING]: Considering mod file candidate /workspaces/Sever-Prueba-3/servidor_minecraft/mods/ItemPhysic_FORGE_v1.8.8_mc1.20.1.jar
[14Sep2025 20:32:52.772] [main/DEBUG] [net.minecraftforge.fml.loading.moddiscovery.ModFileInfo/LOADING]: Found valid mod file ItemPhysic_FORGE_v1.8.8_mc1.20.1.jar with {itemphysic} mods - versions {1.8.8}
[14Sep2025 20:32:52.772] [main/DEBUG] [net.minecraftforge.fml.loading.moddiscovery.ModFile/LOADING]: Loading mod file /workspaces/Sever-Prueba-3/servidor_minecraft/mods/ItemPhysic_FORGE_v1.8.8_mc1.20.1.jar with languages [LanguageSpec[languageName=javafml, acceptedVersions=[46,)]]
[14Sep2025 20:32:52.772] [main/DEBUG] [net.minecraftforge.fml.loading.moddiscovery.ModFileParser/LOADING]: Considering mod file candidate 
[14Sep2025 20:32:52.773] [main/DEBUG] [net.minecraftforge.fml.loading.moddiscovery.ModFileInfo/LOADING]: Found valid mod file fabric-rendering-data-attachment-v1-0.3.39+a6081afc77.jar with {fabric_rendering_data_attachment_v1} mods - versions {0.3.39+a6081afc77}
[14Sep2025 20:32:52.773] [main/DEBUG] [net.minecraftforge.fml.loading.moddiscovery.ModFile/LOADING]: Loading mod file  with languages [LanguageSpec[languageName=javafml, acceptedVersions=[47,)]]
[14Sep2025 20:32:52.773] [main/DEBUG] [net.minecraftforge.fml.loading.moddiscovery.ModFileParser/LOADING]: Considering mod file candidate /workspaces/Sever-Prueba-3/servidor_minecraft/mods/MRU-1.0.4+1.20.1+forge.jar
[14Sep2025 20:32:52.773] [main/DEBUG] [net.minecraftforge.fml.loading.moddiscovery.ModFileInfo/LOADING]: Found valid mod file MRU-1.0.4+1.20.1+forge.jar with {mru} mods - versions {1.0.4+1.20.1+forge}
[14Sep2025 20:32:52.773] [main/DEBUG] [net.minecraftforge.fml.loading.moddiscovery.ModFile/LOADING]: Loading mod file /workspaces/Sever-Prueba-3/servidor_minecraft/mods/MRU-1.0.4+1.20.1+forge.jar with languages [LanguageSpec[languageName=javafml, acceptedVersions=[47,)]]
[14Sep2025 20:32:52.774] [main/DEBUG] [net.minecraftforge.fml.loading.moddiscovery.ModFileParser/LOADING]: Considering mod file candidate 
[14Sep2025 20:32:52.774] [main/DEBUG] [net.minecraftforge.fml.loading.moddiscovery.ModFileInfo/LOADING]: Found valid mod file fabric-networking-api-v1-1.3.14+fb7c822677.jar with {fabric_networking_api_v1} mods - versions {1.3.14+fb7c822677}
[14Sep2025 20:32:52.774] [main/DEBUG] [net.minecraftforge.fml.loading.moddiscovery.ModFile/LOADING]: Loading mod file  with languages [LanguageSpec[languageName=javafml, acceptedVersions=[47,)]]
[14Sep2025 20:32:52.774] [main/DEBUG] [net.minecraftforge.fml.loading.moddiscovery.ModFileParser/LOADING]: Considering mod file candidate /workspaces/Sever-Prueba-3/servidor_minecraft/mods/DynamicTrees-1.20.1-1.4.5.jar
[14Sep2025 20:32:52.775] [main/DEBUG] [net.minecraftforge.fml.loading.moddiscovery.ModFileInfo/LOADING]: Found valid mod file DynamicTrees-1.20.1-1.4.5.jar with {dynamictrees} mods - versions {1.20.1-1.4.5}
[14Sep2025 20:32:52.775] [main/DEBUG] [net.minecraftforge.fml.loading.moddiscovery.ModFile/LOADING]: Loading mod file /workspaces/Sever-Prueba-3/servidor_minecraft/mods/DynamicTrees-1.20.1-1.4.5.jar with languages [LanguageSpec[languageName=javafml, acceptedVersions=[47,)]]
[14Sep2025 20:32:52.775] [main/DEBUG] [net.minecraftforge.fml.loading.moddiscovery.ModFileParser/LOADING]: Considering mod file candidate /workspaces/Sever-Prueba-3/servidor_minecraft/mods/YeetusExperimentus-Forge-2.3.1-build.6+mc1.20.1.jar
[14Sep2025 20:32:52.775] [main/DEBUG] [net.minecraftforge.fml.loading.moddiscovery.ModFileInfo/LOADING]: Found valid mod file YeetusExperimentus-Forge-2.3.1-build.6+mc1.20.1.jar with {yeetusexperimentus} mods - versions {2.3.1-build.6+mc1.20.1}
[14Sep2025 20:32:52.776] [main/DEBUG] [net.minecraftforge.fml.loading.moddiscovery.ModFile/LOADING]: Loading mod file /workspaces/Sever-Prueba-3/servidor_minecraft/mods/YeetusExperimentus-Forge-2.3.1-build.6+mc1.20.1.jar with languages [LanguageSpec[languageName=javafml, acceptedVersions=[44,)]]
[14Sep2025 20:32:52.776] [main/DEBUG] [net.minecraftforge.fml.loading.moddiscovery.ModFileParser/LOADING]: Considering mod file candidate 
[14Sep2025 20:32:52.776] [main/DEBUG] [net.minecraftforge.fml.loading.moddiscovery.ModFileInfo/LOADING]: Found valid mod file fabric-lifecycle-events-v1-2.2.23+afab492177.jar with {fabric_lifecycle_events_v1} mods - versions {2.2.23+afab492177}
[14Sep2025 20:32:52.776] [main/DEBUG] [net.minecraftforge.fml.loading.moddiscovery.ModFile/LOADING]: Loading mod file  with languages [LanguageSpec[languageName=javafml, acceptedVersions=[47,)]]
[14Sep2025 20:32:52.776] [main/DEBUG] [net.minecraftforge.fml.loading.moddiscovery.ModFileParser/LOADING]: Considering mod file candidate 
[14Sep2025 20:32:52.777] [main/DEBUG] [net.minecraftforge.fml.loading.moddiscovery.ModFileInfo/LOADING]: Found valid mod file fabric-key-binding-api-v1-1.0.38+561530ec77.jar with {fabric_key_binding_api_v1} mods - versions {1.0.38+561530ec77}
[14Sep2025 20:32:52.777] [main/DEBUG] [net.minecraftforge.fml.loading.moddiscovery.ModFile/LOADING]: Loading mod file  with languages [LanguageSpec[languageName=javafml, acceptedVersions=[47,)]]
[14Sep2025 20:32:52.777] [main/DEBUG] [net.minecraftforge.fml.loading.moddiscovery.ModFileParser/LOADING]: Considering mod file candidate 
[14Sep2025 20:32:52.777] [main/DEBUG] [net.minecraftforge.fml.loading.moddiscovery.ModFileInfo/LOADING]: Found valid mod file fabric-client-tags-api-v1-1.1.3+5d6761b877.jar with {fabric_client_tags_api_v1} mods - versions {1.1.3+5d6761b877}
[14Sep2025 20:32:52.778] [main/DEBUG] [net.minecraftforge.fml.loading.moddiscovery.ModFile/LOADING]: Loading mod file  with languages [LanguageSpec[languageName=javafml, acceptedVersions=[47,)]]
[14Sep2025 20:32:52.778] [main/DEBUG] [net.minecraftforge.fml.loading.moddiscovery.ModFileParser/LOADING]: Considering mod file candidate 
[14Sep2025 20:32:52.778] [main/DEBUG] [net.minecraftforge.fml.loading.moddiscovery.ModFileInfo/LOADING]: Found valid mod file fabric-transfer-api-v1-3.3.6+631c9cd677.jar with {fabric_transfer_api_v1} mods - versions {3.3.6+631c9cd677}
[14Sep2025 20:32:52.778] [main/DEBUG] [net.minecraftforge.fml.loading.moddiscovery.ModFile/LOADING]: Loading mod file  with languages [LanguageSpec[languageName=javafml, acceptedVersions=[47,)]]
[14Sep2025 20:32:52.778] [main/DEBUG] [net.minecraftforge.fml.loading.moddiscovery.ModFileParser/LOADING]: Considering mod file candidate 
[14Sep2025 20:32:52.779] [main/DEBUG] [net.minecraftforge.fml.loading.moddiscovery.ModFileInfo/LOADING]: Found valid mod file fabric-dimensions-v1-2.1.55+8005d10d77.jar with {fabric_dimensions_v1} mods - versions {2.1.55+8005d10d77}
[14Sep2025 20:32:52.779] [main/DEBUG] [net.minecraftforge.fml.loading.moddiscovery.ModFile/LOADING]: Loading mod file  with languages [LanguageSpec[languageName=javafml, acceptedVersions=[47,)]]
[14Sep2025 20:32:52.779] [main/DEBUG] [net.minecraftforge.fml.loading.moddiscovery.ModFileParser/LOADING]: Considering mod file candidate /workspaces/Sever-Prueba-3/servidor_minecraft/mods/fallingtrees-forge-mc1.20-0.13.2-SNAPSHOT.jar
[14Sep2025 20:32:52.780] [main/DEBUG] [net.minecraftforge.fml.loading.moddiscovery.ModFileInfo/LOADING]: Found valid mod file fallingtrees-forge-mc1.20-0.13.2-SNAPSHOT.jar with {fallingtrees} mods - versions {0.13.2}
[14Sep2025 20:32:52.780] [main/DEBUG] [net.minecraftforge.fml.loading.moddiscovery.ModFile/LOADING]: Loading mod file /workspaces/Sever-Prueba-3/servidor_minecraft/mods/fallingtrees-forge-mc1.20-0.13.2-SNAPSHOT.jar with languages [LanguageSpec[languageName=javafml, acceptedVersions=*]]
[14Sep2025 20:32:52.780] [main/DEBUG] [net.minecraftforge.fml.loading.moddiscovery.ModFileParser/LOADING]: Considering mod file candidate /workspaces/Sever-Prueba-3/servidor_minecraft/mods/BHMenu-Forge-1.20.1-2.4.2.jar
[14Sep2025 20:32:52.780] [main/DEBUG] [net.minecraftforge.fml.loading.moddiscovery.ModFileInfo/LOADING]: Found valid mod file BHMenu-Forge-1.20.1-2.4.2.jar with {bhmenu} mods - versions {2.4.2}
[14Sep2025 20:32:52.780] [main/DEBUG] [net.minecraftforge.fml.loading.moddiscovery.ModFile/LOADING]: Loading mod file /workspaces/Sever-Prueba-3/servidor_minecraft/mods/BHMenu-Forge-1.20.1-2.4.2.jar with languages [LanguageSpec[languageName=javafml, acceptedVersions=[47,)]]
[14Sep2025 20:32:52.780] [main/DEBUG] [net.minecraftforge.fml.loading.moddiscovery.ModFileParser/LOADING]: Considering mod file candidate /workspaces/Sever-Prueba-3/servidor_minecraft/mods/Kiwi-1.20.1-Forge-11.8.31.jar
[14Sep2025 20:32:52.781] [main/DEBUG] [net.minecraftforge.fml.loading.moddiscovery.ModFileInfo/LOADING]: Found valid mod file Kiwi-1.20.1-Forge-11.8.31.jar with {kiwi} mods - versions {11.8.31+forge}
[14Sep2025 20:32:52.781] [main/DEBUG] [net.minecraftforge.fml.loading.moddiscovery.ModFile/LOADING]: Loading mod file /workspaces/Sever-Prueba-3/servidor_minecraft/mods/Kiwi-1.20.1-Forge-11.8.31.jar with languages [LanguageSpec[languageName=javafml, acceptedVersions=[46,)]]
[14Sep2025 20:32:52.782] [main/DEBUG] [net.minecraftforge.fml.loading.moddiscovery.ModFileParser/LOADING]: Considering mod file candidate /workspaces/Sever-Prueba-3/servidor_minecraft/mods/doubledoors-1.20.1-7.1.jar
[14Sep2025 20:32:52.782] [main/DEBUG] [net.minecraftforge.fml.loading.moddiscovery.ModFileInfo/LOADING]: Found valid mod file doubledoors-1.20.1-7.1.jar with {doubledoors} mods - versions {7.1}
[14Sep2025 20:32:52.782] [main/DEBUG] [net.minecraftforge.fml.loading.moddiscovery.ModFile/LOADING]: Loading mod file /workspaces/Sever-Prueba-3/servidor_minecraft/mods/doubledoors-1.20.1-7.1.jar with languages [LanguageSpec[languageName=javafml, acceptedVersions=*]]
[14Sep2025 20:32:52.782] [main/DEBUG] [net.minecraftforge.fml.loading.moddiscovery.ModFileParser/LOADING]: Considering mod file candidate /workspaces/Sever-Prueba-3/servidor_minecraft/mods/WI-Zoom-1.5-MC1.20.1-Forge.jar
[14Sep2025 20:32:52.783] [main/DEBUG] [net.minecraftforge.fml.loading.moddiscovery.ModFileInfo/LOADING]: Found valid mod file WI-Zoom-1.5-MC1.20.1-Forge.jar with {wi_zoom} mods - versions {1.5-MC1.20.1-Forge}
[14Sep2025 20:32:52.783] [main/DEBUG] [net.minecraftforge.fml.loading.moddiscovery.ModFile/LOADING]: Loading mod file /workspaces/Sever-Prueba-3/servidor_minecraft/mods/WI-Zoom-1.5-MC1.20.1-Forge.jar with languages [LanguageSpec[languageName=javafml, acceptedVersions=[47,)]]
[14Sep2025 20:32:52.783] [main/DEBUG] [net.minecraftforge.fml.loading.moddiscovery.ModFileParser/LOADING]: Considering mod file candidate /workspaces/Sever-Prueba-3/servidor_minecraft/mods/butcher-3.6.1-forge-1.20.1.jar
[14Sep2025 20:32:52.783] [main/DEBUG] [net.minecraftforge.fml.loading.moddiscovery.ModFileInfo/LOADING]: Found valid mod file butcher-3.6.1-forge-1.20.1.jar with {butcher} mods - versions {3.6.1}
[14Sep2025 20:32:52.783] [main/DEBUG] [net.minecraftforge.fml.loading.moddiscovery.ModFile/LOADING]: Loading mod file /workspaces/Sever-Prueba-3/servidor_minecraft/mods/butcher-3.6.1-forge-1.20.1.jar with languages [LanguageSpec[languageName=javafml, acceptedVersions=[47,)]]
[14Sep2025 20:32:52.783] [main/DEBUG] [net.minecraftforge.fml.loading.moddiscovery.ModFileParser/LOADING]: Considering mod file candidate 
[14Sep2025 20:32:52.783] [main/DEBUG] [net.minecraftforge.fml.loading.moddiscovery.ModFileInfo/LOADING]: Found valid mod file fabric-model-loading-api-v1-1.0.4+6274ab9d77.jar with {fabric_model_loading_api_v1} mods - versions {1.0.4+6274ab9d77}
[14Sep2025 20:32:52.783] [main/DEBUG] [net.minecraftforge.fml.loading.moddiscovery.ModFile/LOADING]: Loading mod file  with languages [LanguageSpec[languageName=javafml, acceptedVersions=[47,)]]
[14Sep2025 20:32:52.783] [main/DEBUG] [net.minecraftforge.fml.loading.moddiscovery.ModFileParser/LOADING]: Considering mod file candidate 
[14Sep2025 20:32:52.784] [main/DEBUG] [net.minecraftforge.fml.loading.moddiscovery.ModFileInfo/LOADING]: Found valid mod file fabric-screen-handler-api-v1-1.3.33+561530ec77.jar with {fabric_screen_handler_api_v1} mods - versions {1.3.33+561530ec77}
[14Sep2025 20:32:52.784] [main/DEBUG] [net.minecraftforge.fml.loading.moddiscovery.ModFile/LOADING]: Loading mod file  with languages [LanguageSpec[languageName=javafml, acceptedVersions=[47,)]]
[14Sep2025 20:32:52.784] [main/DEBUG] [net.minecraftforge.fml.loading.moddiscovery.ModFileParser/LOADING]: Considering mod file candidate 
[14Sep2025 20:32:52.784] [main/DEBUG] [net.minecraftforge.fml.loading.moddiscovery.ModFileInfo/LOADING]: Found valid mod file fabric-resource-loader-v0-0.11.12+4b4151c077.jar with {fabric_resource_loader_v0} mods - versions {0.11.12+4b4151c077}
[14Sep2025 20:32:52.784] [main/DEBUG] [net.minecraftforge.fml.loading.moddiscovery.ModFile/LOADING]: Loading mod file  with languages [LanguageSpec[languageName=javafml, acceptedVersions=[47,)]]
[14Sep2025 20:32:52.784] [main/DEBUG] [net.minecraftforge.fml.loading.moddiscovery.ModFileParser/LOADING]: Considering mod file candidate 
[14Sep2025 20:32:52.784] [main/DEBUG] [net.minecraftforge.fml.loading.moddiscovery.ModFileInfo/LOADING]: Found valid mod file TRender-1.0.5-1.20.1-forge-SNAPSHOT.jar with {trender} mods - versions {1.0.5}
[14Sep2025 20:32:52.784] [main/DEBUG] [net.minecraftforge.fml.loading.moddiscovery.ModFile/LOADING]: Loading mod file  with languages [LanguageSpec[languageName=javafml, acceptedVersions=[28,)]]
[14Sep2025 20:32:52.785] [main/DEBUG] [net.minecraftforge.fml.loading.moddiscovery.ModFileParser/LOADING]: Considering mod file candidate /workspaces/Sever-Prueba-3/servidor_minecraft/mods/Paxi-1.20-Forge-4.0.jar
[14Sep2025 20:32:52.785] [main/DEBUG] [net.minecraftforge.fml.loading.moddiscovery.ModFileInfo/LOADING]: Found valid mod file Paxi-1.20-Forge-4.0.jar with {paxi} mods - versions {1.20-Forge-4.0}
[14Sep2025 20:32:52.785] [main/DEBUG] [net.minecraftforge.fml.loading.moddiscovery.ModFile/LOADING]: Loading mod file /workspaces/Sever-Prueba-3/servidor_minecraft/mods/Paxi-1.20-Forge-4.0.jar with languages [LanguageSpec[languageName=javafml, acceptedVersions=[46,)]]
[14Sep2025 20:32:52.786] [main/DEBUG] [net.minecraftforge.fml.loading.moddiscovery.ModFileParser/LOADING]: Considering mod file candidate 
[14Sep2025 20:32:52.786] [main/DEBUG] [net.minecraftforge.fml.loading.moddiscovery.ModFileInfo/LOADING]: Found valid mod file fabric-rendering-v1-3.0.9+66e9a48f77.jar with {fabric_rendering_v1} mods - versions {3.0.9+66e9a48f77}
[14Sep2025 20:32:52.786] [main/DEBUG] [net.minecraftforge.fml.loading.moddiscovery.ModFile/LOADING]: Loading mod file  with languages [LanguageSpec[languageName=javafml, acceptedVersions=[47,)]]
[14Sep2025 20:32:52.786] [main/DEBUG] [net.minecraftforge.fml.loading.moddiscovery.ModFileParser/LOADING]: Considering mod file candidate /workspaces/Sever-Prueba-3/servidor_minecraft/mods/immersive_weathering-1.20.1-2.0.5-forge.jar
[14Sep2025 20:32:52.786] [main/DEBUG] [net.minecraftforge.fml.loading.moddiscovery.ModFileInfo/LOADING]: Found valid mod file immersive_weathering-1.20.1-2.0.5-forge.jar with {immersive_weathering} mods - versions {1.20.1-2.0.5}
[14Sep2025 20:32:52.786] [main/DEBUG] [net.minecraftforge.fml.loading.moddiscovery.ModFile/LOADING]: Loading mod file /workspaces/Sever-Prueba-3/servidor_minecraft/mods/immersive_weathering-1.20.1-2.0.5-forge.jar with languages [LanguageSpec[languageName=javafml, acceptedVersions=[40,)]]
[14Sep2025 20:32:52.786] [main/DEBUG] [net.minecraftforge.fml.loading.moddiscovery.ModFileParser/LOADING]: Considering mod file candidate /workspaces/Sever-Prueba-3/servidor_minecraft/mods/realmrpg_skeletons-1.1.0-forge-1.20.1.jar
[14Sep2025 20:32:52.786] [main/DEBUG] [net.minecraftforge.fml.loading.moddiscovery.ModFileInfo/LOADING]: Found valid mod file realmrpg_skeletons-1.1.0-forge-1.20.1.jar with {realmrpg_skeletons} mods - versions {1.1.0}
[14Sep2025 20:32:52.786] [main/DEBUG] [net.minecraftforge.fml.loading.moddiscovery.ModFile/LOADING]: Loading mod file /workspaces/Sever-Prueba-3/servidor_minecraft/mods/realmrpg_skeletons-1.1.0-forge-1.20.1.jar with languages [LanguageSpec[languageName=javafml, acceptedVersions=[47,)]]
[14Sep2025 20:32:52.787] [main/DEBUG] [net.minecraftforge.fml.loading.moddiscovery.ModFileParser/LOADING]: Considering mod file candidate 
[14Sep2025 20:32:52.787] [main/DEBUG] [net.minecraftforge.fml.loading.moddiscovery.ModFileInfo/LOADING]: Found valid mod file fabric-renderer-indigo-1.5.3+b5b2da4177.jar with {fabric_renderer_indigo} mods - versions {1.5.3+b5b2da4177}
[14Sep2025 20:32:52.787] [main/DEBUG] [net.minecraftforge.fml.loading.moddiscovery.ModFile/LOADING]: Loading mod file  with languages [LanguageSpec[languageName=javafml, acceptedVersions=[47,)]]
[14Sep2025 20:32:52.787] [main/DEBUG] [net.minecraftforge.fml.loading.moddiscovery.ModFileParser/LOADING]: Considering mod file candidate /workspaces/Sever-Prueba-3/servidor_minecraft/mods/marbledsarsenal-1.20.1forge-2.3.0.3.jar
[14Sep2025 20:32:52.787] [main/DEBUG] [net.minecraftforge.fml.loading.moddiscovery.ModFileInfo/LOADING]: Found valid mod file marbledsarsenal-1.20.1forge-2.3.0.3.jar with {marbledsarsenal} mods - versions {2.3.0.3}
[14Sep2025 20:32:52.787] [main/DEBUG] [net.minecraftforge.fml.loading.moddiscovery.ModFile/LOADING]: Loading mod file /workspaces/Sever-Prueba-3/servidor_minecraft/mods/marbledsarsenal-1.20.1forge-2.3.0.3.jar with languages [LanguageSpec[languageName=javafml, acceptedVersions=[47,)]]
[14Sep2025 20:32:52.788] [main/DEBUG] [net.minecraftforge.fml.loading.moddiscovery.ModFileParser/LOADING]: Considering mod file candidate /workspaces/Sever-Prueba-3/servidor_minecraft/mods/fallingleaves-1.20.1-2.1.2.jar
[14Sep2025 20:32:52.788] [main/DEBUG] [net.minecraftforge.fml.loading.moddiscovery.ModFileInfo/LOADING]: Found valid mod file fallingleaves-1.20.1-2.1.2.jar with {fallingleaves} mods - versions {2.1.2}
[14Sep2025 20:32:52.788] [main/DEBUG] [net.minecraftforge.fml.loading.moddiscovery.ModFile/LOADING]: Loading mod file /workspaces/Sever-Prueba-3/servidor_minecraft/mods/fallingleaves-1.20.1-2.1.2.jar with languages [LanguageSpec[languageName=javafml, acceptedVersions=[47,)]]
[14Sep2025 20:32:52.788] [main/DEBUG] [net.minecraftforge.fml.loading.moddiscovery.ModFileParser/LOADING]: Considering mod file candidate /workspaces/Sever-Prueba-3/servidor_minecraft/mods/Structory_1.20.x_v1.3.5.jar
[14Sep2025 20:32:52.788] [main/DEBUG] [net.minecraftforge.fml.loading.moddiscovery.ModFileInfo/LOADING]: Found valid mod file Structory_1.20.x_v1.3.5.jar with {structory} mods - versions {1.3.5}
[14Sep2025 20:32:52.788] [main/DEBUG] [net.minecraftforge.fml.loading.moddiscovery.ModFile/LOADING]: Loading mod file /workspaces/Sever-Prueba-3/servidor_minecraft/mods/Structory_1.20.x_v1.3.5.jar with languages [LanguageSpec[languageName=lowcodefml, acceptedVersions=[1,)]]
[14Sep2025 20:32:52.788] [main/DEBUG] [net.minecraftforge.fml.loading.moddiscovery.ModFileParser/LOADING]: Considering mod file candidate 
[14Sep2025 20:32:52.789] [main/DEBUG] [net.minecraftforge.fml.loading.moddiscovery.ModFileInfo/LOADING]: Found valid mod file fabric-mining-level-api-v1-2.1.52+561530ec77.jar with {fabric_mining_level_api_v1} mods - versions {2.1.52+561530ec77}
[14Sep2025 20:32:52.789] [main/DEBUG] [net.minecraftforge.fml.loading.moddiscovery.ModFile/LOADING]: Loading mod file  with languages [LanguageSpec[languageName=javafml, acceptedVersions=[47,)]]
[14Sep2025 20:32:52.789] [main/DEBUG] [net.minecraftforge.fml.loading.moddiscovery.ModFileParser/LOADING]: Considering mod file candidate /workspaces/Sever-Prueba-3/servidor_minecraft/mods/NaturesCompass-1.20.1-1.11.2-forge.jar
[14Sep2025 20:32:52.789] [main/DEBUG] [net.minecraftforge.fml.loading.moddiscovery.ModFileInfo/LOADING]: Found valid mod file NaturesCompass-1.20.1-1.11.2-forge.jar with {naturescompass} mods - versions {1.20.1-1.11.2-forge}
[14Sep2025 20:32:52.790] [main/DEBUG] [net.minecraftforge.fml.loading.moddiscovery.ModFile/LOADING]: Loading mod file /workspaces/Sever-Prueba-3/servidor_minecraft/mods/NaturesCompass-1.20.1-1.11.2-forge.jar with languages [LanguageSpec[languageName=javafml, acceptedVersions=[47,)]]
[14Sep2025 20:32:52.790] [main/DEBUG] [net.minecraftforge.fml.loading.moddiscovery.ModFileParser/LOADING]: Considering mod file candidate /workspaces/Sever-Prueba-3/servidor_minecraft/mods/configured-forge-1.20.1-2.2.3.jar
[14Sep2025 20:32:52.793] [main/DEBUG] [net.minecraftforge.fml.loading.moddiscovery.ModFileInfo/LOADING]: Found valid mod file configured-forge-1.20.1-2.2.3.jar with {configured} mods - versions {2.2.3}
[14Sep2025 20:32:52.793] [main/DEBUG] [net.minecraftforge.fml.loading.moddiscovery.ModFile/LOADING]: Loading mod file /workspaces/Sever-Prueba-3/servidor_minecraft/mods/configured-forge-1.20.1-2.2.3.jar with languages [LanguageSpec[languageName=javafml, acceptedVersions=[39,)]]
[14Sep2025 20:32:52.793] [main/DEBUG] [net.minecraftforge.fml.loading.moddiscovery.ModFileParser/LOADING]: Considering mod file candidate /workspaces/Sever-Prueba-3/servidor_minecraft/mods/SereneSeasons-forge-1.20.1-9.1.0.2.jar
[14Sep2025 20:32:52.793] [main/DEBUG] [net.minecraftforge.fml.loading.moddiscovery.ModFileInfo/LOADING]: Found valid mod file SereneSeasons-forge-1.20.1-9.1.0.2.jar with {sereneseasons} mods - versions {9.1.0.2}
[14Sep2025 20:32:52.793] [main/DEBUG] [net.minecraftforge.fml.loading.moddiscovery.ModFile/LOADING]: Loading mod file /workspaces/Sever-Prueba-3/servidor_minecraft/mods/SereneSeasons-forge-1.20.1-9.1.0.2.jar with languages [LanguageSpec[languageName=javafml, acceptedVersions=[47,)]]
[14Sep2025 20:32:52.793] [main/DEBUG] [net.minecraftforge.fml.loading.moddiscovery.ModFileParser/LOADING]: Considering mod file candidate /workspaces/Sever-Prueba-3/servidor_minecraft/mods/mcore-1.20.1-1.0.3.0.jar
[14Sep2025 20:32:52.794] [main/DEBUG] [net.minecraftforge.fml.loading.moddiscovery.ModFileInfo/LOADING]: Found valid mod file mcore-1.20.1-1.0.3.0.jar with {mcore} mods - versions {1.0.3.0}
[14Sep2025 20:32:52.794] [main/DEBUG] [net.minecraftforge.fml.loading.moddiscovery.ModFile/LOADING]: Loading mod file /workspaces/Sever-Prueba-3/servidor_minecraft/mods/mcore-1.20.1-1.0.3.0.jar with languages [LanguageSpec[languageName=javafml, acceptedVersions=[47,)]]
[14Sep2025 20:32:52.794] [main/DEBUG] [net.minecraftforge.fml.loading.moddiscovery.ModFileParser/LOADING]: Considering mod file candidate /workspaces/Sever-Prueba-3/servidor_minecraft/mods/MyServerIsCompatible-1.20-1.0.jar
[14Sep2025 20:32:52.795] [main/DEBUG] [net.minecraftforge.fml.loading.moddiscovery.ModFileInfo/LOADING]: Found valid mod file MyServerIsCompatible-1.20-1.0.jar with {myserveriscompatible} mods - versions {1.0}
[14Sep2025 20:32:52.795] [main/DEBUG] [net.minecraftforge.fml.loading.moddiscovery.ModFile/LOADING]: Loading mod file /workspaces/Sever-Prueba-3/servidor_minecraft/mods/MyServerIsCompatible-1.20-1.0.jar with languages [LanguageSpec[languageName=javafml, acceptedVersions=[46,)]]
[14Sep2025 20:32:52.795] [main/DEBUG] [net.minecraftforge.fml.loading.moddiscovery.ModFileParser/LOADING]: Considering mod file candidate /workspaces/Sever-Prueba-3/servidor_minecraft/mods/GlitchCore-forge-1.20.1-0.0.1.1.jar
[14Sep2025 20:32:52.797] [main/DEBUG] [net.minecraftforge.fml.loading.moddiscovery.ModFileInfo/LOADING]: Found valid mod file GlitchCore-forge-1.20.1-0.0.1.1.jar with {glitchcore} mods - versions {0.0.1.1}
[14Sep2025 20:32:52.797] [main/DEBUG] [net.minecraftforge.fml.loading.moddiscovery.ModFile/LOADING]: Loading mod file /workspaces/Sever-Prueba-3/servidor_minecraft/mods/GlitchCore-forge-1.20.1-0.0.1.1.jar with languages [LanguageSpec[languageName=javafml, acceptedVersions=[47,)]]
[14Sep2025 20:32:52.798] [main/DEBUG] [net.minecraftforge.fml.loading.moddiscovery.ModFileParser/LOADING]: Considering mod file candidate /workspaces/Sever-Prueba-3/servidor_minecraft/mods/RealisticTorches-1.20.1-3.2.0.jar
[14Sep2025 20:32:52.798] [main/DEBUG] [net.minecraftforge.fml.loading.moddiscovery.ModFileInfo/LOADING]: Found valid mod file RealisticTorches-1.20.1-3.2.0.jar with {realistictorches} mods - versions {1.20.1-3.2.0}
[14Sep2025 20:32:52.798] [main/DEBUG] [net.minecraftforge.fml.loading.moddiscovery.ModFile/LOADING]: Loading mod file /workspaces/Sever-Prueba-3/servidor_minecraft/mods/RealisticTorches-1.20.1-3.2.0.jar with languages [LanguageSpec[languageName=javafml, acceptedVersions=[47,)]]
[14Sep2025 20:32:52.798] [main/DEBUG] [net.minecraftforge.fml.loading.moddiscovery.ModFileParser/LOADING]: Considering mod file candidate /workspaces/Sever-Prueba-3/servidor_minecraft/mods/Terralith_1.20.x_v2.5.4.jar
[14Sep2025 20:32:52.798] [main/DEBUG] [net.minecraftforge.fml.loading.moddiscovery.ModFileInfo/LOADING]: Found valid mod file Terralith_1.20.x_v2.5.4.jar with {terralith} mods - versions {2.5.4}
[14Sep2025 20:32:52.798] [main/DEBUG] [net.minecraftforge.fml.loading.moddiscovery.ModFile/LOADING]: Loading mod file /workspaces/Sever-Prueba-3/servidor_minecraft/mods/Terralith_1.20.x_v2.5.4.jar with languages [LanguageSpec[languageName=lowcodefml, acceptedVersions=[1,)]]
[14Sep2025 20:32:52.798] [main/DEBUG] [net.minecraftforge.fml.loading.moddiscovery.ModFileParser/LOADING]: Considering mod file candidate 
[14Sep2025 20:32:52.798] [main/DEBUG] [net.minecraftforge.fml.loading.moddiscovery.ModFileInfo/LOADING]: Found valid mod file fabric-particles-v1-1.1.3+78e1ecb877.jar with {fabric_particles_v1} mods - versions {1.1.3+78e1ecb877}
[14Sep2025 20:32:52.799] [main/DEBUG] [net.minecraftforge.fml.loading.moddiscovery.ModFile/LOADING]: Loading mod file  with languages [LanguageSpec[languageName=javafml, acceptedVersions=[47,)]]
[14Sep2025 20:32:52.799] [main/DEBUG] [net.minecraftforge.fml.loading.moddiscovery.ModFileParser/LOADING]: Considering mod file candidate /workspaces/Sever-Prueba-3/servidor_minecraft/libraries/net/minecraftforge/forge/1.20.1-47.3.7/forge-1.20.1-47.3.7-universal.jar
[14Sep2025 20:32:52.799] [main/DEBUG] [net.minecraftforge.fml.loading.moddiscovery.ModFileInfo/LOADING]: Found valid mod file forge-1.20.1-47.3.7-universal.jar with {forge} mods - versions {47.3.7}
[14Sep2025 20:32:52.799] [main/DEBUG] [net.minecraftforge.fml.loading.moddiscovery.ModFile/LOADING]: Loading mod file /workspaces/Sever-Prueba-3/servidor_minecraft/libraries/net/minecraftforge/forge/1.20.1-47.3.7/forge-1.20.1-47.3.7-universal.jar with languages [LanguageSpec[languageName=javafml, acceptedVersions=[24,]]]
[14Sep2025 20:32:52.799] [main/DEBUG] [net.minecraftforge.fml.loading.moddiscovery.ModFileParser/LOADING]: Found coremod field_to_method with Javascript path coremods/field_to_method.js
[14Sep2025 20:32:52.799] [main/DEBUG] [net.minecraftforge.fml.loading.moddiscovery.ModFileParser/LOADING]: Found coremod field_to_instanceof with Javascript path coremods/field_to_instanceof.js
[14Sep2025 20:32:52.799] [main/DEBUG] [net.minecraftforge.fml.loading.moddiscovery.ModFileParser/LOADING]: Found coremod add_bouncer_method with Javascript path coremods/add_bouncer_method.js
[14Sep2025 20:32:52.799] [main/DEBUG] [net.minecraftforge.fml.loading.moddiscovery.ModFileParser/LOADING]: Found coremod method_redirector with Javascript path coremods/method_redirector.js
[14Sep2025 20:32:52.799] [main/DEBUG] [net.minecraftforge.fml.loading.moddiscovery.ModFile/LOADING]: Found coremod coremods/field_to_method.js
[14Sep2025 20:32:52.799] [main/DEBUG] [net.minecraftforge.fml.loading.moddiscovery.ModFile/LOADING]: Found coremod coremods/field_to_instanceof.js
[14Sep2025 20:32:52.799] [main/DEBUG] [net.minecraftforge.fml.loading.moddiscovery.ModFile/LOADING]: Found coremod coremods/add_bouncer_method.js
[14Sep2025 20:32:52.799] [main/DEBUG] [net.minecraftforge.fml.loading.moddiscovery.ModFile/LOADING]: Found coremod coremods/method_redirector.js
[14Sep2025 20:32:52.799] [main/DEBUG] [net.minecraftforge.fml.loading.moddiscovery.ModFileParser/LOADING]: Considering mod file candidate 
[14Sep2025 20:32:52.800] [main/DEBUG] [net.minecraftforge.fml.loading.moddiscovery.ModFileInfo/LOADING]: Found valid mod file fabric-transitive-access-wideners-v1-4.3.2+1880499877.jar with {fabric_transitive_access_wideners_v1} mods - versions {4.3.2+1880499877}
[14Sep2025 20:32:52.800] [main/DEBUG] [net.minecraftforge.fml.loading.moddiscovery.ModFile/LOADING]: Loading mod file  with languages [LanguageSpec[languageName=lowcodefml, acceptedVersions=[47,)]]
[14Sep2025 20:32:52.800] [main/DEBUG] [net.minecraftforge.fml.loading.moddiscovery.ModFileParser/LOADING]: Considering mod file candidate /workspaces/Sever-Prueba-3/servidor_minecraft/mods/Fog-forge-1.5.3-1.20.1.jar
[14Sep2025 20:32:52.800] [main/DEBUG] [net.minecraftforge.fml.loading.moddiscovery.ModFileInfo/LOADING]: Found valid mod file Fog-forge-1.5.3-1.20.1.jar with {fog} mods - versions {1.5.3-1.20.1}
[14Sep2025 20:32:52.800] [main/DEBUG] [net.minecraftforge.fml.loading.moddiscovery.ModFile/LOADING]: Loading mod file /workspaces/Sever-Prueba-3/servidor_minecraft/mods/Fog-forge-1.5.3-1.20.1.jar with languages [LanguageSpec[languageName=javafml, acceptedVersions=[47,)]]
[14Sep2025 20:32:52.800] [main/DEBUG] [net.minecraftforge.fml.loading.moddiscovery.ModFileParser/LOADING]: Considering mod file candidate /workspaces/Sever-Prueba-3/servidor_minecraft/mods/emi-1.1.22+1.20.1+forge.jar
[14Sep2025 20:32:52.801] [main/DEBUG] [net.minecraftforge.fml.loading.moddiscovery.ModFileInfo/LOADING]: Found valid mod file emi-1.1.22+1.20.1+forge.jar with {emi} mods - versions {1.1.22+1.20.1+forge}
[14Sep2025 20:32:52.801] [main/DEBUG] [net.minecraftforge.fml.loading.moddiscovery.ModFile/LOADING]: Loading mod file /workspaces/Sever-Prueba-3/servidor_minecraft/mods/emi-1.1.22+1.20.1+forge.jar with languages [LanguageSpec[languageName=javafml, acceptedVersions=[40,)]]
[14Sep2025 20:32:52.801] [main/DEBUG] [net.minecraftforge.fml.loading.moddiscovery.ModFileInfo/LOADING]: Found valid mod file server-1.20.1-20230612.114412-srg.jar with {minecraft} mods - versions {1.20.1}
[14Sep2025 20:32:52.801] [main/DEBUG] [net.minecraftforge.fml.loading.moddiscovery.ModFile/LOADING]: Loading mod file /workspaces/Sever-Prueba-3/servidor_minecraft/libraries/net/minecraft/server/1.20.1-20230612.114412/server-1.20.1-20230612.114412-srg.jar with languages [LanguageSpec[languageName=minecraft, acceptedVersions=1]]
[14Sep2025 20:32:52.801] [main/DEBUG] [net.minecraftforge.fml.loading.moddiscovery.ModFileParser/LOADING]: Considering mod file candidate /workspaces/Sever-Prueba-3/servidor_minecraft/mods/voicechat-forge-1.20.1-2.5.35.jar
[14Sep2025 20:32:52.801] [main/DEBUG] [net.minecraftforge.fml.loading.moddiscovery.ModFileInfo/LOADING]: Found valid mod file voicechat-forge-1.20.1-2.5.35.jar with {voicechat} mods - versions {1.20.1-2.5.35}
[14Sep2025 20:32:52.801] [main/DEBUG] [net.minecraftforge.fml.loading.moddiscovery.ModFile/LOADING]: Loading mod file /workspaces/Sever-Prueba-3/servidor_minecraft/mods/voicechat-forge-1.20.1-2.5.35.jar with languages [LanguageSpec[languageName=javafml, acceptedVersions=*]]
[14Sep2025 20:32:52.801] [main/DEBUG] [net.minecraftforge.fml.loading.moddiscovery.ModFileParser/LOADING]: Considering mod file candidate 
[14Sep2025 20:32:52.802] [main/DEBUG] [net.minecraftforge.fml.loading.moddiscovery.ModFileInfo/LOADING]: Found valid mod file fabric-api-base-0.4.32+ef105b4977.jar with {fabric_api_base} mods - versions {0.4.32+ef105b4977}
[14Sep2025 20:32:52.802] [main/DEBUG] [net.minecraftforge.fml.loading.moddiscovery.ModFile/LOADING]: Loading mod file  with languages [LanguageSpec[languageName=javafml, acceptedVersions=[47,)]]
[14Sep2025 20:32:52.802] [main/DEBUG] [net.minecraftforge.fml.loading.moddiscovery.ModFileParser/LOADING]: Considering mod file candidate /workspaces/Sever-Prueba-3/servidor_minecraft/mods/moonlight-1.20-2.16.5-forge.jar
[14Sep2025 20:32:52.802] [main/DEBUG] [net.minecraftforge.fml.loading.moddiscovery.ModFileInfo/LOADING]: Found valid mod file moonlight-1.20-2.16.5-forge.jar with {moonlight} mods - versions {1.20-2.16.5}
[14Sep2025 20:32:52.802] [main/DEBUG] [net.minecraftforge.fml.loading.moddiscovery.ModFile/LOADING]: Loading mod file /workspaces/Sever-Prueba-3/servidor_minecraft/mods/moonlight-1.20-2.16.5-forge.jar with languages [LanguageSpec[languageName=javafml, acceptedVersions=[40,)]]
[14Sep2025 20:32:52.802] [main/DEBUG] [net.minecraftforge.fml.loading.moddiscovery.ModFileParser/LOADING]: Considering mod file candidate 
[14Sep2025 20:32:52.803] [main/DEBUG] [net.minecraftforge.fml.loading.moddiscovery.ModFileInfo/LOADING]: Found valid mod file fabric-blockrenderlayer-v1-1.1.42+1d0da21e77.jar with {fabric_blockrenderlayer_v1} mods - versions {1.1.42+1d0da21e77}
[14Sep2025 20:32:52.803] [main/DEBUG] [net.minecraftforge.fml.loading.moddiscovery.ModFile/LOADING]: Loading mod file  with languages [LanguageSpec[languageName=javafml, acceptedVersions=[47,)]]
[14Sep2025 20:32:52.803] [main/DEBUG] [net.minecraftforge.fml.loading.moddiscovery.ModFileParser/LOADING]: Considering mod file candidate /workspaces/Sever-Prueba-3/servidor_minecraft/mods/Jade-1.20.1-Forge-11.13.2.jar
[14Sep2025 20:32:52.803] [main/DEBUG] [net.minecraftforge.fml.loading.moddiscovery.ModFileInfo/LOADING]: Found valid mod file Jade-1.20.1-Forge-11.13.2.jar with {jade} mods - versions {11.13.2+forge}
[14Sep2025 20:32:52.803] [main/DEBUG] [net.minecraftforge.fml.loading.moddiscovery.ModFile/LOADING]: Loading mod file /workspaces/Sever-Prueba-3/servidor_minecraft/mods/Jade-1.20.1-Forge-11.13.2.jar with languages [LanguageSpec[languageName=javafml, acceptedVersions=[46,)]]
[14Sep2025 20:32:52.804] [main/DEBUG] [net.minecraftforge.fml.loading.moddiscovery.ModFileParser/LOADING]: Considering mod file candidate /workspaces/Sever-Prueba-3/servidor_minecraft/mods/CreativeCore_FORGE_v2.12.32_mc1.20.1.jar
[14Sep2025 20:32:52.804] [main/DEBUG] [net.minecraftforge.fml.loading.moddiscovery.ModFileInfo/LOADING]: Found valid mod file CreativeCore_FORGE_v2.12.32_mc1.20.1.jar with {creativecore} mods - versions {2.12.32}
[14Sep2025 20:32:52.804] [main/DEBUG] [net.minecraftforge.fml.loading.moddiscovery.ModFile/LOADING]: Loading mod file /workspaces/Sever-Prueba-3/servidor_minecraft/mods/CreativeCore_FORGE_v2.12.32_mc1.20.1.jar with languages [LanguageSpec[languageName=javafml, acceptedVersions=[46,)]]
[14Sep2025 20:32:52.804] [main/DEBUG] [net.minecraftforge.fml.loading.moddiscovery.ModFileParser/LOADING]: Considering mod file candidate 
[14Sep2025 20:32:52.804] [main/DEBUG] [net.minecraftforge.fml.loading.moddiscovery.ModFileInfo/LOADING]: Found valid mod file fabric-block-api-v1-1.0.12+0e6cb7f777.jar with {fabric_block_api_v1} mods - versions {1.0.12+0e6cb7f777}
[14Sep2025 20:32:52.804] [main/DEBUG] [net.minecraftforge.fml.loading.moddiscovery.ModFile/LOADING]: Loading mod file  with languages [LanguageSpec[languageName=javafml, acceptedVersions=[47,)]]
[14Sep2025 20:32:52.805] [main/DEBUG] [net.minecraftforge.fml.loading.moddiscovery.ModFileParser/LOADING]: Found coremod implementFabricBlock with Javascript path META-INF/asm/implementFabricBlock.js
[14Sep2025 20:32:52.805] [main/DEBUG] [net.minecraftforge.fml.loading.moddiscovery.ModFileParser/LOADING]: Found coremod implementFabricBlockState with Javascript path META-INF/asm/implementFabricBlockState.js
[14Sep2025 20:32:52.805] [main/DEBUG] [net.minecraftforge.fml.loading.moddiscovery.ModFile/LOADING]: Found coremod META-INF/asm/implementFabricBlock.js
[14Sep2025 20:32:52.805] [main/DEBUG] [net.minecraftforge.fml.loading.moddiscovery.ModFile/LOADING]: Found coremod META-INF/asm/implementFabricBlockState.js
[14Sep2025 20:32:52.805] [main/DEBUG] [net.minecraftforge.fml.loading.moddiscovery.ModFileParser/LOADING]: Considering mod file candidate 
[14Sep2025 20:32:52.805] [main/DEBUG] [net.minecraftforge.fml.loading.moddiscovery.ModFileInfo/LOADING]: Found valid mod file fabric-resource-conditions-api-v1-2.3.9+996d00b277.jar with {fabric_resource_conditions_api_v1} mods - versions {2.3.9+996d00b277}
[14Sep2025 20:32:52.805] [main/DEBUG] [net.minecraftforge.fml.loading.moddiscovery.ModFile/LOADING]: Loading mod file  with languages [LanguageSpec[languageName=javafml, acceptedVersions=[47,)]]
[14Sep2025 20:32:52.805] [main/DEBUG] [net.minecraftforge.fml.loading.moddiscovery.ModFileParser/LOADING]: Found coremod injectDataProvider with Javascript path META-INF/asm/injectDataProvider.js
[14Sep2025 20:32:52.805] [main/DEBUG] [net.minecraftforge.fml.loading.moddiscovery.ModFile/LOADING]: Found coremod META-INF/asm/injectDataProvider.js
[14Sep2025 20:32:52.805] [main/DEBUG] [net.minecraftforge.fml.loading.moddiscovery.ModFileParser/LOADING]: Considering mod file candidate 
[14Sep2025 20:32:52.806] [main/DEBUG] [net.minecraftforge.fml.loading.moddiscovery.ModFileInfo/LOADING]: Found valid mod file fabric-item-group-api-v1-4.0.14+c9161c2d77.jar with {fabric_item_group_api_v1} mods - versions {4.0.14+c9161c2d77}
[14Sep2025 20:32:52.806] [main/DEBUG] [net.minecraftforge.fml.loading.moddiscovery.ModFile/LOADING]: Loading mod file  with languages [LanguageSpec[languageName=javafml, acceptedVersions=[47,)]]
[14Sep2025 20:32:52.806] [main/DEBUG] [net.minecraftforge.fml.loading.moddiscovery.ModFileParser/LOADING]: Considering mod file candidate /workspaces/Sever-Prueba-3/servidor_minecraft/mods/mobsunscreen-forge-1.20.1-3.1.1.jar
[14Sep2025 20:32:52.806] [main/DEBUG] [net.minecraftforge.fml.loading.moddiscovery.ModFileInfo/LOADING]: Found valid mod file mobsunscreen-forge-1.20.1-3.1.1.jar with {mobsunscreen} mods - versions {3.1.1}
[14Sep2025 20:32:52.806] [main/DEBUG] [net.minecraftforge.fml.loading.moddiscovery.ModFile/LOADING]: Loading mod file /workspaces/Sever-Prueba-3/servidor_minecraft/mods/mobsunscreen-forge-1.20.1-3.1.1.jar with languages [LanguageSpec[languageName=javafml, acceptedVersions=[46,)]]
[14Sep2025 20:32:52.807] [main/DEBUG] [net.minecraftforge.fml.loading.moddiscovery.ModFileParser/LOADING]: Considering mod file candidate /workspaces/Sever-Prueba-3/servidor_minecraft/mods/[1.20.1] SecurityCraft v1.10.0.1.jar
[14Sep2025 20:32:52.807] [main/DEBUG] [net.minecraftforge.fml.loading.moddiscovery.ModFileInfo/LOADING]: Found valid mod file [1.20.1] SecurityCraft v1.10.0.1.jar with {securitycraft} mods - versions {1.10.0.1}
[14Sep2025 20:32:52.807] [main/DEBUG] [net.minecraftforge.fml.loading.moddiscovery.ModFile/LOADING]: Loading mod file /workspaces/Sever-Prueba-3/servidor_minecraft/mods/[1.20.1] SecurityCraft v1.10.0.1.jar with languages [LanguageSpec[languageName=javafml, acceptedVersions=[46,)]]
[14Sep2025 20:32:52.807] [main/DEBUG] [net.minecraftforge.fml.loading.moddiscovery.ModFileParser/LOADING]: Considering mod file candidate /workspaces/Sever-Prueba-3/servidor_minecraft/mods/entityculling-forge-1.8.2-mc1.20.1.jar
[14Sep2025 20:32:52.807] [main/DEBUG] [net.minecraftforge.fml.loading.moddiscovery.ModFileInfo/LOADING]: Found valid mod file entityculling-forge-1.8.2-mc1.20.1.jar with {entityculling} mods - versions {1.8.2}
[14Sep2025 20:32:52.807] [main/DEBUG] [net.minecraftforge.fml.loading.moddiscovery.ModFile/LOADING]: Loading mod file /workspaces/Sever-Prueba-3/servidor_minecraft/mods/entityculling-forge-1.8.2-mc1.20.1.jar with languages [LanguageSpec[languageName=javafml, acceptedVersions=[28,)]]
[14Sep2025 20:32:52.807] [main/DEBUG] [net.minecraftforge.fml.loading.moddiscovery.ModFileParser/LOADING]: Considering mod file candidate /workspaces/Sever-Prueba-3/servidor_minecraft/mods/ToughAsNails-forge-1.20.1-9.2.0.171.jar
[14Sep2025 20:32:52.807] [main/DEBUG] [net.minecraftforge.fml.loading.moddiscovery.ModFileInfo/LOADING]: Found valid mod file ToughAsNails-forge-1.20.1-9.2.0.171.jar with {toughasnails} mods - versions {9.2.0.171}
[14Sep2025 20:32:52.807] [main/DEBUG] [net.minecraftforge.fml.loading.moddiscovery.ModFile/LOADING]: Loading mod file /workspaces/Sever-Prueba-3/servidor_minecraft/mods/ToughAsNails-forge-1.20.1-9.2.0.171.jar with languages [LanguageSpec[languageName=javafml, acceptedVersions=[47,)]]
[14Sep2025 20:32:52.808] [main/DEBUG] [net.minecraftforge.fml.loading.moddiscovery.ModFileParser/LOADING]: Considering mod file candidate 
[14Sep2025 20:32:52.808] [main/DEBUG] [net.minecraftforge.fml.loading.moddiscovery.ModFileInfo/LOADING]: Found valid mod file fabric-biome-api-v1-13.0.14+dc36698e77.jar with {fabric_biome_api_v1} mods - versions {13.0.14+dc36698e77}
[14Sep2025 20:32:52.808] [main/DEBUG] [net.minecraftforge.fml.loading.moddiscovery.ModFile/LOADING]: Loading mod file  with languages [LanguageSpec[languageName=javafml, acceptedVersions=[47,)]]
[14Sep2025 20:32:52.808] [main/DEBUG] [net.minecraftforge.fml.loading.moddiscovery.ModFileParser/LOADING]: Considering mod file candidate 
[14Sep2025 20:32:52.808] [main/DEBUG] [net.minecraftforge.fml.loading.moddiscovery.ModFileInfo/LOADING]: Found valid mod file fabric-registry-sync-v0-2.3.6+1c0ea72177.jar with {fabric_registry_sync_v0} mods - versions {2.3.6+1c0ea72177}
[14Sep2025 20:32:52.808] [main/DEBUG] [net.minecraftforge.fml.loading.moddiscovery.ModFile/LOADING]: Loading mod file  with languages [LanguageSpec[languageName=javafml, acceptedVersions=[47,)]]
[14Sep2025 20:32:52.808] [main/DEBUG] [net.minecraftforge.fml.loading.moddiscovery.ModFileParser/LOADING]: Considering mod file candidate /workspaces/Sever-Prueba-3/servidor_minecraft/mods/fancymenu_forge_3.7.0_MC_1.20.1.jar
[14Sep2025 20:32:52.809] [main/DEBUG] [net.minecraftforge.fml.loading.moddiscovery.ModFileInfo/LOADING]: Found valid mod file fancymenu_forge_3.7.0_MC_1.20.1.jar with {fancymenu} mods - versions {3.7.0}
[14Sep2025 20:32:52.809] [main/DEBUG] [net.minecraftforge.fml.loading.moddiscovery.ModFile/LOADING]: Loading mod file /workspaces/Sever-Prueba-3/servidor_minecraft/mods/fancymenu_forge_3.7.0_MC_1.20.1.jar with languages [LanguageSpec[languageName=javafml, acceptedVersions=[47,)]]
[14Sep2025 20:32:52.810] [main/DEBUG] [net.minecraftforge.fml.loading.moddiscovery.ModFileParser/LOADING]: Considering mod file candidate /workspaces/Sever-Prueba-3/servidor_minecraft/mods/coroutil-forge-1.20.1-1.3.7.jar
[14Sep2025 20:32:52.810] [main/DEBUG] [net.minecraftforge.fml.loading.moddiscovery.ModFileInfo/LOADING]: Found valid mod file coroutil-forge-1.20.1-1.3.7.jar with {coroutil} mods - versions {1.20.1-1.3.7}
[14Sep2025 20:32:52.810] [main/DEBUG] [net.minecraftforge.fml.loading.moddiscovery.ModFile/LOADING]: Loading mod file /workspaces/Sever-Prueba-3/servidor_minecraft/mods/coroutil-forge-1.20.1-1.3.7.jar with languages [LanguageSpec[languageName=javafml, acceptedVersions=[47,)]]
[14Sep2025 20:32:52.810] [main/DEBUG] [net.minecraftforge.fml.loading.moddiscovery.ModFileParser/LOADING]: Considering mod file candidate /workspaces/Sever-Prueba-3/servidor_minecraft/mods/ImmediatelyFast-Forge-1.5.1+1.20.4.jar
[14Sep2025 20:32:52.810] [main/DEBUG] [net.minecraftforge.fml.loading.moddiscovery.ModFileInfo/LOADING]: Found valid mod file ImmediatelyFast-Forge-1.5.1+1.20.4.jar with {immediatelyfast} mods - versions {1.5.1+1.20.4}
[14Sep2025 20:32:52.811] [main/DEBUG] [net.minecraftforge.fml.loading.moddiscovery.ModFile/LOADING]: Loading mod file /workspaces/Sever-Prueba-3/servidor_minecraft/mods/ImmediatelyFast-Forge-1.5.1+1.20.4.jar with languages [LanguageSpec[languageName=javafml, acceptedVersions=[46,)]]
[14Sep2025 20:32:52.811] [main/DEBUG] [net.minecraftforge.fml.loading.moddiscovery.ModFileParser/LOADING]: Considering mod file candidate 
[14Sep2025 20:32:52.811] [main/DEBUG] [net.minecraftforge.fml.loading.moddiscovery.ModFileInfo/LOADING]: Found valid mod file fabric-recipe-api-v1-1.0.24+514a076577.jar with {fabric_recipe_api_v1} mods - versions {1.0.24+514a076577}
[14Sep2025 20:32:52.811] [main/DEBUG] [net.minecraftforge.fml.loading.moddiscovery.ModFile/LOADING]: Loading mod file  with languages [LanguageSpec[languageName=javafml, acceptedVersions=[47,)]]
[14Sep2025 20:32:52.812] [main/DEBUG] [net.minecraftforge.fml.loading.moddiscovery.ModFileInfo/LOADING]: Found valid mod file PresenceFootsteps-1.10.1+1.20.1$kirin-1.15.6+1.20.1_mapped_srg_1.20.1.jar with {kirin} mods - versions {1.15.61.20.1}
[14Sep2025 20:32:52.812] [main/DEBUG] [net.minecraftforge.fml.loading.moddiscovery.ModFile/LOADING]: Loading mod file /workspaces/Sever-Prueba-3/servidor_minecraft/mods/.connector/PresenceFootsteps-1.10.1+1.20.1$kirin-1.15.6+1.20.1_mapped_srg_1.20.1.jar with languages [LanguageSpec[languageName=javafml, acceptedVersions=[0,)]]
[14Sep2025 20:32:52.812] [main/DEBUG] [net.minecraftforge.fml.loading.moddiscovery.ModFileParser/LOADING]: Considering mod file candidate 
[14Sep2025 20:32:52.813] [main/DEBUG] [net.minecraftforge.fml.loading.moddiscovery.ModFileInfo/LOADING]: Found valid mod file fabric-object-builder-api-v1-11.1.5+f8c414ce77.jar with {fabric_object_builder_api_v1} mods - versions {11.1.5+f8c414ce77}
[14Sep2025 20:32:52.813] [main/DEBUG] [net.minecraftforge.fml.loading.moddiscovery.ModFile/LOADING]: Loading mod file  with languages [LanguageSpec[languageName=javafml, acceptedVersions=[47,)]]
[14Sep2025 20:32:52.813] [main/DEBUG] [net.minecraftforge.fml.loading.moddiscovery.ModFileParser/LOADING]: Considering mod file candidate /workspaces/Sever-Prueba-3/servidor_minecraft/mods/ferritecore-6.0.1-forge.jar
[14Sep2025 20:32:52.813] [main/DEBUG] [net.minecraftforge.fml.loading.moddiscovery.ModFileInfo/LOADING]: Found valid mod file ferritecore-6.0.1-forge.jar with {ferritecore} mods - versions {6.0.1}
[14Sep2025 20:32:52.813] [main/DEBUG] [net.minecraftforge.fml.loading.moddiscovery.ModFile/LOADING]: Loading mod file /workspaces/Sever-Prueba-3/servidor_minecraft/mods/ferritecore-6.0.1-forge.jar with languages [LanguageSpec[languageName=javafml, acceptedVersions=[28,)]]
[14Sep2025 20:32:52.813] [main/DEBUG] [net.minecraftforge.fml.loading.moddiscovery.ModFileParser/LOADING]: Considering mod file candidate /workspaces/Sever-Prueba-3/servidor_minecraft/mods/moremobvariants-forge+1.20.1-1.3.0.1.jar
[14Sep2025 20:32:52.814] [main/DEBUG] [net.minecraftforge.fml.loading.moddiscovery.ModFileInfo/LOADING]: Found valid mod file moremobvariants-forge+1.20.1-1.3.0.1.jar with {moremobvariants} mods - versions {1.3.0.1}
[14Sep2025 20:32:52.814] [main/DEBUG] [net.minecraftforge.fml.loading.moddiscovery.ModFile/LOADING]: Loading mod file /workspaces/Sever-Prueba-3/servidor_minecraft/mods/moremobvariants-forge+1.20.1-1.3.0.1.jar with languages [LanguageSpec[languageName=javafml, acceptedVersions=[46,)]]
[14Sep2025 20:32:52.814] [main/DEBUG] [net.minecraftforge.fml.loading.moddiscovery.ModFileParser/LOADING]: Considering mod file candidate /workspaces/Sever-Prueba-3/servidor_minecraft/mods/rubidium-extra-0.5.4.4+mc1.20.1-build.131.jar
[14Sep2025 20:32:52.814] [main/DEBUG] [net.minecraftforge.fml.loading.moddiscovery.ModFileInfo/LOADING]: Found valid mod file rubidium-extra-0.5.4.4+mc1.20.1-build.131.jar with {embeddium_extra} mods - versions {0.5.4.4+mc1.20.1-build.131}
[14Sep2025 20:32:52.814] [main/DEBUG] [net.minecraftforge.fml.loading.moddiscovery.ModFile/LOADING]: Loading mod file /workspaces/Sever-Prueba-3/servidor_minecraft/mods/rubidium-extra-0.5.4.4+mc1.20.1-build.131.jar with languages [LanguageSpec[languageName=javafml, acceptedVersions=*]]
[14Sep2025 20:32:52.814] [main/DEBUG] [net.minecraftforge.fml.loading.moddiscovery.ModFileParser/LOADING]: Considering mod file candidate /workspaces/Sever-Prueba-3/servidor_minecraft/mods/visuality-forge-2.0.2.jar
[14Sep2025 20:32:52.815] [main/DEBUG] [net.minecraftforge.fml.loading.moddiscovery.ModFileInfo/LOADING]: Found valid mod file visuality-forge-2.0.2.jar with {visuality} mods - versions {2.0.2}
[14Sep2025 20:32:52.815] [main/DEBUG] [net.minecraftforge.fml.loading.moddiscovery.ModFile/LOADING]: Loading mod file /workspaces/Sever-Prueba-3/servidor_minecraft/mods/visuality-forge-2.0.2.jar with languages [LanguageSpec[languageName=javafml, acceptedVersions=[46,)]]
[14Sep2025 20:32:52.815] [main/DEBUG] [net.minecraftforge.fml.loading.moddiscovery.ModFileParser/LOADING]: Considering mod file candidate /workspaces/Sever-Prueba-3/servidor_minecraft/mods/yet_another_config_lib_v3-3.6.6+1.20.1-forge.jar
[14Sep2025 20:32:52.815] [main/DEBUG] [net.minecraftforge.fml.loading.moddiscovery.ModFileInfo/LOADING]: Found valid mod file yet_another_config_lib_v3-3.6.6+1.20.1-forge.jar with {yet_another_config_lib_v3} mods - versions {3.6.6+1.20.1-forge}
[14Sep2025 20:32:52.815] [main/DEBUG] [net.minecraftforge.fml.loading.moddiscovery.ModFile/LOADING]: Loading mod file /workspaces/Sever-Prueba-3/servidor_minecraft/mods/yet_another_config_lib_v3-3.6.6+1.20.1-forge.jar with languages [LanguageSpec[languageName=javafml, acceptedVersions=[46,)]]
[14Sep2025 20:32:52.815] [main/DEBUG] [net.minecraftforge.fml.loading.moddiscovery.ModFileParser/LOADING]: Considering mod file candidate /workspaces/Sever-Prueba-3/servidor_minecraft/mods/RyoamicLights-forge-0.2.3+mc1.20.1.jar
[14Sep2025 20:32:52.815] [main/DEBUG] [net.minecraftforge.fml.loading.moddiscovery.ModFileInfo/LOADING]: Found valid mod file RyoamicLights-forge-0.2.3+mc1.20.1.jar with {ryoamiclights} mods - versions {0.2.3+mc1.20.1}
[14Sep2025 20:32:52.815] [main/DEBUG] [net.minecraftforge.fml.loading.moddiscovery.ModFile/LOADING]: Loading mod file /workspaces/Sever-Prueba-3/servidor_minecraft/mods/RyoamicLights-forge-0.2.3+mc1.20.1.jar with languages [LanguageSpec[languageName=javafml, acceptedVersions=[40,)]]
[14Sep2025 20:32:52.815] [main/DEBUG] [net.minecraftforge.fml.loading.moddiscovery.ModFileParser/LOADING]: Considering mod file candidate 
[14Sep2025 20:32:52.816] [main/DEBUG] [net.minecraftforge.fml.loading.moddiscovery.ModFileInfo/LOADING]: Found valid mod file fabric-sound-api-v1-1.0.14+4f23bd8477.jar with {fabric_sound_api_v1} mods - versions {1.0.14+4f23bd8477}
[14Sep2025 20:32:52.816] [main/DEBUG] [net.minecraftforge.fml.loading.moddiscovery.ModFile/LOADING]: Loading mod file  with languages [LanguageSpec[languageName=javafml, acceptedVersions=[47,)]]
[14Sep2025 20:32:52.817] [main/DEBUG] [net.minecraftforge.fml.loading.moddiscovery.ModFileParser/LOADING]: Considering mod file candidate 
[14Sep2025 20:32:52.817] [main/DEBUG] [net.minecraftforge.fml.loading.moddiscovery.ModFileInfo/LOADING]: Found valid mod file fabric-message-api-v1-5.1.10+52cc178c77.jar with {fabric_message_api_v1} mods - versions {5.1.10+52cc178c77}
[14Sep2025 20:32:52.817] [main/DEBUG] [net.minecraftforge.fml.loading.moddiscovery.ModFile/LOADING]: Loading mod file  with languages [LanguageSpec[languageName=javafml, acceptedVersions=[47,)]]
[14Sep2025 20:32:52.817] [main/DEBUG] [net.minecraftforge.fml.loading.moddiscovery.ModFileParser/LOADING]: Considering mod file candidate /workspaces/Sever-Prueba-3/servidor_minecraft/mods/improvedmobs-1.20.1-1.13.6-forge.jar
[14Sep2025 20:32:52.817] [main/DEBUG] [net.minecraftforge.fml.loading.moddiscovery.ModFileInfo/LOADING]: Found valid mod file improvedmobs-1.20.1-1.13.6-forge.jar with {improvedmobs} mods - versions {1.20.1-1.13.6}
[14Sep2025 20:32:52.817] [main/DEBUG] [net.minecraftforge.fml.loading.moddiscovery.ModFile/LOADING]: Loading mod file /workspaces/Sever-Prueba-3/servidor_minecraft/mods/improvedmobs-1.20.1-1.13.6-forge.jar with languages [LanguageSpec[languageName=javafml, acceptedVersions=[47,)]]
[14Sep2025 20:32:52.817] [main/DEBUG] [net.minecraftforge.fml.loading.moddiscovery.ModFileParser/LOADING]: Considering mod file candidate 
[14Sep2025 20:32:52.818] [main/DEBUG] [net.minecraftforge.fml.loading.moddiscovery.ModFileInfo/LOADING]: Found valid mod file fabric-data-generation-api-v1-12.3.7+369cb3a477.jar with {fabric_data_generation_api_v1} mods - versions {12.3.7+369cb3a477}
[14Sep2025 20:32:52.818] [main/DEBUG] [net.minecraftforge.fml.loading.moddiscovery.ModFile/LOADING]: Loading mod file  with languages [LanguageSpec[languageName=javafml, acceptedVersions=[47,)]]
[14Sep2025 20:32:52.818] [main/DEBUG] [net.minecraftforge.fml.loading.moddiscovery.ModFileParser/LOADING]: Found coremod addFabricKeySortOrders with Javascript path META-INF/asm/addFabricKeySortOrders.js
[14Sep2025 20:32:52.818] [main/DEBUG] [net.minecraftforge.fml.loading.moddiscovery.ModFile/LOADING]: Found coremod META-INF/asm/addFabricKeySortOrders.js
[14Sep2025 20:32:52.818] [main/DEBUG] [net.minecraftforge.fml.loading.moddiscovery.ModFileParser/LOADING]: Considering mod file candidate /workspaces/Sever-Prueba-3/servidor_minecraft/mods/healingcampfire-1.20.1-6.2.jar
[14Sep2025 20:32:52.818] [main/DEBUG] [net.minecraftforge.fml.loading.moddiscovery.ModFileInfo/LOADING]: Found valid mod file healingcampfire-1.20.1-6.2.jar with {healingcampfire} mods - versions {6.2}
[14Sep2025 20:32:52.818] [main/DEBUG] [net.minecraftforge.fml.loading.moddiscovery.ModFile/LOADING]: Loading mod file /workspaces/Sever-Prueba-3/servidor_minecraft/mods/healingcampfire-1.20.1-6.2.jar with languages [LanguageSpec[languageName=javafml, acceptedVersions=*]]
[14Sep2025 20:32:52.819] [main/DEBUG] [net.minecraftforge.fml.loading.moddiscovery.ModFileParser/LOADING]: Considering mod file candidate 
[14Sep2025 20:32:52.819] [main/DEBUG] [net.minecraftforge.fml.loading.moddiscovery.ModFileInfo/LOADING]: Found valid mod file fabric-events-interaction-v0-0.6.5+0f26153f77.jar with {fabric_events_interaction_v0} mods - versions {0.6.5+0f26153f77}
[14Sep2025 20:32:52.819] [main/DEBUG] [net.minecraftforge.fml.loading.moddiscovery.ModFile/LOADING]: Loading mod file  with languages [LanguageSpec[languageName=javafml, acceptedVersions=[47,)]]
[14Sep2025 20:32:52.819] [main/DEBUG] [net.minecraftforge.fml.loading.moddiscovery.ModFile/LOADING]: Loading mod file  with languages []
[14Sep2025 20:32:52.819] [main/DEBUG] [net.minecraftforge.fml.loading.moddiscovery.ModFile/LOADING]: Loading mod file  with languages []
[14Sep2025 20:32:52.819] [main/DEBUG] [net.minecraftforge.fml.loading.moddiscovery.ModFileParser/LOADING]: Considering mod file candidate 
[14Sep2025 20:32:52.819] [main/DEBUG] [net.minecraftforge.fml.loading.moddiscovery.ModFileInfo/LOADING]: Found valid mod file mixinextras-forge-0.2.0-beta.6.jar with {mixinextras} mods - versions {0.2.0-beta.6}
[14Sep2025 20:32:52.819] [main/DEBUG] [net.minecraftforge.fml.loading.moddiscovery.ModFile/LOADING]: Loading mod file  with languages [LanguageSpec[languageName=javafml, acceptedVersions=*]]
[14Sep2025 20:32:52.819] [main/DEBUG] [net.minecraftforge.fml.loading.moddiscovery.ModFile/LOADING]: Loading mod file  with languages []
[14Sep2025 20:32:52.819] [main/DEBUG] [net.minecraftforge.fml.loading.moddiscovery.ModFile/LOADING]: Loading mod file  with languages []
[14Sep2025 20:32:52.819] [main/DEBUG] [net.minecraftforge.fml.loading.moddiscovery.ModFile/LOADING]: Loading mod file  with languages []
[14Sep2025 20:32:52.819] [main/DEBUG] [net.minecraftforge.fml.loading.moddiscovery.ModFile/LOADING]: Loading mod file  with languages []
[14Sep2025 20:32:52.819] [main/DEBUG] [net.minecraftforge.fml.loading.moddiscovery.ModFile/LOADING]: Loading mod file  with languages []
[14Sep2025 20:32:52.819] [main/DEBUG] [net.minecraftforge.fml.loading.moddiscovery.ModFile/LOADING]: Loading mod file  with languages []
[14Sep2025 20:32:52.819] [main/DEBUG] [net.minecraftforge.fml.loading.moddiscovery.ModFile/LOADING]: Loading mod file  with languages []
[14Sep2025 20:32:52.819] [main/DEBUG] [net.minecraftforge.fml.loading.moddiscovery.ModFile/LOADING]: Loading mod file  with languages []
[14Sep2025 20:32:52.820] [main/DEBUG] [net.minecraftforge.fml.loading.moddiscovery.ModFile/LOADING]: Loading mod file  with languages []
[14Sep2025 20:32:52.820] [main/DEBUG] [net.minecraftforge.fml.loading.moddiscovery.ModFile/LOADING]: Loading mod file  with languages []
[14Sep2025 20:32:52.820] [main/DEBUG] [net.minecraftforge.fml.loading.moddiscovery.ModFile/LOADING]: Loading mod file  with languages []
[14Sep2025 20:32:52.820] [main/DEBUG] [net.minecraftforge.fml.loading.moddiscovery.ModFile/LOADING]: Loading mod file  with languages []
[14Sep2025 20:32:52.820] [main/DEBUG] [net.minecraftforge.fml.loading.moddiscovery.ModFile/LOADING]: Loading mod file  with languages []
[14Sep2025 20:32:52.821] [main/DEBUG] [net.minecraftforge.fml.loading.moddiscovery.ModFile/LOADING]: Loading mod file  with languages []
[14Sep2025 20:32:52.821] [main/DEBUG] [net.minecraftforge.fml.loading.moddiscovery.ModFile/LOADING]: Loading mod file  with languages []
[14Sep2025 20:32:52.821] [main/DEBUG] [net.minecraftforge.fml.loading.moddiscovery.ModFile/LOADING]: Loading mod file  with languages []
[14Sep2025 20:32:52.821] [main/DEBUG] [net.minecraftforge.fml.loading.moddiscovery.ModFile/LOADING]: Loading mod file  with languages []
[14Sep2025 20:32:52.821] [main/DEBUG] [net.minecraftforge.fml.loading.moddiscovery.ModFile/LOADING]: Loading mod file  with languages []
[14Sep2025 20:32:52.821] [main/DEBUG] [net.minecraftforge.fml.loading.moddiscovery.ModFile/LOADING]: Loading mod file  with languages []
[14Sep2025 20:32:52.822] [main/DEBUG] [net.minecraftforge.fml.loading.moddiscovery.ModFileParser/LOADING]: Considering mod file candidate 
[14Sep2025 20:32:52.822] [main/DEBUG] [net.minecraftforge.fml.loading.moddiscovery.ModFileInfo/LOADING]: Found valid mod file mixinextras-forge-0.2.0-beta.6.jar with {mixinextras} mods - versions {0.2.0-beta.6}
[14Sep2025 20:32:52.823] [main/DEBUG] [net.minecraftforge.fml.loading.moddiscovery.ModFile/LOADING]: Loading mod file  with languages [LanguageSpec[languageName=javafml, acceptedVersions=*]]
[14Sep2025 20:32:52.823] [main/DEBUG] [net.minecraftforge.fml.loading.moddiscovery.ModFile/LOADING]: Loading mod file  with languages []
[14Sep2025 20:32:52.823] [main/DEBUG] [net.minecraftforge.fml.loading.moddiscovery.ModFile/LOADING]: Loading mod file  with languages []
[14Sep2025 20:32:52.823] [main/DEBUG] [net.minecraftforge.fml.loading.moddiscovery.ModFile/LOADING]: Loading mod file  with languages []
[14Sep2025 20:32:52.823] [main/DEBUG] [net.minecraftforge.fml.loading.moddiscovery.ModFile/LOADING]: Loading mod file  with languages []
[14Sep2025 20:32:52.823] [main/DEBUG] [net.minecraftforge.fml.loading.moddiscovery.ModFile/LOADING]: Loading mod file  with languages []
[14Sep2025 20:32:52.823] [main/DEBUG] [net.minecraftforge.fml.loading.moddiscovery.ModFile/LOADING]: Loading mod file  with languages []
[14Sep2025 20:32:52.823] [main/DEBUG] [net.minecraftforge.fml.loading.moddiscovery.ModFile/LOADING]: Loading mod file  with languages []
[14Sep2025 20:32:52.823] [main/DEBUG] [net.minecraftforge.fml.loading.moddiscovery.ModFile/LOADING]: Loading mod file  with languages []
[14Sep2025 20:32:52.823] [main/DEBUG] [net.minecraftforge.fml.loading.moddiscovery.ModFile/LOADING]: Loading mod file  with languages []
[14Sep2025 20:32:52.823] [main/DEBUG] [net.minecraftforge.fml.loading.moddiscovery.ModFile/LOADING]: Loading mod file  with languages []
[14Sep2025 20:32:52.823] [main/DEBUG] [net.minecraftforge.fml.loading.moddiscovery.ModFile/LOADING]: Loading mod file  with languages []
[14Sep2025 20:32:52.824] [main/DEBUG] [net.minecraftforge.fml.loading.moddiscovery.ModFile/LOADING]: Loading mod file  with languages []
[14Sep2025 20:32:52.824] [main/DEBUG] [net.minecraftforge.fml.loading.moddiscovery.ModFile/LOADING]: Loading mod file  with languages []
[14Sep2025 20:32:52.824] [main/DEBUG] [net.minecraftforge.fml.loading.moddiscovery.ModFile/LOADING]: Loading mod file  with languages []
[14Sep2025 20:32:52.824] [main/DEBUG] [net.minecraftforge.fml.loading.moddiscovery.ModFile/LOADING]: Loading mod file  with languages []
[14Sep2025 20:32:52.824] [main/DEBUG] [net.minecraftforge.fml.loading.moddiscovery.ModFile/LOADING]: Loading mod file  with languages []
[14Sep2025 20:32:52.824] [main/DEBUG] [net.minecraftforge.fml.loading.moddiscovery.ModFile/LOADING]: Loading mod file  with languages []
[14Sep2025 20:32:52.825] [main/DEBUG] [cpw.mods.modlauncher.TransformationServiceDecorator/MODLAUNCHER]: End scan trigger - transformation service fml
[14Sep2025 20:32:52.825] [main/DEBUG] [cpw.mods.modlauncher.TransformationServiceDecorator/MODLAUNCHER]: Beginning scan trigger - transformation service mixin-transmogrifier
[14Sep2025 20:32:52.827] [main/DEBUG] [cpw.mods.modlauncher.TransformationServiceDecorator/MODLAUNCHER]: End scan trigger - transformation service mixin-transmogrifier
[14Sep2025 20:32:52.827] [main/DEBUG] [cpw.mods.modlauncher.TransformationServiceDecorator/MODLAUNCHER]: Beginning scan trigger - transformation service connector_loader
[14Sep2025 20:32:52.827] [main/DEBUG] [cpw.mods.modlauncher.TransformationServiceDecorator/MODLAUNCHER]: End scan trigger - transformation service connector_loader
[14Sep2025 20:32:53.302] [main/INFO] [org.groovymc.gml.mappings.MappingsProvider/]: Starting runtime mappings setup...
[14Sep2025 20:32:53.320] [main/INFO] [org.groovymc.gml.internal.locator.ModLocatorInjector/]: Injecting ScriptModLocator candidates...
[14Sep2025 20:32:53.330] [main/INFO] [org.groovymc.gml.scriptmods.ScriptModLocator/]: Injected Jimfs file system
[14Sep2025 20:32:53.336] [main/INFO] [org.groovymc.gml.scriptmods.ScriptModLocator/]: Skipped loading script mods from directory /workspaces/Sever-Prueba-3/servidor_minecraft/mods/scripts as it did not exist.
[14Sep2025 20:32:53.344] [main/INFO] [org.groovymc.gml.internal.locator.ModLocatorInjector/]: Injected ScriptModLocator mod candidates. Found 0 valid mod candidates and 0 broken mod files.
[14Sep2025 20:32:53.344] [main/DEBUG] [net.minecraftforge.fml.loading.LanguageLoadingProvider/CORE]: Found 4 language providers
[14Sep2025 20:32:53.347] [main/DEBUG] [net.minecraftforge.fml.loading.LanguageLoadingProvider/CORE]: Found language provider javafml, version 47
[14Sep2025 20:32:53.348] [main/DEBUG] [net.minecraftforge.fml.loading.LanguageLoadingProvider/CORE]: Found language provider lowcodefml, version 47
[14Sep2025 20:32:53.348] [main/DEBUG] [net.minecraftforge.fml.loading.LanguageLoadingProvider/CORE]: Found language provider minecraft, version 1.0
[14Sep2025 20:32:53.348] [main/DEBUG] [net.minecraftforge.fml.loading.LanguageLoadingProvider/CORE]: Found language provider gml, version 4.0.11
[14Sep2025 20:32:53.354] [main/DEBUG] [net.minecraftforge.fml.loading.UniqueModListBuilder/]: Found 2 mods for first modid mclib, selecting most recent based on version data
[14Sep2025 20:32:53.356] [main/DEBUG] [net.minecraftforge.fml.loading.UniqueModListBuilder/]: Selected file mclib-20.jar for modid mclib with version 0.0NONE
[14Sep2025 20:32:53.356] [main/DEBUG] [net.minecraftforge.fml.loading.UniqueModListBuilder/]: Found 2 mods for first modid org.quiltmc.parsers.json, selecting most recent based on version data
[14Sep2025 20:32:53.356] [main/DEBUG] [net.minecraftforge.fml.loading.UniqueModListBuilder/]: Selected file json-0.2.1.jar for modid org.quiltmc.parsers.json with version 0.0NONE
[14Sep2025 20:32:53.356] [main/DEBUG] [net.minecraftforge.fml.loading.UniqueModListBuilder/]: Found 2 mods for first modid com.twelvemonkeys.imageio.webp, selecting most recent based on version data
[14Sep2025 20:32:53.356] [main/DEBUG] [net.minecraftforge.fml.loading.UniqueModListBuilder/]: Selected file imageio-webp-3.12.0.jar for modid com.twelvemonkeys.imageio.webp with version 3.12.0
[14Sep2025 20:32:53.356] [main/DEBUG] [net.minecraftforge.fml.loading.UniqueModListBuilder/]: Found 2 mods for first modid mixinextras, selecting most recent based on version data
[14Sep2025 20:32:53.356] [main/DEBUG] [net.minecraftforge.fml.loading.UniqueModListBuilder/]: Selected file mixinextras-forge-0.2.0-beta.6.jar for modid mixinextras with version 0.2.0-beta.6
[14Sep2025 20:32:53.356] [main/DEBUG] [net.minecraftforge.fml.loading.UniqueModListBuilder/]: Found 2 mods for first modid com.twelvemonkeys.common.lang, selecting most recent based on version data
[14Sep2025 20:32:53.356] [main/DEBUG] [net.minecraftforge.fml.loading.UniqueModListBuilder/]: Selected file common-lang-3.12.0.jar for modid com.twelvemonkeys.common.lang with version 3.12.0
[14Sep2025 20:32:53.356] [main/DEBUG] [net.minecraftforge.fml.loading.UniqueModListBuilder/]: Found 2 mods for first modid runtime._1._20._1, selecting most recent based on version data
[14Sep2025 20:32:53.356] [main/DEBUG] [net.minecraftforge.fml.loading.UniqueModListBuilder/]: Selected file runtime-1.0.0+1.20.1.jar for modid runtime._1._20._1 with version 1.0.0+1.20.1
[14Sep2025 20:32:53.356] [main/DEBUG] [net.minecraftforge.fml.loading.UniqueModListBuilder/]: Found 2 mods for first modid com.twelvemonkeys.imageio.metadata, selecting most recent based on version data
[14Sep2025 20:32:53.356] [main/DEBUG] [net.minecraftforge.fml.loading.UniqueModListBuilder/]: Selected file imageio-metadata-3.12.0.jar for modid com.twelvemonkeys.imageio.metadata with version 3.12.0
[14Sep2025 20:32:53.356] [main/DEBUG] [net.minecraftforge.fml.loading.UniqueModListBuilder/]: Found 2 mods for first modid com.madgag.gif.fmsware, selecting most recent based on version data
[14Sep2025 20:32:53.356] [main/DEBUG] [net.minecraftforge.fml.loading.UniqueModListBuilder/]: Selected file animated-gif-lib-for-java-animated-gif-lib-1.7.jar for modid com.madgag.gif.fmsware with version 0.0NONE
[14Sep2025 20:32:53.356] [main/DEBUG] [net.minecraftforge.fml.loading.UniqueModListBuilder/]: Found 2 mods for first modid org.quiltmc.parsers.gson, selecting most recent based on version data
[14Sep2025 20:32:53.356] [main/DEBUG] [net.minecraftforge.fml.loading.UniqueModListBuilder/]: Selected file gson-0.2.1.jar for modid org.quiltmc.parsers.gson with version 0.0NONE
[14Sep2025 20:32:53.356] [main/DEBUG] [net.minecraftforge.fml.loading.UniqueModListBuilder/]: Found 2 mods for first modid Reflect, selecting most recent based on version data
[14Sep2025 20:32:53.356] [main/DEBUG] [net.minecraftforge.fml.loading.UniqueModListBuilder/]: Selected file Reflect-1.3.4.jar for modid Reflect with version 0.0NONE
[14Sep2025 20:32:53.356] [main/DEBUG] [net.minecraftforge.fml.loading.UniqueModListBuilder/]: Found 2 mods for first modid japng, selecting most recent based on version data
[14Sep2025 20:32:53.356] [main/DEBUG] [net.minecraftforge.fml.loading.UniqueModListBuilder/]: Selected file japng-0.5.3.jar for modid japng with version 0.5.3
[14Sep2025 20:32:53.356] [main/DEBUG] [net.minecraftforge.fml.loading.UniqueModListBuilder/]: Found 2 mods for first modid NanoLiveConfig, selecting most recent based on version data
[14Sep2025 20:32:53.357] [main/DEBUG] [net.minecraftforge.fml.loading.UniqueModListBuilder/]: Selected file NanoLiveConfig-1.2.1.jar for modid NanoLiveConfig with version 0.0NONE
[14Sep2025 20:32:53.357] [main/DEBUG] [net.minecraftforge.fml.loading.UniqueModListBuilder/]: Found 2 mods for first modid jankson, selecting most recent based on version data
[14Sep2025 20:32:53.357] [main/DEBUG] [net.minecraftforge.fml.loading.UniqueModListBuilder/]: Selected file jankson-1.2.2.jar for modid jankson with version 0.0NONE
[14Sep2025 20:32:53.357] [main/DEBUG] [net.minecraftforge.fml.loading.UniqueModListBuilder/]: Found 2 mods for first modid MathParser.org.mXparser, selecting most recent based on version data
[14Sep2025 20:32:53.357] [main/DEBUG] [net.minecraftforge.fml.loading.UniqueModListBuilder/]: Selected file MathParser.org-mXparser-5.2.1.jar for modid MathParser.org.mXparser with version 0.0NONE
[14Sep2025 20:32:53.357] [main/DEBUG] [net.minecraftforge.fml.loading.UniqueModListBuilder/]: Found 2 mods for first modid com.twelvemonkeys.common.image, selecting most recent based on version data
[14Sep2025 20:32:53.357] [main/DEBUG] [net.minecraftforge.fml.loading.UniqueModListBuilder/]: Selected file common-image-3.12.0.jar for modid com.twelvemonkeys.common.image with version 3.12.0
[14Sep2025 20:32:53.357] [main/DEBUG] [net.minecraftforge.fml.loading.UniqueModListBuilder/]: Found 2 mods for first modid jcpp, selecting most recent based on version data
[14Sep2025 20:32:53.357] [main/DEBUG] [net.minecraftforge.fml.loading.UniqueModListBuilder/]: Selected file jcpp-1.4.14.jar for modid jcpp with version 1.4.14
[14Sep2025 20:32:53.357] [main/DEBUG] [net.minecraftforge.fml.loading.UniqueModListBuilder/]: Found 2 mods for first modid com.twelvemonkeys.imageio.core, selecting most recent based on version data
[14Sep2025 20:32:53.357] [main/DEBUG] [net.minecraftforge.fml.loading.UniqueModListBuilder/]: Selected file imageio-core-3.12.0.jar for modid com.twelvemonkeys.imageio.core with version 3.12.0
[14Sep2025 20:32:53.357] [main/DEBUG] [net.minecraftforge.fml.loading.UniqueModListBuilder/]: Found 2 mods for first modid com.twelvemonkeys.common.io, selecting most recent based on version data
[14Sep2025 20:32:53.357] [main/DEBUG] [net.minecraftforge.fml.loading.UniqueModListBuilder/]: Selected file common-io-3.12.0.jar for modid com.twelvemonkeys.common.io with version 3.12.0
[14Sep2025 20:32:53.357] [main/DEBUG] [net.minecraftforge.fml.loading.UniqueModListBuilder/]: Found 2 mods for first modid org.apache.httpcomponents.httpmime, selecting most recent based on version data
[14Sep2025 20:32:53.357] [main/DEBUG] [net.minecraftforge.fml.loading.UniqueModListBuilder/]: Selected file httpmime-4.5.10.jar for modid org.apache.httpcomponents.httpmime with version 4.5.10
[14Sep2025 20:32:53.357] [main/DEBUG] [net.minecraftforge.fml.loading.UniqueModListBuilder/]: Found 2 mods for first modid MixinExtras, selecting most recent based on version data
[14Sep2025 20:32:53.357] [main/DEBUG] [net.minecraftforge.fml.loading.UniqueModListBuilder/]: Selected file MixinExtras-0.4.1.jar for modid MixinExtras with version 0.0NONE
[14Sep2025 20:32:53.361] [main/DEBUG] [net.minecraftforge.fml.loading.ModSorter/]: Configured system mods: [minecraft, forge]
[14Sep2025 20:32:53.362] [main/DEBUG] [net.minecraftforge.fml.loading.ModSorter/]: Found system mod: minecraft
[14Sep2025 20:32:53.362] [main/DEBUG] [net.minecraftforge.fml.loading.ModSorter/]: Found system mod: forge
[14Sep2025 20:32:53.365] [main/DEBUG] [net.minecraftforge.fml.loading.ModSorter/LOADING]: Found 304 mod requirements (283 mandatory, 21 optional)
[14Sep2025 20:32:53.367] [main/DEBUG] [net.minecraftforge.fml.loading.ModSorter/LOADING]: Found 0 mod requirements missing (0 mandatory, 0 optional)
[14Sep2025 20:32:53.806] [main/DEBUG] [org.sinytra.connector.service.hacks.ModuleLayerMigrator/]: Attempting to make module authlib transformable
[14Sep2025 20:32:53.813] [main/INFO] [org.sinytra.connector.service.hacks.ModuleLayerMigrator/]: Successfully made module authlib transformable
[14Sep2025 20:32:53.815] [main/DEBUG] [cpw.mods.modlauncher.TransformationServicesHandler/MODLAUNCHER]: Transformation services loading transformers
[14Sep2025 20:32:53.818] [main/DEBUG] [cpw.mods.modlauncher.TransformationServiceDecorator/MODLAUNCHER]: Initializing transformers for transformation service mixin
[14Sep2025 20:32:53.818] [main/DEBUG] [cpw.mods.modlauncher.TransformationServiceDecorator/MODLAUNCHER]: Initialized transformers for transformation service mixin
[14Sep2025 20:32:53.818] [main/DEBUG] [cpw.mods.modlauncher.TransformationServiceDecorator/MODLAUNCHER]: Initializing transformers for transformation service fml
[14Sep2025 20:32:53.818] [main/DEBUG] [net.minecraftforge.fml.loading.FMLServiceProvider/CORE]: Loading coremod transformers
[14Sep2025 20:32:53.818] [main/DEBUG] [net.minecraftforge.coremod.CoreModEngine/COREMOD]: Loading CoreMod from META-INF/asm/implementFabricItem.js
[14Sep2025 20:32:53.867] [main/DEBUG] [net.minecraftforge.coremod.CoreModEngine/COREMOD]: CoreMod loaded successfully
[14Sep2025 20:32:53.867] [main/DEBUG] [net.minecraftforge.coremod.CoreModEngine/COREMOD]: Loading CoreMod from META-INF/asm/mutableOxidizableBlocks.js
[14Sep2025 20:32:53.884] [main/DEBUG] [net.minecraftforge.coremod.CoreModEngine/COREMOD]: CoreMod loaded successfully
[14Sep2025 20:32:53.884] [main/DEBUG] [net.minecraftforge.coremod.CoreModEngine/COREMOD]: Loading CoreMod from META-INF/asm/injectCreativeModeTabCtr.js
[14Sep2025 20:32:53.896] [main/DEBUG] [net.minecraftforge.coremod.CoreModEngine/COREMOD]: CoreMod loaded successfully
[14Sep2025 20:32:53.896] [main/DEBUG] [net.minecraftforge.coremod.CoreModEngine/COREMOD]: Loading CoreMod from META-INF/asm/injectFabricASM.js
[14Sep2025 20:32:53.924] [main/DEBUG] [net.minecraftforge.coremod.CoreModEngine/COREMOD]: CoreMod loaded successfully
[14Sep2025 20:32:53.928] [main/DEBUG] [net.minecraftforge.coremod.CoreModEngine/COREMOD]: Loading CoreMod from META-INF/asm/updateItemUseStartTreshold.js
[14Sep2025 20:32:53.937] [main/DEBUG] [net.minecraftforge.coremod.CoreModEngine/COREMOD]: CoreMod loaded successfully
[14Sep2025 20:32:53.937] [main/DEBUG] [net.minecraftforge.coremod.CoreModEngine/COREMOD]: Loading CoreMod from META-INF/asm/expandLocalVarScope.js
[14Sep2025 20:32:53.962] [main/DEBUG] [net.minecraftforge.coremod.CoreModEngine/COREMOD]: CoreMod loaded successfully
[14Sep2025 20:32:53.962] [main/DEBUG] [net.minecraftforge.coremod.CoreModEngine/COREMOD]: Loading CoreMod from META-INF/asm/fixFieldSignatureChanges.js
[14Sep2025 20:32:53.972] [main/DEBUG] [net.minecraftforge.coremod.CoreModEngine/COREMOD]: CoreMod loaded successfully
[14Sep2025 20:32:53.972] [main/DEBUG] [net.minecraftforge.coremod.CoreModEngine/COREMOD]: Loading CoreMod from coremods/field_to_method.js
[14Sep2025 20:32:53.985] [main/DEBUG] [net.minecraftforge.coremod.CoreModEngine/COREMOD]: CoreMod loaded successfully
[14Sep2025 20:32:53.985] [main/DEBUG] [net.minecraftforge.coremod.CoreModEngine/COREMOD]: Loading CoreMod from coremods/field_to_instanceof.js
[14Sep2025 20:32:53.998] [main/DEBUG] [net.minecraftforge.coremod.CoreModEngine/COREMOD]: CoreMod loaded successfully
[14Sep2025 20:32:53.998] [main/DEBUG] [net.minecraftforge.coremod.CoreModEngine/COREMOD]: Loading CoreMod from coremods/add_bouncer_method.js
[14Sep2025 20:32:54.014] [main/DEBUG] [net.minecraftforge.coremod.CoreModEngine/COREMOD]: CoreMod loaded successfully
[14Sep2025 20:32:54.014] [main/DEBUG] [net.minecraftforge.coremod.CoreModEngine/COREMOD]: Loading CoreMod from coremods/method_redirector.js
[14Sep2025 20:32:54.049] [main/DEBUG] [net.minecraftforge.coremod.CoreModEngine/COREMOD]: CoreMod loaded successfully
[14Sep2025 20:32:54.049] [main/DEBUG] [net.minecraftforge.coremod.CoreModEngine/COREMOD]: Loading CoreMod from META-INF/asm/implementFabricBlock.js
[14Sep2025 20:32:54.065] [main/DEBUG] [net.minecraftforge.coremod.CoreModEngine/COREMOD]: CoreMod loaded successfully
[14Sep2025 20:32:54.065] [main/DEBUG] [net.minecraftforge.coremod.CoreModEngine/COREMOD]: Loading CoreMod from META-INF/asm/implementFabricBlockState.js
[14Sep2025 20:32:54.078] [main/DEBUG] [net.minecraftforge.coremod.CoreModEngine/COREMOD]: CoreMod loaded successfully
[14Sep2025 20:32:54.078] [main/DEBUG] [net.minecraftforge.coremod.CoreModEngine/COREMOD]: Loading CoreMod from META-INF/asm/injectDataProvider.js
[14Sep2025 20:32:54.091] [main/DEBUG] [net.minecraftforge.coremod.CoreModEngine/COREMOD]: CoreMod loaded successfully
[14Sep2025 20:32:54.091] [main/DEBUG] [net.minecraftforge.coremod.CoreModEngine/COREMOD]: Loading CoreMod from META-INF/asm/addFabricKeySortOrders.js
[14Sep2025 20:32:54.103] [main/DEBUG] [net.minecraftforge.coremod.CoreModEngine/COREMOD]: CoreMod loaded successfully
[14Sep2025 20:32:54.108] [main/DEBUG] [cpw.mods.modlauncher.TransformStore/MODLAUNCHER]: Adding transformer net.minecraftforge.coremod.transformer.CoreModMethodTransformer@7ee02968 to Target : METHOD {Lnet/minecraftforge/common/extensions/IForgeItem;} {getCraftingRemainingItem} {(Lnet/minecraft/world/item/ItemStack;)Lnet/minecraft/world/item/ItemStack;}
[14Sep2025 20:32:54.108] [main/DEBUG] [cpw.mods.modlauncher.TransformStore/MODLAUNCHER]: Adding transformer net.minecraftforge.coremod.transformer.CoreModMethodTransformer@4a773f08 to Target : METHOD {Lnet/minecraftforge/common/extensions/IForgeItem;} {hasCraftingRemainingItem} {(Lnet/minecraft/world/item/ItemStack;)Z}
[14Sep2025 20:32:54.109] [main/DEBUG] [cpw.mods.modlauncher.TransformStore/MODLAUNCHER]: Adding transformer net.minecraftforge.coremod.transformer.CoreModMethodTransformer@40b8158d to Target : METHOD {Lnet/minecraftforge/common/extensions/IForgeItem;} {getAttributeModifiers} {(Lnet/minecraft/world/entity/EquipmentSlot;Lnet/minecraft/world/item/ItemStack;)Lcom/google/common/collect/Multimap;}
[14Sep2025 20:32:54.109] [main/DEBUG] [cpw.mods.modlauncher.TransformStore/MODLAUNCHER]: Adding transformer net.minecraftforge.coremod.transformer.CoreModMethodTransformer@24e7087a to Target : METHOD {Lnet/minecraftforge/common/extensions/IForgeItem;} {isCorrectToolForDrops} {(Lnet/minecraft/world/item/ItemStack;Lnet/minecraft/world/level/block/state/BlockState;)Z}
[14Sep2025 20:32:54.109] [main/DEBUG] [cpw.mods.modlauncher.TransformStore/MODLAUNCHER]: Adding transformer net.minecraftforge.coremod.transformer.CoreModMethodTransformer@5bb3dee7 to Target : METHOD {Lnet/minecraftforge/common/extensions/IForgeItem;} {shouldCauseReequipAnimation} {(Lnet/minecraft/world/item/ItemStack;Lnet/minecraft/world/item/ItemStack;Z)Z}
[14Sep2025 20:32:54.109] [main/DEBUG] [cpw.mods.modlauncher.TransformStore/MODLAUNCHER]: Adding transformer net.minecraftforge.coremod.transformer.CoreModMethodTransformer@284f25e6 to Target : METHOD {Lnet/minecraftforge/common/extensions/IForgeItem;} {getEquipmentSlot} {(Lnet/minecraft/world/item/ItemStack;)Lnet/minecraft/world/entity/EquipmentSlot;}
[14Sep2025 20:32:54.109] [main/DEBUG] [cpw.mods.modlauncher.TransformStore/MODLAUNCHER]: Adding transformer net.minecraftforge.coremod.transformer.CoreModMethodTransformer@285b491f to Target : METHOD {Lnet/minecraftforge/common/extensions/IForgeItem;} {damageItem} {(Lnet/minecraft/world/item/ItemStack;ILnet/minecraft/world/entity/LivingEntity;Ljava/util/function/Consumer;)I}
[14Sep2025 20:32:54.109] [main/DEBUG] [cpw.mods.modlauncher.TransformStore/MODLAUNCHER]: Adding transformer net.minecraftforge.coremod.transformer.CoreModMethodTransformer@346330b6 to Target : METHOD {Lnet/minecraft/world/level/block/WeatheringCopper;} {m_154909_} {()Lcom/google/common/collect/BiMap;}
[14Sep2025 20:32:54.109] [main/DEBUG] [cpw.mods.modlauncher.TransformStore/MODLAUNCHER]: Adding transformer net.minecraftforge.coremod.transformer.CoreModMethodTransformer@71e2843b to Target : METHOD {Lcom/chocohead/mm/Plugin;} {fishAddURL} {()Ljava/util/function/Consumer;}
[14Sep2025 20:32:54.109] [main/DEBUG] [cpw.mods.modlauncher.TransformStore/MODLAUNCHER]: Adding transformer net.minecraftforge.coremod.transformer.CoreModMethodTransformer@20d3fff4 to Target : METHOD {Lcom/chocohead/mm/Plugin$1;} {generate} {(Ljava/lang/String;Ljava/util/Collection;)V}
[14Sep2025 20:32:54.109] [main/DEBUG] [cpw.mods.modlauncher.TransformStore/MODLAUNCHER]: Adding transformer net.minecraftforge.coremod.transformer.CoreModMethodTransformer@52325940 to Target : METHOD {Lcom/chocohead/mm/EnumSubclasser;} {defineAnonymousSubclass} {(Lorg/objectweb/asm/tree/ClassNode;Lcom/chocohead/mm/api/EnumAdder$EnumAddition;Ljava/lang/String;Ljava/lang/String;)[B}
[14Sep2025 20:32:54.109] [main/DEBUG] [cpw.mods.modlauncher.TransformStore/MODLAUNCHER]: Adding transformer net.minecraftforge.coremod.transformer.CoreModMethodTransformer@7f792530 to Target : METHOD {Lme/shedaniel/mm/Plugin;} {fishAddURL} {()Ljava/util/function/Consumer;}
[14Sep2025 20:32:54.110] [main/DEBUG] [cpw.mods.modlauncher.TransformStore/MODLAUNCHER]: Adding transformer net.minecraftforge.coremod.transformer.CoreModMethodTransformer@1adfb5b8 to Target : METHOD {Lme/shedaniel/mm/Plugin$1;} {generate} {(Ljava/lang/String;Ljava/util/Collection;)V}
[14Sep2025 20:32:54.110] [main/DEBUG] [cpw.mods.modlauncher.TransformStore/MODLAUNCHER]: Adding transformer net.minecraftforge.coremod.transformer.CoreModMethodTransformer@254cc548 to Target : METHOD {Lme/shedaniel/mm/EnumSubclasser;} {defineAnonymousSubclass} {(Lorg/objectweb/asm/tree/ClassNode;Lcom/chocohead/mm/api/EnumAdder$EnumAddition;Ljava/lang/String;Ljava/lang/String;)[B}
[14Sep2025 20:32:54.110] [main/DEBUG] [cpw.mods.modlauncher.TransformStore/MODLAUNCHER]: Adding transformer net.minecraftforge.coremod.transformer.CoreModMethodTransformer@65f470f8 to Target : METHOD {Lnet/minecraft/world/entity/LivingEntity;} {m_6672_} {(Lnet/minecraft/world/InteractionHand;)V}
[14Sep2025 20:32:54.110] [main/DEBUG] [cpw.mods.modlauncher.TransformStore/MODLAUNCHER]: Adding transformer net.minecraftforge.coremod.transformer.CoreModMethodTransformer@531299d3 to Target : METHOD {Lnet/minecraft/world/entity/LivingEntity;} {m_147215_} {(Lnet/minecraft/world/effect/MobEffectInstance;Lnet/minecraft/world/entity/Entity;)V}
[14Sep2025 20:32:54.110] [main/DEBUG] [cpw.mods.modlauncher.TransformStore/MODLAUNCHER]: Adding transformer net.minecraftforge.coremod.transformer.CoreModMethodTransformer@3487947c to Target : METHOD {Lnet/minecraft/world/level/BaseSpawner;} {m_151311_} {(Lnet/minecraft/server/level/ServerLevel;Lnet/minecraft/core/BlockPos;)V}
[14Sep2025 20:32:54.110] [main/DEBUG] [cpw.mods.modlauncher.TransformStore/MODLAUNCHER]: Adding transformer net.minecraftforge.coremod.transformer.CoreModMethodTransformer@77226121 to Target : METHOD {Lnet/minecraftforge/common/extensions/IForgeBlock;} {getAppearance} {(Lnet/minecraft/world/level/block/state/BlockState;Lnet/minecraft/world/level/BlockAndTintGetter;Lnet/minecraft/core/BlockPos;Lnet/minecraft/core/Direction;Lnet/minecraft/world/level/block/state/BlockState;Lnet/minecraft/core/BlockPos;)Lnet/minecraft/world/level/block/state/BlockState;}
[14Sep2025 20:32:54.110] [main/DEBUG] [cpw.mods.modlauncher.TransformStore/MODLAUNCHER]: Adding transformer net.minecraftforge.coremod.transformer.CoreModMethodTransformer@3117ac8d to Target : METHOD {Lnet/minecraftforge/common/extensions/IForgeBlockState;} {getAppearance} {(Lnet/minecraft/world/level/BlockAndTintGetter;Lnet/minecraft/core/BlockPos;Lnet/minecraft/core/Direction;Lnet/minecraft/world/level/block/state/BlockState;Lnet/minecraft/core/BlockPos;)Lnet/minecraft/world/level/block/state/BlockState;}
[14Sep2025 20:32:54.110] [main/DEBUG] [cpw.mods.modlauncher.TransformStore/MODLAUNCHER]: Adding transformer net.minecraftforge.coremod.transformer.CoreModMethodTransformer@760c777d to Target : METHOD {Lnet/minecraft/data/DataProvider;} {m_236069_} {(Lit/unimi/dsi/fastutil/objects/Object2IntOpenHashMap;)V}
[14Sep2025 20:32:54.110] [main/DEBUG] [cpw.mods.modlauncher.TransformStore/MODLAUNCHER]: Adding transformer net.minecraftforge.coremod.transformer.CoreModMethodTransformer@7ea039b4 to Target : METHOD {Lnet/minecraft/data/DataProvider;} {m_236069_} {(Lit/unimi/dsi/fastutil/objects/Object2IntOpenHashMap;)V}
[14Sep2025 20:32:54.110] [main/DEBUG] [cpw.mods.modlauncher.TransformStore/MODLAUNCHER]: Adding transformer net.minecraftforge.coremod.transformer.CoreModClassTransformer@1aef7428 to Target : CLASS {Lnet/minecraftforge/common/extensions/IForgeItem;} {} {V}
[14Sep2025 20:32:54.110] [main/DEBUG] [cpw.mods.modlauncher.TransformStore/MODLAUNCHER]: Adding transformer net.minecraftforge.coremod.transformer.CoreModClassTransformer@1610c03c to Target : CLASS {Lnet/minecraft/world/item/CreativeModeTab;} {} {V}
[14Sep2025 20:32:54.111] [main/DEBUG] [cpw.mods.modlauncher.TransformStore/MODLAUNCHER]: Adding transformer net.minecraftforge.coremod.transformer.CoreModClassTransformer@332fa1c to Target : CLASS {Lnet/minecraft/client/KeyMapping;} {} {V}
[14Sep2025 20:32:54.111] [main/DEBUG] [cpw.mods.modlauncher.TransformStore/MODLAUNCHER]: Adding transformer net.minecraftforge.coremod.transformer.CoreModClassTransformer@7c200e57 to Target : CLASS {Lnet/minecraft/world/level/biome/Biome;} {} {V}
[14Sep2025 20:32:54.111] [main/DEBUG] [cpw.mods.modlauncher.TransformStore/MODLAUNCHER]: Adding transformer net.minecraftforge.coremod.transformer.CoreModClassTransformer@1d0f7bcf to Target : CLASS {Lnet/minecraft/world/level/levelgen/structure/Structure;} {} {V}
[14Sep2025 20:32:54.111] [main/DEBUG] [cpw.mods.modlauncher.TransformStore/MODLAUNCHER]: Adding transformer net.minecraftforge.coremod.transformer.CoreModClassTransformer@d0e4972 to Target : CLASS {Lnet/minecraft/world/effect/MobEffectInstance;} {} {V}
[14Sep2025 20:32:54.111] [main/DEBUG] [cpw.mods.modlauncher.TransformStore/MODLAUNCHER]: Adding transformer net.minecraftforge.coremod.transformer.CoreModClassTransformer@1978b0d5 to Target : CLASS {Lnet/minecraft/world/level/block/LiquidBlock;} {} {V}
[14Sep2025 20:32:54.111] [main/DEBUG] [cpw.mods.modlauncher.TransformStore/MODLAUNCHER]: Adding transformer net.minecraftforge.coremod.transformer.CoreModClassTransformer@6556471b to Target : CLASS {Lnet/minecraft/world/item/BucketItem;} {} {V}
[14Sep2025 20:32:54.111] [main/DEBUG] [cpw.mods.modlauncher.TransformStore/MODLAUNCHER]: Adding transformer net.minecraftforge.coremod.transformer.CoreModClassTransformer@3e1897d to Target : CLASS {Lnet/minecraft/world/level/block/StairBlock;} {} {V}
[14Sep2025 20:32:54.111] [main/DEBUG] [cpw.mods.modlauncher.TransformStore/MODLAUNCHER]: Adding transformer net.minecraftforge.coremod.transformer.CoreModClassTransformer@7cdb05aa to Target : CLASS {Lnet/minecraft/world/level/block/FlowerPotBlock;} {} {V}
[14Sep2025 20:32:54.111] [main/DEBUG] [cpw.mods.modlauncher.TransformStore/MODLAUNCHER]: Adding transformer net.minecraftforge.coremod.transformer.CoreModClassTransformer@2079fcfc to Target : CLASS {Lnet/minecraft/world/item/ItemStack;} {} {V}
[14Sep2025 20:32:54.111] [main/DEBUG] [cpw.mods.modlauncher.TransformStore/MODLAUNCHER]: Adding transformer net.minecraftforge.coremod.transformer.CoreModClassTransformer@77401977 to Target : CLASS {Lnet/minecraft/network/play/client/CClientSettingsPacket;} {} {V}
[14Sep2025 20:32:54.111] [main/DEBUG] [cpw.mods.modlauncher.TransformStore/MODLAUNCHER]: Adding transformer net.minecraftforge.coremod.transformer.CoreModClassTransformer@7865cc83 to Target : CLASS {Lnet/minecraft/world/level/NaturalSpawner;} {} {V}
[14Sep2025 20:32:54.112] [main/DEBUG] [cpw.mods.modlauncher.TransformStore/MODLAUNCHER]: Adding transformer net.minecraftforge.coremod.transformer.CoreModClassTransformer@7865cc83 to Target : CLASS {Lnet/minecraft/server/commands/SummonCommand;} {} {V}
[14Sep2025 20:32:54.112] [main/DEBUG] [cpw.mods.modlauncher.TransformStore/MODLAUNCHER]: Adding transformer net.minecraftforge.coremod.transformer.CoreModClassTransformer@7865cc83 to Target : CLASS {Lnet/minecraft/world/entity/npc/Villager;} {} {V}
[14Sep2025 20:32:54.112] [main/DEBUG] [cpw.mods.modlauncher.TransformStore/MODLAUNCHER]: Adding transformer net.minecraftforge.coremod.transformer.CoreModClassTransformer@7865cc83 to Target : CLASS {Lnet/minecraft/world/level/levelgen/PhantomSpawner;} {} {V}
[14Sep2025 20:32:54.112] [main/DEBUG] [cpw.mods.modlauncher.TransformStore/MODLAUNCHER]: Adding transformer net.minecraftforge.coremod.transformer.CoreModClassTransformer@7865cc83 to Target : CLASS {Lnet/minecraft/world/level/levelgen/structure/structures/WoodlandMansionPieces$WoodlandMansionPiece;} {} {V}
[14Sep2025 20:32:54.112] [main/DEBUG] [cpw.mods.modlauncher.TransformStore/MODLAUNCHER]: Adding transformer net.minecraftforge.coremod.transformer.CoreModClassTransformer@7865cc83 to Target : CLASS {Lnet/minecraft/world/entity/monster/Spider;} {} {V}
[14Sep2025 20:32:54.112] [main/DEBUG] [cpw.mods.modlauncher.TransformStore/MODLAUNCHER]: Adding transformer net.minecraftforge.coremod.transformer.CoreModClassTransformer@7865cc83 to Target : CLASS {Lnet/minecraft/world/entity/npc/CatSpawner;} {} {V}
[14Sep2025 20:32:54.112] [main/DEBUG] [cpw.mods.modlauncher.TransformStore/MODLAUNCHER]: Adding transformer net.minecraftforge.coremod.transformer.CoreModClassTransformer@7865cc83 to Target : CLASS {Lnet/minecraft/world/level/levelgen/PatrolSpawner;} {} {V}
[14Sep2025 20:32:54.112] [main/DEBUG] [cpw.mods.modlauncher.TransformStore/MODLAUNCHER]: Adding transformer net.minecraftforge.coremod.transformer.CoreModClassTransformer@7865cc83 to Target : CLASS {Lnet/minecraft/world/level/levelgen/structure/structures/SwampHutPiece;} {} {V}
[14Sep2025 20:32:54.112] [main/DEBUG] [cpw.mods.modlauncher.TransformStore/MODLAUNCHER]: Adding transformer net.minecraftforge.coremod.transformer.CoreModClassTransformer@7865cc83 to Target : CLASS {Lnet/minecraft/world/entity/animal/frog/Tadpole;} {} {V}
[14Sep2025 20:32:54.112] [main/DEBUG] [cpw.mods.modlauncher.TransformStore/MODLAUNCHER]: Adding transformer net.minecraftforge.coremod.transformer.CoreModClassTransformer@7865cc83 to Target : CLASS {Lnet/minecraft/world/level/levelgen/structure/templatesystem/StructureTemplate;} {} {V}
[14Sep2025 20:32:54.112] [main/DEBUG] [cpw.mods.modlauncher.TransformStore/MODLAUNCHER]: Adding transformer net.minecraftforge.coremod.transformer.CoreModClassTransformer@7865cc83 to Target : CLASS {Lnet/minecraft/world/entity/monster/Zombie;} {} {V}
[14Sep2025 20:32:54.112] [main/DEBUG] [cpw.mods.modlauncher.TransformStore/MODLAUNCHER]: Adding transformer net.minecraftforge.coremod.transformer.CoreModClassTransformer@7865cc83 to Target : CLASS {Lnet/minecraft/world/level/levelgen/structure/structures/OceanMonumentPieces$OceanMonumentPiece;} {} {V}
[14Sep2025 20:32:54.112] [main/DEBUG] [cpw.mods.modlauncher.TransformStore/MODLAUNCHER]: Adding transformer net.minecraftforge.coremod.transformer.CoreModClassTransformer@7865cc83 to Target : CLASS {Lnet/minecraft/world/level/levelgen/structure/structures/OceanRuinPieces$OceanRuinPiece;} {} {V}
[14Sep2025 20:32:54.112] [main/DEBUG] [cpw.mods.modlauncher.TransformStore/MODLAUNCHER]: Adding transformer net.minecraftforge.coremod.transformer.CoreModClassTransformer@7865cc83 to Target : CLASS {Lnet/minecraft/world/entity/ai/village/VillageSiege;} {} {V}
[14Sep2025 20:32:54.112] [main/DEBUG] [cpw.mods.modlauncher.TransformStore/MODLAUNCHER]: Adding transformer net.minecraftforge.coremod.transformer.CoreModClassTransformer@7865cc83 to Target : CLASS {Lnet/minecraft/world/entity/raid/Raid;} {} {V}
[14Sep2025 20:32:54.112] [main/DEBUG] [cpw.mods.modlauncher.TransformStore/MODLAUNCHER]: Adding transformer net.minecraftforge.coremod.transformer.CoreModClassTransformer@7865cc83 to Target : CLASS {Lnet/minecraft/world/entity/monster/ZombieVillager;} {} {V}
[14Sep2025 20:32:54.112] [main/DEBUG] [cpw.mods.modlauncher.TransformStore/MODLAUNCHER]: Adding transformer net.minecraftforge.coremod.transformer.CoreModClassTransformer@7865cc83 to Target : CLASS {Lnet/minecraft/world/entity/monster/Evoker$EvokerSummonSpellGoal;} {} {V}
[14Sep2025 20:32:54.112] [main/DEBUG] [cpw.mods.modlauncher.TransformStore/MODLAUNCHER]: Adding transformer net.minecraftforge.coremod.transformer.CoreModClassTransformer@7865cc83 to Target : CLASS {Lnet/minecraft/world/entity/animal/horse/SkeletonTrapGoal;} {} {V}
[14Sep2025 20:32:54.112] [main/DEBUG] [cpw.mods.modlauncher.TransformStore/MODLAUNCHER]: Adding transformer net.minecraftforge.coremod.transformer.CoreModClassTransformer@7865cc83 to Target : CLASS {Lnet/minecraft/world/entity/EntityType;} {} {V}
[14Sep2025 20:32:54.113] [main/DEBUG] [cpw.mods.modlauncher.TransformStore/MODLAUNCHER]: Adding transformer net.minecraftforge.coremod.transformer.CoreModClassTransformer@7865cc83 to Target : CLASS {Lnet/minecraft/server/commands/RaidCommand;} {} {V}
[14Sep2025 20:32:54.113] [main/DEBUG] [cpw.mods.modlauncher.TransformStore/MODLAUNCHER]: Adding transformer net.minecraftforge.coremod.transformer.CoreModClassTransformer@7865cc83 to Target : CLASS {Lnet/minecraft/world/entity/monster/Strider;} {} {V}
[14Sep2025 20:32:54.113] [main/DEBUG] [cpw.mods.modlauncher.TransformStore/MODLAUNCHER]: Adding transformer net.minecraftforge.coremod.transformer.CoreModClassTransformer@5cb76070 to Target : CLASS {Lnet/minecraftforge/common/extensions/IForgeBlock;} {} {V}
[14Sep2025 20:32:54.113] [main/DEBUG] [cpw.mods.modlauncher.TransformStore/MODLAUNCHER]: Adding transformer net.minecraftforge.coremod.transformer.CoreModClassTransformer@3346e906 to Target : CLASS {Lnet/minecraftforge/common/extensions/IForgeBlockState;} {} {V}
[14Sep2025 20:32:54.113] [main/DEBUG] [cpw.mods.modlauncher.TransformationServiceDecorator/MODLAUNCHER]: Initialized transformers for transformation service fml
[14Sep2025 20:32:54.113] [main/DEBUG] [cpw.mods.modlauncher.TransformationServiceDecorator/MODLAUNCHER]: Initializing transformers for transformation service mixin-transmogrifier
[14Sep2025 20:32:54.113] [main/DEBUG] [cpw.mods.modlauncher.TransformationServiceDecorator/MODLAUNCHER]: Initialized transformers for transformation service mixin-transmogrifier
[14Sep2025 20:32:54.113] [main/DEBUG] [cpw.mods.modlauncher.TransformationServiceDecorator/MODLAUNCHER]: Initializing transformers for transformation service connector_loader
[14Sep2025 20:32:54.113] [main/DEBUG] [cpw.mods.modlauncher.TransformationServiceDecorator/MODLAUNCHER]: Initialized transformers for transformation service connector_loader
[14Sep2025 20:32:54.176] [GML Mappings Thread/INFO] [org.groovymc.gml.mappings.MappingsProvider/]: Found version metadata from piston-meta.
[14Sep2025 20:32:54.197] [GML Mappings Thread/INFO] [org.groovymc.gml.mappings.MappingsProvider/]: version.json is up to date.
[14Sep2025 20:32:54.638] [GML Mappings Thread/INFO] [org.groovymc.gml.mappings.MappingsProvider/]: Official mappings are up to date.
[14Sep2025 20:32:55.093] [main/DEBUG] [mixin/]: Processing prepare() for PlatformAgent[MixinPlatformAgentDefault:ModLauncher Root Container(ModLauncher:4f56a0a2)]
[14Sep2025 20:32:55.093] [main/DEBUG] [mixin/]: Processing launch tasks for PlatformAgent[MixinPlatformAgentDefault:ModLauncher Root Container(ModLauncher:4f56a0a2)]
[14Sep2025 20:32:55.093] [main/DEBUG] [mixin/]: Adding mixin platform agents for container SecureJarResource(mixin_generated_classes)
[14Sep2025 20:32:55.094] [main/DEBUG] [mixin/]: Instancing new MixinPlatformAgentMinecraftForge for SecureJarResource(mixin_generated_classes)
[14Sep2025 20:32:55.094] [main/DEBUG] [mixin/]: MixinPlatformAgentMinecraftForge rejected container SecureJarResource(mixin_generated_classes)
[14Sep2025 20:32:55.094] [main/DEBUG] [mixin/]: Instancing new MixinPlatformAgentDefault for SecureJarResource(mixin_generated_classes)
[14Sep2025 20:32:55.094] [main/DEBUG] [mixin/]: MixinPlatformAgentDefault accepted container SecureJarResource(mixin_generated_classes)
[14Sep2025 20:32:55.094] [main/DEBUG] [mixin/]: Processing prepare() for PlatformAgent[MixinPlatformAgentDefault:SecureJarResource(mixin_generated_classes)]
[14Sep2025 20:32:55.094] [main/DEBUG] [mixin/]: Adding mixin platform agents for container SecureJarResource(fabric_renderer_api_v1)
[14Sep2025 20:32:55.095] [main/DEBUG] [mixin/]: Instancing new MixinPlatformAgentMinecraftForge for SecureJarResource(fabric_renderer_api_v1)
[14Sep2025 20:32:55.095] [main/DEBUG] [mixin/]: MixinPlatformAgentMinecraftForge rejected container SecureJarResource(fabric_renderer_api_v1)
[14Sep2025 20:32:55.095] [main/DEBUG] [mixin/]: Instancing new MixinPlatformAgentDefault for SecureJarResource(fabric_renderer_api_v1)
[14Sep2025 20:32:55.095] [main/DEBUG] [mixin/]: MixinPlatformAgentDefault accepted container SecureJarResource(fabric_renderer_api_v1)
[14Sep2025 20:32:55.095] [main/DEBUG] [mixin/]: Processing prepare() for PlatformAgent[MixinPlatformAgentDefault:SecureJarResource(fabric_renderer_api_v1)]
[14Sep2025 20:32:55.096] [main/DEBUG] [mixin/]: Registering mixin config: fabric-renderer-api-v1.mixins.json
[14Sep2025 20:32:55.142] [main/DEBUG] [mixin/]: Registering mixin config: fabric-renderer-api-v1.debughud.mixins.json
[14Sep2025 20:32:55.143] [GML Mappings Thread/INFO] [org.groovymc.gml.mappings.MappingsProvider/]: MCPConfig is up to date.
[14Sep2025 20:32:55.145] [main/DEBUG] [mixin/]: Adding mixin platform agents for container SecureJarResource(geckolib)
[14Sep2025 20:32:55.145] [main/DEBUG] [mixin/]: Instancing new MixinPlatformAgentMinecraftForge for SecureJarResource(geckolib)
[14Sep2025 20:32:55.145] [main/DEBUG] [mixin/]: MixinPlatformAgentMinecraftForge rejected container SecureJarResource(geckolib)
[14Sep2025 20:32:55.145] [main/DEBUG] [mixin/]: Instancing new MixinPlatformAgentDefault for SecureJarResource(geckolib)
[14Sep2025 20:32:55.145] [main/DEBUG] [mixin/]: MixinPlatformAgentDefault accepted container SecureJarResource(geckolib)
[14Sep2025 20:32:55.145] [main/DEBUG] [mixin/]: Processing prepare() for PlatformAgent[MixinPlatformAgentDefault:SecureJarResource(geckolib)]
[14Sep2025 20:32:55.146] [main/DEBUG] [mixin/]: Registering mixin config: geckolib.mixins.json
[14Sep2025 20:32:55.148] [main/DEBUG] [mixin/]: Compatibility level JAVA_17 specified by geckolib.mixins.json is higher than the maximum level supported by this version of mixin (JAVA_13).
[14Sep2025 20:32:55.149] [main/INFO] [mixin/]: Compatibility level set to JAVA_17
[14Sep2025 20:32:55.149] [main/DEBUG] [mixin/]: Adding mixin platform agents for container SecureJarResource(playeranimator)
[14Sep2025 20:32:55.149] [main/DEBUG] [mixin/]: Instancing new MixinPlatformAgentMinecraftForge for SecureJarResource(playeranimator)
[14Sep2025 20:32:55.149] [main/DEBUG] [mixin/]: MixinPlatformAgentMinecraftForge rejected container SecureJarResource(playeranimator)
[14Sep2025 20:32:55.149] [main/DEBUG] [mixin/]: Instancing new MixinPlatformAgentDefault for SecureJarResource(playeranimator)
[14Sep2025 20:32:55.149] [main/DEBUG] [mixin/]: MixinPlatformAgentDefault accepted container SecureJarResource(playeranimator)
[14Sep2025 20:32:55.150] [main/DEBUG] [mixin/]: Processing prepare() for PlatformAgent[MixinPlatformAgentDefault:SecureJarResource(playeranimator)]
[14Sep2025 20:32:55.150] [main/DEBUG] [mixin/]: Registering mixin config: playerAnimator-common.mixins.json
[14Sep2025 20:32:55.152] [main/DEBUG] [mixin/]: Compatibility level JAVA_16 specified by playerAnimator-common.mixins.json is higher than the maximum level supported by this version of mixin (JAVA_13).
[14Sep2025 20:32:55.152] [main/DEBUG] [mixin/]: Adding mixin platform agents for container SecureJarResource(fabric_item_api_v1)
[14Sep2025 20:32:55.153] [main/DEBUG] [mixin/]: Instancing new MixinPlatformAgentMinecraftForge for SecureJarResource(fabric_item_api_v1)
[14Sep2025 20:32:55.153] [main/DEBUG] [mixin/]: MixinPlatformAgentMinecraftForge rejected container SecureJarResource(fabric_item_api_v1)
[14Sep2025 20:32:55.153] [main/DEBUG] [mixin/]: Instancing new MixinPlatformAgentDefault for SecureJarResource(fabric_item_api_v1)
[14Sep2025 20:32:55.153] [main/DEBUG] [mixin/]: MixinPlatformAgentDefault accepted container SecureJarResource(fabric_item_api_v1)
[14Sep2025 20:32:55.153] [main/DEBUG] [mixin/]: Processing prepare() for PlatformAgent[MixinPlatformAgentDefault:SecureJarResource(fabric_item_api_v1)]
[14Sep2025 20:32:55.153] [main/DEBUG] [mixin/]: Registering mixin config: fabric-item-api-v1.mixins.json
[14Sep2025 20:32:55.155] [main/DEBUG] [mixin/]: Compatibility level JAVA_16 specified by fabric-item-api-v1.mixins.json is higher than the maximum level supported by this version of mixin (JAVA_13).
[14Sep2025 20:32:55.156] [main/DEBUG] [mixin/]: Registering mixin config: fabric-item-api-v1.client.mixins.json
[14Sep2025 20:32:55.158] [main/DEBUG] [mixin/]: Compatibility level JAVA_16 specified by fabric-item-api-v1.client.mixins.json is higher than the maximum level supported by this version of mixin (JAVA_13).
[14Sep2025 20:32:55.158] [main/DEBUG] [mixin/]: Mixin config fabric-item-api-v1.client.mixins.json does not specify "minVersion" property
[14Sep2025 20:32:55.158] [main/DEBUG] [mixin/]: Adding mixin platform agents for container SecureJarResource(fabric_rendering_fluids_v1)
[14Sep2025 20:32:55.158] [main/DEBUG] [mixin/]: Instancing new MixinPlatformAgentMinecraftForge for SecureJarResource(fabric_rendering_fluids_v1)
[14Sep2025 20:32:55.158] [main/DEBUG] [mixin/]: MixinPlatformAgentMinecraftForge rejected container SecureJarResource(fabric_rendering_fluids_v1)
[14Sep2025 20:32:55.159] [main/DEBUG] [mixin/]: Instancing new MixinPlatformAgentDefault for SecureJarResource(fabric_rendering_fluids_v1)
[14Sep2025 20:32:55.159] [main/DEBUG] [mixin/]: MixinPlatformAgentDefault accepted container SecureJarResource(fabric_rendering_fluids_v1)
[14Sep2025 20:32:55.159] [main/DEBUG] [mixin/]: Processing prepare() for PlatformAgent[MixinPlatformAgentDefault:SecureJarResource(fabric_rendering_fluids_v1)]
[14Sep2025 20:32:55.159] [main/DEBUG] [mixin/]: Registering mixin config: fabric-rendering-fluids-v1.mixins.json
[14Sep2025 20:32:55.161] [main/DEBUG] [mixin/]: Compatibility level JAVA_16 specified by fabric-rendering-fluids-v1.mixins.json is higher than the maximum level supported by this version of mixin (JAVA_13).
[14Sep2025 20:32:55.161] [main/DEBUG] [mixin/]: Adding mixin platform agents for container SecureJarResource(fabric_models_v0)
[14Sep2025 20:32:55.161] [main/DEBUG] [mixin/]: Instancing new MixinPlatformAgentMinecraftForge for SecureJarResource(fabric_models_v0)
[14Sep2025 20:32:55.162] [main/DEBUG] [mixin/]: MixinPlatformAgentMinecraftForge rejected container SecureJarResource(fabric_models_v0)
[14Sep2025 20:32:55.162] [main/DEBUG] [mixin/]: Instancing new MixinPlatformAgentDefault for SecureJarResource(fabric_models_v0)
[14Sep2025 20:32:55.162] [main/DEBUG] [mixin/]: MixinPlatformAgentDefault accepted container SecureJarResource(fabric_models_v0)
[14Sep2025 20:32:55.162] [main/DEBUG] [mixin/]: Processing prepare() for PlatformAgent[MixinPlatformAgentDefault:SecureJarResource(fabric_models_v0)]
[14Sep2025 20:32:55.162] [main/DEBUG] [mixin/]: Adding mixin platform agents for container SecureJarResource(obsidianui)
[14Sep2025 20:32:55.162] [main/DEBUG] [mixin/]: Instancing new MixinPlatformAgentMinecraftForge for SecureJarResource(obsidianui)
[14Sep2025 20:32:55.162] [main/DEBUG] [mixin/]: MixinPlatformAgentMinecraftForge rejected container SecureJarResource(obsidianui)
[14Sep2025 20:32:55.163] [main/DEBUG] [mixin/]: Instancing new MixinPlatformAgentDefault for SecureJarResource(obsidianui)
[14Sep2025 20:32:55.163] [main/DEBUG] [mixin/]: MixinPlatformAgentDefault accepted container SecureJarResource(obsidianui)
[14Sep2025 20:32:55.163] [main/DEBUG] [mixin/]: Processing prepare() for PlatformAgent[MixinPlatformAgentDefault:SecureJarResource(obsidianui)]
[14Sep2025 20:32:55.163] [main/DEBUG] [mixin/]: Registering mixin config: obsidianui.forge.mixins.json
[14Sep2025 20:32:55.165] [main/DEBUG] [mixin/]: Mixin config obsidianui.forge.mixins.json does not specify "minVersion" property
[14Sep2025 20:32:55.165] [main/DEBUG] [mixin/]: Adding mixin platform agents for container SecureJarResource(dynamiclights)
[14Sep2025 20:32:55.165] [main/DEBUG] [mixin/]: Instancing new MixinPlatformAgentMinecraftForge for SecureJarResource(dynamiclights)
[14Sep2025 20:32:55.165] [main/DEBUG] [mixin/]: MixinPlatformAgentMinecraftForge rejected container SecureJarResource(dynamiclights)
[14Sep2025 20:32:55.166] [main/DEBUG] [mixin/]: Instancing new MixinPlatformAgentDefault for SecureJarResource(dynamiclights)
[14Sep2025 20:32:55.166] [main/DEBUG] [mixin/]: MixinPlatformAgentDefault accepted container SecureJarResource(dynamiclights)
[14Sep2025 20:32:55.166] [main/DEBUG] [mixin/]: Processing prepare() for PlatformAgent[MixinPlatformAgentDefault:SecureJarResource(dynamiclights)]
[14Sep2025 20:32:55.166] [main/DEBUG] [mixin/]: Adding mixin platform agents for container SecureJarResource(immersive_aircraft)
[14Sep2025 20:32:55.166] [main/DEBUG] [mixin/]: Instancing new MixinPlatformAgentMinecraftForge for SecureJarResource(immersive_aircraft)
[14Sep2025 20:32:55.166] [main/DEBUG] [mixin/]: MixinPlatformAgentMinecraftForge rejected container SecureJarResource(immersive_aircraft)
[14Sep2025 20:32:55.166] [main/DEBUG] [mixin/]: Instancing new MixinPlatformAgentDefault for SecureJarResource(immersive_aircraft)
[14Sep2025 20:32:55.166] [main/DEBUG] [mixin/]: MixinPlatformAgentDefault accepted container SecureJarResource(immersive_aircraft)
[14Sep2025 20:32:55.167] [main/DEBUG] [mixin/]: Processing prepare() for PlatformAgent[MixinPlatformAgentDefault:SecureJarResource(immersive_aircraft)]
[14Sep2025 20:32:55.167] [main/DEBUG] [mixin/]: Registering mixin config: immersive_aircraft.mixins.json
[14Sep2025 20:32:55.169] [main/DEBUG] [mixin/]: Adding mixin platform agents for container SecureJarResource(fabric_convention_tags_v1)
[14Sep2025 20:32:55.169] [main/DEBUG] [mixin/]: Instancing new MixinPlatformAgentMinecraftForge for SecureJarResource(fabric_convention_tags_v1)
[14Sep2025 20:32:55.169] [main/DEBUG] [mixin/]: MixinPlatformAgentMinecraftForge rejected container SecureJarResource(fabric_convention_tags_v1)
[14Sep2025 20:32:55.169] [main/DEBUG] [mixin/]: Instancing new MixinPlatformAgentDefault for SecureJarResource(fabric_convention_tags_v1)
[14Sep2025 20:32:55.169] [main/DEBUG] [mixin/]: MixinPlatformAgentDefault accepted container SecureJarResource(fabric_convention_tags_v1)
[14Sep2025 20:32:55.169] [main/DEBUG] [mixin/]: Processing prepare() for PlatformAgent[MixinPlatformAgentDefault:SecureJarResource(fabric_convention_tags_v1)]
[14Sep2025 20:32:55.169] [main/DEBUG] [mixin/]: Adding mixin platform agents for container SecureJarResource(enhancedvisuals)
[14Sep2025 20:32:55.169] [main/DEBUG] [mixin/]: Instancing new MixinPlatformAgentMinecraftForge for SecureJarResource(enhancedvisuals)
[14Sep2025 20:32:55.169] [main/DEBUG] [mixin/]: MixinPlatformAgentMinecraftForge rejected container SecureJarResource(enhancedvisuals)
[14Sep2025 20:32:55.170] [main/DEBUG] [mixin/]: Instancing new MixinPlatformAgentDefault for SecureJarResource(enhancedvisuals)
[14Sep2025 20:32:55.170] [main/DEBUG] [mixin/]: MixinPlatformAgentDefault accepted container SecureJarResource(enhancedvisuals)
[14Sep2025 20:32:55.170] [main/DEBUG] [mixin/]: Processing prepare() for PlatformAgent[MixinPlatformAgentDefault:SecureJarResource(enhancedvisuals)]
[14Sep2025 20:32:55.170] [main/DEBUG] [mixin/]: Registering mixin config: enhancedvisuals.mixins.json
[14Sep2025 20:32:55.172] [main/DEBUG] [mixin/]: Adding mixin platform agents for container SecureJarResource(modernfix)
[14Sep2025 20:32:55.173] [main/DEBUG] [mixin/]: Instancing new MixinPlatformAgentMinecraftForge for SecureJarResource(modernfix)
[14Sep2025 20:32:55.173] [main/DEBUG] [mixin/]: MixinPlatformAgentMinecraftForge rejected container SecureJarResource(modernfix)
[14Sep2025 20:32:55.173] [main/DEBUG] [mixin/]: Instancing new MixinPlatformAgentDefault for SecureJarResource(modernfix)
[14Sep2025 20:32:55.173] [main/DEBUG] [mixin/]: MixinPlatformAgentDefault accepted container SecureJarResource(modernfix)
[14Sep2025 20:32:55.173] [main/DEBUG] [mixin/]: Processing prepare() for PlatformAgent[MixinPlatformAgentDefault:SecureJarResource(modernfix)]
[14Sep2025 20:32:55.173] [main/DEBUG] [mixin/]: Registering mixin config: modernfix-common.mixins.json
[14Sep2025 20:32:55.176] [main/DEBUG] [mixin/]: Registering mixin config: modernfix-forge.mixins.json
[14Sep2025 20:32:55.180] [main/DEBUG] [mixin/]: Adding mixin platform agents for container SecureJarResource(citadel)
[14Sep2025 20:32:55.180] [main/DEBUG] [mixin/]: Instancing new MixinPlatformAgentMinecraftForge for SecureJarResource(citadel)
[14Sep2025 20:32:55.181] [main/DEBUG] [mixin/]: MixinPlatformAgentMinecraftForge rejected container SecureJarResource(citadel)
[14Sep2025 20:32:55.181] [main/DEBUG] [mixin/]: Instancing new MixinPlatformAgentDefault for SecureJarResource(citadel)
[14Sep2025 20:32:55.181] [main/DEBUG] [mixin/]: MixinPlatformAgentDefault accepted container SecureJarResource(citadel)
[14Sep2025 20:32:55.181] [main/DEBUG] [mixin/]: Processing prepare() for PlatformAgent[MixinPlatformAgentDefault:SecureJarResource(citadel)]
[14Sep2025 20:32:55.181] [main/DEBUG] [mixin/]: Registering mixin config: citadel.mixins.json
[14Sep2025 20:32:55.184] [main/DEBUG] [mixin/]: Adding mixin platform agents for container SecureJarResource(alexsmobs)
[14Sep2025 20:32:55.184] [main/DEBUG] [mixin/]: Instancing new MixinPlatformAgentMinecraftForge for SecureJarResource(alexsmobs)
[14Sep2025 20:32:55.184] [main/DEBUG] [mixin/]: MixinPlatformAgentMinecraftForge rejected container SecureJarResource(alexsmobs)
[14Sep2025 20:32:55.184] [main/DEBUG] [mixin/]: Instancing new MixinPlatformAgentDefault for SecureJarResource(alexsmobs)
[14Sep2025 20:32:55.184] [main/DEBUG] [mixin/]: MixinPlatformAgentDefault accepted container SecureJarResource(alexsmobs)
[14Sep2025 20:32:55.185] [main/DEBUG] [mixin/]: Processing prepare() for PlatformAgent[MixinPlatformAgentDefault:SecureJarResource(alexsmobs)]
[14Sep2025 20:32:55.185] [main/DEBUG] [mixin/]: Registering mixin config: citadel.mixins.json
[14Sep2025 20:32:55.185] [main/DEBUG] [mixin/]: Adding mixin platform agents for container SecureJarResource(fabric_command_api_v1)
[14Sep2025 20:32:55.185] [main/DEBUG] [mixin/]: Instancing new MixinPlatformAgentMinecraftForge for SecureJarResource(fabric_command_api_v1)
[14Sep2025 20:32:55.185] [main/DEBUG] [mixin/]: MixinPlatformAgentMinecraftForge rejected container SecureJarResource(fabric_command_api_v1)
[14Sep2025 20:32:55.185] [main/DEBUG] [mixin/]: Instancing new MixinPlatformAgentDefault for SecureJarResource(fabric_command_api_v1)
[14Sep2025 20:32:55.185] [main/DEBUG] [mixin/]: MixinPlatformAgentDefault accepted container SecureJarResource(fabric_command_api_v1)
[14Sep2025 20:32:55.185] [main/DEBUG] [mixin/]: Processing prepare() for PlatformAgent[MixinPlatformAgentDefault:SecureJarResource(fabric_command_api_v1)]
[14Sep2025 20:32:55.185] [main/DEBUG] [mixin/]: Adding mixin platform agents for container SecureJarResource(fabric_block_view_api_v2)
[14Sep2025 20:32:55.186] [main/DEBUG] [mixin/]: Instancing new MixinPlatformAgentMinecraftForge for SecureJarResource(fabric_block_view_api_v2)
[14Sep2025 20:32:55.186] [main/DEBUG] [mixin/]: MixinPlatformAgentMinecraftForge rejected container SecureJarResource(fabric_block_view_api_v2)
[14Sep2025 20:32:55.186] [main/DEBUG] [mixin/]: Instancing new MixinPlatformAgentDefault for SecureJarResource(fabric_block_view_api_v2)
[14Sep2025 20:32:55.188] [main/DEBUG] [mixin/]: MixinPlatformAgentDefault accepted container SecureJarResource(fabric_block_view_api_v2)
[14Sep2025 20:32:55.189] [main/DEBUG] [mixin/]: Processing prepare() for PlatformAgent[MixinPlatformAgentDefault:SecureJarResource(fabric_block_view_api_v2)]
[14Sep2025 20:32:55.189] [main/DEBUG] [mixin/]: Registering mixin config: fabric-block-view-api-v2.mixins.json
[14Sep2025 20:32:55.191] [main/DEBUG] [mixin/]: Registering mixin config: fabric-block-view-api-v2.client.mixins.json
[14Sep2025 20:32:55.196] [main/DEBUG] [mixin/]: Adding mixin platform agents for container SecureJarResource(fabric_command_api_v2)
[14Sep2025 20:32:55.196] [main/DEBUG] [mixin/]: Instancing new MixinPlatformAgentMinecraftForge for SecureJarResource(fabric_command_api_v2)
[14Sep2025 20:32:55.196] [main/DEBUG] [mixin/]: MixinPlatformAgentMinecraftForge rejected container SecureJarResource(fabric_command_api_v2)
[14Sep2025 20:32:55.196] [main/DEBUG] [mixin/]: Instancing new MixinPlatformAgentDefault for SecureJarResource(fabric_command_api_v2)
[14Sep2025 20:32:55.196] [main/DEBUG] [mixin/]: MixinPlatformAgentDefault accepted container SecureJarResource(fabric_command_api_v2)
[14Sep2025 20:32:55.196] [main/DEBUG] [mixin/]: Processing prepare() for PlatformAgent[MixinPlatformAgentDefault:SecureJarResource(fabric_command_api_v2)]
[14Sep2025 20:32:55.196] [main/DEBUG] [mixin/]: Registering mixin config: fabric-command-api-v2.mixins.json
[14Sep2025 20:32:55.199] [main/DEBUG] [mixin/]: Compatibility level JAVA_16 specified by fabric-command-api-v2.mixins.json is higher than the maximum level supported by this version of mixin (JAVA_13).
[14Sep2025 20:32:55.199] [main/DEBUG] [mixin/]: Registering mixin config: fabric-command-api-v2.client.mixins.json
[14Sep2025 20:32:55.202] [main/DEBUG] [mixin/]: Compatibility level JAVA_16 specified by fabric-command-api-v2.client.mixins.json is higher than the maximum level supported by this version of mixin (JAVA_13).
[14Sep2025 20:32:55.202] [main/DEBUG] [mixin/]: Adding mixin platform agents for container SecureJarResource(zombieawareness)
[14Sep2025 20:32:55.202] [main/DEBUG] [mixin/]: Instancing new MixinPlatformAgentMinecraftForge for SecureJarResource(zombieawareness)
[14Sep2025 20:32:55.202] [main/DEBUG] [mixin/]: MixinPlatformAgentMinecraftForge rejected container SecureJarResource(zombieawareness)
[14Sep2025 20:32:55.202] [main/DEBUG] [mixin/]: Instancing new MixinPlatformAgentDefault for SecureJarResource(zombieawareness)
[14Sep2025 20:32:55.202] [main/DEBUG] [mixin/]: MixinPlatformAgentDefault accepted container SecureJarResource(zombieawareness)
[14Sep2025 20:32:55.202] [main/DEBUG] [mixin/]: Processing prepare() for PlatformAgent[MixinPlatformAgentDefault:SecureJarResource(zombieawareness)]
[14Sep2025 20:32:55.203] [main/DEBUG] [mixin/]: Registering mixin config: zombieawareness.mixins.json
[14Sep2025 20:32:55.205] [main/DEBUG] [mixin/]: Adding mixin platform agents for container SecureJarResource(yungsapi)
[14Sep2025 20:32:55.205] [main/DEBUG] [mixin/]: Instancing new MixinPlatformAgentMinecraftForge for SecureJarResource(yungsapi)
[14Sep2025 20:32:55.205] [main/DEBUG] [mixin/]: MixinPlatformAgentMinecraftForge rejected container SecureJarResource(yungsapi)
[14Sep2025 20:32:55.205] [main/DEBUG] [mixin/]: Instancing new MixinPlatformAgentDefault for SecureJarResource(yungsapi)
[14Sep2025 20:32:55.205] [main/DEBUG] [mixin/]: MixinPlatformAgentDefault accepted container SecureJarResource(yungsapi)
[14Sep2025 20:32:55.205] [main/DEBUG] [mixin/]: Processing prepare() for PlatformAgent[MixinPlatformAgentDefault:SecureJarResource(yungsapi)]
[14Sep2025 20:32:55.206] [main/DEBUG] [mixin/]: Registering mixin config: yungsapi.mixins.json
[14Sep2025 20:32:55.211] [main/DEBUG] [mixin/]: Registering mixin config: yungsapi_forge.mixins.json
[14Sep2025 20:32:55.213] [main/DEBUG] [mixin/]: Adding mixin platform agents for container SecureJarResource(fabric_data_attachment_api_v1)
[14Sep2025 20:32:55.213] [main/DEBUG] [mixin/]: Instancing new MixinPlatformAgentMinecraftForge for SecureJarResource(fabric_data_attachment_api_v1)
[14Sep2025 20:32:55.213] [main/DEBUG] [mixin/]: MixinPlatformAgentMinecraftForge rejected container SecureJarResource(fabric_data_attachment_api_v1)
[14Sep2025 20:32:55.213] [main/DEBUG] [mixin/]: Instancing new MixinPlatformAgentDefault for SecureJarResource(fabric_data_attachment_api_v1)
[14Sep2025 20:32:55.213] [main/DEBUG] [mixin/]: MixinPlatformAgentDefault accepted container SecureJarResource(fabric_data_attachment_api_v1)
[14Sep2025 20:32:55.213] [main/DEBUG] [mixin/]: Processing prepare() for PlatformAgent[MixinPlatformAgentDefault:SecureJarResource(fabric_data_attachment_api_v1)]
[14Sep2025 20:32:55.213] [main/DEBUG] [mixin/]: Registering mixin config: fabric-data-attachment-api-v1.mixins.json
[14Sep2025 20:32:55.215] [main/DEBUG] [mixin/]: Mixin config fabric-data-attachment-api-v1.mixins.json does not specify "minVersion" property
[14Sep2025 20:32:55.216] [main/DEBUG] [mixin/]: Registering mixin config: fabric-data-attachment-api-v1.client.mixins.json
[14Sep2025 20:32:55.221] [main/DEBUG] [mixin/]: Mixin config fabric-data-attachment-api-v1.client.mixins.json does not specify "minVersion" property
[14Sep2025 20:32:55.221] [main/DEBUG] [mixin/]: Adding mixin platform agents for container SecureJarResource(mixinextras)
[14Sep2025 20:32:55.221] [main/DEBUG] [mixin/]: Instancing new MixinPlatformAgentMinecraftForge for SecureJarResource(mixinextras)
[14Sep2025 20:32:55.221] [main/DEBUG] [mixin/]: MixinPlatformAgentMinecraftForge rejected container SecureJarResource(mixinextras)
[14Sep2025 20:32:55.221] [main/DEBUG] [mixin/]: Instancing new MixinPlatformAgentDefault for SecureJarResource(mixinextras)
[14Sep2025 20:32:55.221] [main/DEBUG] [mixin/]: MixinPlatformAgentDefault accepted container SecureJarResource(mixinextras)
[14Sep2025 20:32:55.221] [main/DEBUG] [mixin/]: Processing prepare() for PlatformAgent[MixinPlatformAgentDefault:SecureJarResource(mixinextras)]
[14Sep2025 20:32:55.221] [main/DEBUG] [mixin/]: Registering mixin config: mixinextras.init.mixins.json
[14Sep2025 20:32:55.223] [main/DEBUG] [mixin/]: Adding mixin platform agents for container SecureJarResource(coolrain)
[14Sep2025 20:32:55.223] [main/DEBUG] [mixin/]: Instancing new MixinPlatformAgentMinecraftForge for SecureJarResource(coolrain)
[14Sep2025 20:32:55.225] [main/DEBUG] [mixin/]: MixinPlatformAgentMinecraftForge rejected container SecureJarResource(coolrain)
[14Sep2025 20:32:55.225] [main/DEBUG] [mixin/]: Instancing new MixinPlatformAgentDefault for SecureJarResource(coolrain)
[14Sep2025 20:32:55.225] [main/DEBUG] [mixin/]: MixinPlatformAgentDefault accepted container SecureJarResource(coolrain)
[14Sep2025 20:32:55.225] [main/DEBUG] [mixin/]: Processing prepare() for PlatformAgent[MixinPlatformAgentDefault:SecureJarResource(coolrain)]
[14Sep2025 20:32:55.225] [main/DEBUG] [mixin/]: Registering mixin config: coolrain.mixins.json
[14Sep2025 20:32:55.228] [main/DEBUG] [mixin/]: Mixin config coolrain.mixins.json does not specify "minVersion" property
[14Sep2025 20:32:55.229] [main/DEBUG] [mixin/]: Adding mixin platform agents for container SecureJarResource(hordes)
[14Sep2025 20:32:55.229] [main/DEBUG] [mixin/]: Instancing new MixinPlatformAgentMinecraftForge for SecureJarResource(hordes)
[14Sep2025 20:32:55.229] [main/DEBUG] [mixin/]: MixinPlatformAgentMinecraftForge rejected container SecureJarResource(hordes)
[14Sep2025 20:32:55.229] [main/DEBUG] [mixin/]: Instancing new MixinPlatformAgentDefault for SecureJarResource(hordes)
[14Sep2025 20:32:55.229] [main/DEBUG] [mixin/]: MixinPlatformAgentDefault accepted container SecureJarResource(hordes)
[14Sep2025 20:32:55.229] [main/DEBUG] [mixin/]: Processing prepare() for PlatformAgent[MixinPlatformAgentDefault:SecureJarResource(hordes)]
[14Sep2025 20:32:55.229] [main/DEBUG] [mixin/]: Registering mixin config: hordes.mixin.json
[14Sep2025 20:32:55.232] [main/DEBUG] [mixin/]: Adding mixin platform agents for container SecureJarResource(minetraps)
[14Sep2025 20:32:55.232] [main/DEBUG] [mixin/]: Instancing new MixinPlatformAgentMinecraftForge for SecureJarResource(minetraps)
[14Sep2025 20:32:55.232] [main/DEBUG] [mixin/]: MixinPlatformAgentMinecraftForge rejected container SecureJarResource(minetraps)
[14Sep2025 20:32:55.232] [main/DEBUG] [mixin/]: Instancing new MixinPlatformAgentDefault for SecureJarResource(minetraps)
[14Sep2025 20:32:55.232] [main/DEBUG] [mixin/]: MixinPlatformAgentDefault accepted container SecureJarResource(minetraps)
[14Sep2025 20:32:55.232] [main/DEBUG] [mixin/]: Processing prepare() for PlatformAgent[MixinPlatformAgentDefault:SecureJarResource(minetraps)]
[14Sep2025 20:32:55.232] [main/DEBUG] [mixin/]: Adding mixin platform agents for container SecureJarResource(snowrealmagic)
[14Sep2025 20:32:55.232] [main/DEBUG] [mixin/]: Instancing new MixinPlatformAgentMinecraftForge for SecureJarResource(snowrealmagic)
[14Sep2025 20:32:55.232] [main/DEBUG] [mixin/]: MixinPlatformAgentMinecraftForge rejected container SecureJarResource(snowrealmagic)
[14Sep2025 20:32:55.234] [main/DEBUG] [mixin/]: Instancing new MixinPlatformAgentDefault for SecureJarResource(snowrealmagic)
[14Sep2025 20:32:55.234] [main/DEBUG] [mixin/]: MixinPlatformAgentDefault accepted container SecureJarResource(snowrealmagic)
[14Sep2025 20:32:55.235] [main/DEBUG] [mixin/]: Processing prepare() for PlatformAgent[MixinPlatformAgentDefault:SecureJarResource(snowrealmagic)]
[14Sep2025 20:32:55.235] [main/DEBUG] [mixin/]: Registering mixin config: snowrealmagic.mixins.json
[14Sep2025 20:32:55.237] [main/DEBUG] [mixin/]: Compatibility level JAVA_16 specified by snowrealmagic.mixins.json is higher than the maximum level supported by this version of mixin (JAVA_13).
[14Sep2025 20:32:55.237] [main/DEBUG] [mixin/]: Adding mixin platform agents for container SecureJarResource(fabric_screen_api_v1)
[14Sep2025 20:32:55.237] [main/DEBUG] [mixin/]: Instancing new MixinPlatformAgentMinecraftForge for SecureJarResource(fabric_screen_api_v1)
[14Sep2025 20:32:55.237] [main/DEBUG] [mixin/]: MixinPlatformAgentMinecraftForge rejected container SecureJarResource(fabric_screen_api_v1)
[14Sep2025 20:32:55.237] [main/DEBUG] [mixin/]: Instancing new MixinPlatformAgentDefault for SecureJarResource(fabric_screen_api_v1)
[14Sep2025 20:32:55.237] [main/DEBUG] [mixin/]: MixinPlatformAgentDefault accepted container SecureJarResource(fabric_screen_api_v1)
[14Sep2025 20:32:55.237] [main/DEBUG] [mixin/]: Processing prepare() for PlatformAgent[MixinPlatformAgentDefault:SecureJarResource(fabric_screen_api_v1)]
[14Sep2025 20:32:55.237] [main/DEBUG] [mixin/]: Registering mixin config: fabric-screen-api-v1.mixins.json
[14Sep2025 20:32:55.243] [main/DEBUG] [mixin/]: Compatibility level JAVA_16 specified by fabric-screen-api-v1.mixins.json is higher than the maximum level supported by this version of mixin (JAVA_13).
[14Sep2025 20:32:55.243] [main/DEBUG] [mixin/]: Adding mixin platform agents for container SecureJarResource(melody)
[14Sep2025 20:32:55.244] [main/DEBUG] [mixin/]: Instancing new MixinPlatformAgentMinecraftForge for SecureJarResource(melody)
[14Sep2025 20:32:55.244] [main/DEBUG] [mixin/]: MixinPlatformAgentMinecraftForge rejected container SecureJarResource(melody)
[14Sep2025 20:32:55.244] [main/DEBUG] [mixin/]: Instancing new MixinPlatformAgentDefault for SecureJarResource(melody)
[14Sep2025 20:32:55.244] [main/DEBUG] [mixin/]: MixinPlatformAgentDefault accepted container SecureJarResource(melody)
[14Sep2025 20:32:55.244] [main/DEBUG] [mixin/]: Processing prepare() for PlatformAgent[MixinPlatformAgentDefault:SecureJarResource(melody)]
[14Sep2025 20:32:55.244] [main/DEBUG] [mixin/]: Registering mixin config: melody.mixins.json
[14Sep2025 20:32:55.249] [main/DEBUG] [mixin/]: Registering mixin config: melody.forge.mixins.json
[14Sep2025 20:32:55.251] [main/DEBUG] [mixin/]: Adding mixin platform agents for container SecureJarResource(paraglider)
[14Sep2025 20:32:55.254] [main/DEBUG] [mixin/]: Instancing new MixinPlatformAgentMinecraftForge for SecureJarResource(paraglider)
[14Sep2025 20:32:55.254] [main/DEBUG] [mixin/]: MixinPlatformAgentMinecraftForge rejected container SecureJarResource(paraglider)
[14Sep2025 20:32:55.254] [main/DEBUG] [mixin/]: Instancing new MixinPlatformAgentDefault for SecureJarResource(paraglider)
[14Sep2025 20:32:55.254] [main/DEBUG] [mixin/]: MixinPlatformAgentDefault accepted container SecureJarResource(paraglider)
[14Sep2025 20:32:55.254] [main/DEBUG] [mixin/]: Processing prepare() for PlatformAgent[MixinPlatformAgentDefault:SecureJarResource(paraglider)]
[14Sep2025 20:32:55.254] [main/DEBUG] [mixin/]: Registering mixin config: paraglider.mixins.json
[14Sep2025 20:32:55.256] [main/DEBUG] [mixin/]: Adding mixin platform agents for container SecureJarResource(cloth_config)
[14Sep2025 20:32:55.259] [main/DEBUG] [mixin/]: Instancing new MixinPlatformAgentMinecraftForge for SecureJarResource(cloth_config)
[14Sep2025 20:32:55.259] [main/DEBUG] [mixin/]: MixinPlatformAgentMinecraftForge rejected container SecureJarResource(cloth_config)
[14Sep2025 20:32:55.259] [main/DEBUG] [mixin/]: Instancing new MixinPlatformAgentDefault for SecureJarResource(cloth_config)
[14Sep2025 20:32:55.259] [main/DEBUG] [mixin/]: MixinPlatformAgentDefault accepted container SecureJarResource(cloth_config)
[14Sep2025 20:32:55.259] [main/DEBUG] [mixin/]: Processing prepare() for PlatformAgent[MixinPlatformAgentDefault:SecureJarResource(cloth_config)]
[14Sep2025 20:32:55.259] [main/DEBUG] [mixin/]: Adding mixin platform agents for container SecureJarResource(fabric_api)
[14Sep2025 20:32:55.259] [main/DEBUG] [mixin/]: Instancing new MixinPlatformAgentMinecraftForge for SecureJarResource(fabric_api)
[14Sep2025 20:32:55.259] [main/DEBUG] [mixin/]: MixinPlatformAgentMinecraftForge rejected container SecureJarResource(fabric_api)
[14Sep2025 20:32:55.259] [main/DEBUG] [mixin/]: Instancing new MixinPlatformAgentDefault for SecureJarResource(fabric_api)
[14Sep2025 20:32:55.259] [main/DEBUG] [mixin/]: MixinPlatformAgentDefault accepted container SecureJarResource(fabric_api)
[14Sep2025 20:32:55.259] [main/DEBUG] [mixin/]: Processing prepare() for PlatformAgent[MixinPlatformAgentDefault:SecureJarResource(fabric_api)]
[14Sep2025 20:32:55.259] [main/DEBUG] [mixin/]: Adding mixin platform agents for container SecureJarResource(fabric_content_registries_v0)
[14Sep2025 20:32:55.260] [main/DEBUG] [mixin/]: Instancing new MixinPlatformAgentMinecraftForge for SecureJarResource(fabric_content_registries_v0)
[14Sep2025 20:32:55.260] [main/DEBUG] [mixin/]: MixinPlatformAgentMinecraftForge rejected container SecureJarResource(fabric_content_registries_v0)
[14Sep2025 20:32:55.260] [main/DEBUG] [mixin/]: Instancing new MixinPlatformAgentDefault for SecureJarResource(fabric_content_registries_v0)
[14Sep2025 20:32:55.260] [main/DEBUG] [mixin/]: MixinPlatformAgentDefault accepted container SecureJarResource(fabric_content_registries_v0)
[14Sep2025 20:32:55.260] [main/DEBUG] [mixin/]: Processing prepare() for PlatformAgent[MixinPlatformAgentDefault:SecureJarResource(fabric_content_registries_v0)]
[14Sep2025 20:32:55.260] [main/DEBUG] [mixin/]: Registering mixin config: fabric-content-registries-v0.mixins.json
[14Sep2025 20:32:55.265] [main/DEBUG] [mixin/]: Compatibility level JAVA_16 specified by fabric-content-registries-v0.mixins.json is higher than the maximum level supported by this version of mixin (JAVA_13).
[14Sep2025 20:32:55.265] [main/DEBUG] [mixin/]: Adding mixin platform agents for container SecureJarResource(konkrete)
[14Sep2025 20:32:55.265] [main/DEBUG] [mixin/]: Instancing new MixinPlatformAgentMinecraftForge for SecureJarResource(konkrete)
[14Sep2025 20:32:55.265] [main/DEBUG] [mixin/]: MixinPlatformAgentMinecraftForge rejected container SecureJarResource(konkrete)
[14Sep2025 20:32:55.265] [main/DEBUG] [mixin/]: Instancing new MixinPlatformAgentDefault for SecureJarResource(konkrete)
[14Sep2025 20:32:55.265] [main/DEBUG] [mixin/]: MixinPlatformAgentDefault accepted container SecureJarResource(konkrete)
[14Sep2025 20:32:55.265] [main/DEBUG] [mixin/]: Processing prepare() for PlatformAgent[MixinPlatformAgentDefault:SecureJarResource(konkrete)]
[14Sep2025 20:32:55.265] [main/DEBUG] [mixin/]: Registering mixin config: konkrete.mixin.json
[14Sep2025 20:32:55.268] [main/DEBUG] [mixin/]: Adding mixin platform agents for container SecureJarResource(embeddium)
[14Sep2025 20:32:55.271] [main/DEBUG] [mixin/]: Instancing new MixinPlatformAgentMinecraftForge for SecureJarResource(embeddium)
[14Sep2025 20:32:55.271] [main/DEBUG] [mixin/]: MixinPlatformAgentMinecraftForge rejected container SecureJarResource(embeddium)
[14Sep2025 20:32:55.271] [main/DEBUG] [mixin/]: Instancing new MixinPlatformAgentDefault for SecureJarResource(embeddium)
[14Sep2025 20:32:55.271] [main/DEBUG] [mixin/]: MixinPlatformAgentDefault accepted container SecureJarResource(embeddium)
[14Sep2025 20:32:55.271] [main/DEBUG] [mixin/]: Processing prepare() for PlatformAgent[MixinPlatformAgentDefault:SecureJarResource(embeddium)]
[14Sep2025 20:32:55.271] [main/DEBUG] [mixin/]: Registering mixin config: embeddium.mixins.json
[14Sep2025 20:32:55.273] [main/DEBUG] [mixin/]: Adding mixin platform agents for container SecureJarResource(tenshilib)
[14Sep2025 20:32:55.277] [main/DEBUG] [mixin/]: Instancing new MixinPlatformAgentMinecraftForge for SecureJarResource(tenshilib)
[14Sep2025 20:32:55.277] [main/DEBUG] [mixin/]: MixinPlatformAgentMinecraftForge rejected container SecureJarResource(tenshilib)
[14Sep2025 20:32:55.277] [main/DEBUG] [mixin/]: Instancing new MixinPlatformAgentDefault for SecureJarResource(tenshilib)
[14Sep2025 20:32:55.277] [main/DEBUG] [mixin/]: MixinPlatformAgentDefault accepted container SecureJarResource(tenshilib)
[14Sep2025 20:32:55.277] [main/DEBUG] [mixin/]: Processing prepare() for PlatformAgent[MixinPlatformAgentDefault:SecureJarResource(tenshilib)]
[14Sep2025 20:32:55.277] [main/DEBUG] [mixin/]: Registering mixin config: tenshilib.mixins.json
[14Sep2025 20:32:55.279] [main/DEBUG] [mixin/]: Compatibility level JAVA_16 specified by tenshilib.mixins.json is higher than the maximum level supported by this version of mixin (JAVA_13).
[14Sep2025 20:32:55.283] [main/DEBUG] [mixin/]: Adding mixin platform agents for container SecureJarResource(entity_model_features)
[14Sep2025 20:32:55.283] [main/DEBUG] [mixin/]: Instancing new MixinPlatformAgentMinecraftForge for SecureJarResource(entity_model_features)
[14Sep2025 20:32:55.283] [main/DEBUG] [mixin/]: MixinPlatformAgentMinecraftForge rejected container SecureJarResource(entity_model_features)
[14Sep2025 20:32:55.283] [main/DEBUG] [mixin/]: Instancing new MixinPlatformAgentDefault for SecureJarResource(entity_model_features)
[14Sep2025 20:32:55.283] [main/DEBUG] [mixin/]: MixinPlatformAgentDefault accepted container SecureJarResource(entity_model_features)
[14Sep2025 20:32:55.283] [main/DEBUG] [mixin/]: Processing prepare() for PlatformAgent[MixinPlatformAgentDefault:SecureJarResource(entity_model_features)]
[14Sep2025 20:32:55.283] [main/DEBUG] [mixin/]: Registering mixin config: entity_model_features.mixins.json
[14Sep2025 20:32:55.289] [main/DEBUG] [mixin/]: Adding mixin platform agents for container SecureJarResource(entity_texture_features)
[14Sep2025 20:32:55.289] [main/DEBUG] [mixin/]: Instancing new MixinPlatformAgentMinecraftForge for SecureJarResource(entity_texture_features)
[14Sep2025 20:32:55.289] [main/DEBUG] [mixin/]: MixinPlatformAgentMinecraftForge rejected container SecureJarResource(entity_texture_features)
[14Sep2025 20:32:55.289] [main/DEBUG] [mixin/]: Instancing new MixinPlatformAgentDefault for SecureJarResource(entity_texture_features)
[14Sep2025 20:32:55.289] [main/DEBUG] [mixin/]: MixinPlatformAgentDefault accepted container SecureJarResource(entity_texture_features)
[14Sep2025 20:32:55.289] [main/DEBUG] [mixin/]: Processing prepare() for PlatformAgent[MixinPlatformAgentDefault:SecureJarResource(entity_texture_features)]
[14Sep2025 20:32:55.289] [main/DEBUG] [mixin/]: Registering mixin config: entity_texture_features.mixins.json
[14Sep2025 20:32:55.292] [main/DEBUG] [mixin/]: Compatibility level JAVA_16 specified by entity_texture_features.mixins.json is higher than the maximum level supported by this version of mixin (JAVA_13).
[14Sep2025 20:32:55.292] [main/DEBUG] [mixin/]: Adding mixin platform agents for container SecureJarResource(combatroll)
[14Sep2025 20:32:55.295] [main/DEBUG] [mixin/]: Instancing new MixinPlatformAgentMinecraftForge for SecureJarResource(combatroll)
[14Sep2025 20:32:55.295] [main/DEBUG] [mixin/]: MixinPlatformAgentMinecraftForge rejected container SecureJarResource(combatroll)
[14Sep2025 20:32:55.295] [main/DEBUG] [mixin/]: Instancing new MixinPlatformAgentDefault for SecureJarResource(combatroll)
[14Sep2025 20:32:55.295] [main/DEBUG] [mixin/]: MixinPlatformAgentDefault accepted container SecureJarResource(combatroll)
[14Sep2025 20:32:55.295] [main/DEBUG] [mixin/]: Processing prepare() for PlatformAgent[MixinPlatformAgentDefault:SecureJarResource(combatroll)]
[14Sep2025 20:32:55.295] [main/DEBUG] [mixin/]: Registering mixin config: combatroll.mixins.json
[14Sep2025 20:32:55.297] [main/DEBUG] [mixin/]: Adding mixin platform agents for container SecureJarResource(fabric_game_rule_api_v1)
[14Sep2025 20:32:55.298] [main/DEBUG] [mixin/]: Instancing new MixinPlatformAgentMinecraftForge for SecureJarResource(fabric_game_rule_api_v1)
[14Sep2025 20:32:55.301] [main/DEBUG] [mixin/]: MixinPlatformAgentMinecraftForge rejected container SecureJarResource(fabric_game_rule_api_v1)
[14Sep2025 20:32:55.301] [main/DEBUG] [mixin/]: Instancing new MixinPlatformAgentDefault for SecureJarResource(fabric_game_rule_api_v1)
[14Sep2025 20:32:55.301] [main/DEBUG] [mixin/]: MixinPlatformAgentDefault accepted container SecureJarResource(fabric_game_rule_api_v1)
[14Sep2025 20:32:55.301] [main/DEBUG] [mixin/]: Processing prepare() for PlatformAgent[MixinPlatformAgentDefault:SecureJarResource(fabric_game_rule_api_v1)]
[14Sep2025 20:32:55.301] [main/DEBUG] [mixin/]: Registering mixin config: fabric-game-rule-api-v1.mixins.json
[14Sep2025 20:32:55.303] [main/DEBUG] [mixin/]: Compatibility level JAVA_16 specified by fabric-game-rule-api-v1.mixins.json is higher than the maximum level supported by this version of mixin (JAVA_13).
[14Sep2025 20:32:55.304] [main/DEBUG] [mixin/]: Registering mixin config: fabric-game-rule-api-v1.client.mixins.json
[14Sep2025 20:32:55.306] [main/DEBUG] [mixin/]: Compatibility level JAVA_16 specified by fabric-game-rule-api-v1.client.mixins.json is higher than the maximum level supported by this version of mixin (JAVA_13).
[14Sep2025 20:32:55.309] [main/DEBUG] [mixin/]: Adding mixin platform agents for container SecureJarResource(ambientsounds)
[14Sep2025 20:32:55.309] [main/DEBUG] [mixin/]: Instancing new MixinPlatformAgentMinecraftForge for SecureJarResource(ambientsounds)
[14Sep2025 20:32:55.312] [main/DEBUG] [mixin/]: MixinPlatformAgentMinecraftForge rejected container SecureJarResource(ambientsounds)
[14Sep2025 20:32:55.312] [main/DEBUG] [mixin/]: Instancing new MixinPlatformAgentDefault for SecureJarResource(ambientsounds)
[14Sep2025 20:32:55.312] [main/DEBUG] [mixin/]: MixinPlatformAgentDefault accepted container SecureJarResource(ambientsounds)
[14Sep2025 20:32:55.312] [main/DEBUG] [mixin/]: Processing prepare() for PlatformAgent[MixinPlatformAgentDefault:SecureJarResource(ambientsounds)]
[14Sep2025 20:32:55.312] [main/DEBUG] [mixin/]: Registering mixin config: ambientsounds.mixins.json
[14Sep2025 20:32:55.315] [main/DEBUG] [mixin/]: Adding mixin platform agents for container SecureJarResource(fabric_api_lookup_api_v1)
[14Sep2025 20:32:55.315] [main/DEBUG] [mixin/]: Instancing new MixinPlatformAgentMinecraftForge for SecureJarResource(fabric_api_lookup_api_v1)
[14Sep2025 20:32:55.318] [main/DEBUG] [mixin/]: MixinPlatformAgentMinecraftForge rejected container SecureJarResource(fabric_api_lookup_api_v1)
[14Sep2025 20:32:55.318] [main/DEBUG] [mixin/]: Instancing new MixinPlatformAgentDefault for SecureJarResource(fabric_api_lookup_api_v1)
[14Sep2025 20:32:55.318] [main/DEBUG] [mixin/]: MixinPlatformAgentDefault accepted container SecureJarResource(fabric_api_lookup_api_v1)
[14Sep2025 20:32:55.318] [main/DEBUG] [mixin/]: Processing prepare() for PlatformAgent[MixinPlatformAgentDefault:SecureJarResource(fabric_api_lookup_api_v1)]
[14Sep2025 20:32:55.318] [main/DEBUG] [mixin/]: Registering mixin config: fabric-api-lookup-api-v1.mixins.json
[14Sep2025 20:32:55.320] [main/DEBUG] [mixin/]: Compatibility level JAVA_16 specified by fabric-api-lookup-api-v1.mixins.json is higher than the maximum level supported by this version of mixin (JAVA_13).
[14Sep2025 20:32:55.320] [main/DEBUG] [mixin/]: Adding mixin platform agents for container SecureJarResource(gml)
[14Sep2025 20:32:55.320] [main/DEBUG] [mixin/]: Instancing new MixinPlatformAgentMinecraftForge for SecureJarResource(gml)
[14Sep2025 20:32:55.320] [main/DEBUG] [mixin/]: MixinPlatformAgentMinecraftForge rejected container SecureJarResource(gml)
[14Sep2025 20:32:55.321] [main/DEBUG] [mixin/]: Instancing new MixinPlatformAgentDefault for SecureJarResource(gml)
[14Sep2025 20:32:55.321] [main/DEBUG] [mixin/]: MixinPlatformAgentDefault accepted container SecureJarResource(gml)
[14Sep2025 20:32:55.321] [main/DEBUG] [mixin/]: Processing prepare() for PlatformAgent[MixinPlatformAgentDefault:SecureJarResource(gml)]
[14Sep2025 20:32:55.321] [main/DEBUG] [mixin/]: Adding mixin platform agents for container SecureJarResource(projectvibrantjourneys)
[14Sep2025 20:32:55.321] [main/DEBUG] [mixin/]: Instancing new MixinPlatformAgentMinecraftForge for SecureJarResource(projectvibrantjourneys)
[14Sep2025 20:32:55.321] [main/DEBUG] [mixin/]: MixinPlatformAgentMinecraftForge rejected container SecureJarResource(projectvibrantjourneys)
[14Sep2025 20:32:55.322] [main/DEBUG] [mixin/]: Instancing new MixinPlatformAgentDefault for SecureJarResource(projectvibrantjourneys)
[14Sep2025 20:32:55.322] [main/DEBUG] [mixin/]: MixinPlatformAgentDefault accepted container SecureJarResource(projectvibrantjourneys)
[14Sep2025 20:32:55.322] [main/DEBUG] [mixin/]: Processing prepare() for PlatformAgent[MixinPlatformAgentDefault:SecureJarResource(projectvibrantjourneys)]
[14Sep2025 20:32:55.322] [main/DEBUG] [mixin/]: Registering mixin config: projectvibrantjourneys.mixins.json
[14Sep2025 20:32:55.329] [main/DEBUG] [mixin/]: Adding mixin platform agents for container SecureJarResource(patchouli)
[14Sep2025 20:32:55.329] [main/DEBUG] [mixin/]: Instancing new MixinPlatformAgentMinecraftForge for SecureJarResource(patchouli)
[14Sep2025 20:32:55.329] [main/DEBUG] [mixin/]: MixinPlatformAgentMinecraftForge rejected container SecureJarResource(patchouli)
[14Sep2025 20:32:55.329] [main/DEBUG] [mixin/]: Instancing new MixinPlatformAgentDefault for SecureJarResource(patchouli)
[14Sep2025 20:32:55.329] [main/DEBUG] [mixin/]: MixinPlatformAgentDefault accepted container SecureJarResource(patchouli)
[14Sep2025 20:32:55.329] [main/DEBUG] [mixin/]: Processing prepare() for PlatformAgent[MixinPlatformAgentDefault:SecureJarResource(patchouli)]
[14Sep2025 20:32:55.329] [main/DEBUG] [mixin/]: Registering mixin config: patchouli_xplat.mixins.json
[14Sep2025 20:32:55.331] [main/DEBUG] [mixin/]: Adding mixin platform agents for container SecureJarResource(oculus)
[14Sep2025 20:32:55.331] [main/DEBUG] [mixin/]: Instancing new MixinPlatformAgentMinecraftForge for SecureJarResource(oculus)
[14Sep2025 20:32:55.331] [main/DEBUG] [mixin/]: MixinPlatformAgentMinecraftForge rejected container SecureJarResource(oculus)
[14Sep2025 20:32:55.331] [main/DEBUG] [mixin/]: Instancing new MixinPlatformAgentDefault for SecureJarResource(oculus)
[14Sep2025 20:32:55.332] [main/DEBUG] [mixin/]: MixinPlatformAgentDefault accepted container SecureJarResource(oculus)
[14Sep2025 20:32:55.332] [main/DEBUG] [mixin/]: Processing prepare() for PlatformAgent[MixinPlatformAgentDefault:SecureJarResource(oculus)]
[14Sep2025 20:32:55.332] [main/DEBUG] [mixin/]: Registering mixin config: mixins.oculus.json
[14Sep2025 20:32:55.338] [main/DEBUG] [mixin/]: Compatibility level JAVA_8 specified by mixins.oculus.json is lower than the default level supported by the current mixin service (JAVA_16).
[14Sep2025 20:32:55.341] [main/DEBUG] [mixin/]: Registering mixin config: mixins.oculus.fantastic.json
[14Sep2025 20:32:55.343] [main/DEBUG] [mixin/]: Compatibility level JAVA_8 specified by mixins.oculus.fantastic.json is lower than the default level supported by the current mixin service (JAVA_16).
[14Sep2025 20:32:55.343] [main/DEBUG] [mixin/]: Registering mixin config: mixins.oculus.vertexformat.json
[14Sep2025 20:32:55.349] [main/DEBUG] [mixin/]: Compatibility level JAVA_8 specified by mixins.oculus.vertexformat.json is lower than the default level supported by the current mixin service (JAVA_16).
[14Sep2025 20:32:55.349] [main/DEBUG] [mixin/]: Registering mixin config: mixins.oculus.bettermipmaps.json
[14Sep2025 20:32:55.351] [main/DEBUG] [mixin/]: Compatibility level JAVA_8 specified by mixins.oculus.bettermipmaps.json is lower than the default level supported by the current mixin service (JAVA_16).
[14Sep2025 20:32:55.351] [main/DEBUG] [mixin/]: Registering mixin config: mixins.oculus.fixes.maxfpscrash.json
[14Sep2025 20:32:55.355] [main/DEBUG] [mixin/]: Compatibility level JAVA_8 specified by mixins.oculus.fixes.maxfpscrash.json is lower than the default level supported by the current mixin service (JAVA_16).
[14Sep2025 20:32:55.356] [main/DEBUG] [mixin/]: Registering mixin config: oculus-batched-entity-rendering.mixins.json
[14Sep2025 20:32:55.364] [main/DEBUG] [mixin/]: Compatibility level JAVA_8 specified by oculus-batched-entity-rendering.mixins.json is lower than the default level supported by the current mixin service (JAVA_16).
[14Sep2025 20:32:55.371] [main/DEBUG] [mixin/]: Registering mixin config: mixins.oculus.compat.sodium.json
[14Sep2025 20:32:55.379] [main/DEBUG] [mixin/]: Compatibility level JAVA_8 specified by mixins.oculus.compat.sodium.json is lower than the default level supported by the current mixin service (JAVA_16).
[14Sep2025 20:32:55.381] [main/DEBUG] [mixin/]: Registering mixin config: mixins.oculus.compat.indigo.json
[14Sep2025 20:32:55.386] [main/DEBUG] [mixin/]: Compatibility level JAVA_8 specified by mixins.oculus.compat.indigo.json is lower than the default level supported by the current mixin service (JAVA_16).
[14Sep2025 20:32:55.386] [main/DEBUG] [mixin/]: Registering mixin config: mixins.oculus.compat.indium.json
[14Sep2025 20:32:55.388] [main/DEBUG] [mixin/]: Compatibility level JAVA_8 specified by mixins.oculus.compat.indium.json is lower than the default level supported by the current mixin service (JAVA_16).
[14Sep2025 20:32:55.391] [main/DEBUG] [mixin/]: Registering mixin config: mixins.oculus.compat.dh.json
[14Sep2025 20:32:55.393] [main/DEBUG] [mixin/]: Compatibility level JAVA_8 specified by mixins.oculus.compat.dh.json is lower than the default level supported by the current mixin service (JAVA_16).
[14Sep2025 20:32:55.396] [main/DEBUG] [mixin/]: Registering mixin config: mixins.oculus.compat.pixelmon.json
[14Sep2025 20:32:55.397] [main/DEBUG] [mixin/]: Compatibility level JAVA_8 specified by mixins.oculus.compat.pixelmon.json is lower than the default level supported by the current mixin service (JAVA_16).
[14Sep2025 20:32:55.398] [main/DEBUG] [mixin/]: Adding mixin platform agents for container SecureJarResource(collective)
[14Sep2025 20:32:55.398] [main/DEBUG] [mixin/]: Instancing new MixinPlatformAgentMinecraftForge for SecureJarResource(collective)
[14Sep2025 20:32:55.398] [main/DEBUG] [mixin/]: MixinPlatformAgentMinecraftForge rejected container SecureJarResource(collective)
[14Sep2025 20:32:55.398] [main/DEBUG] [mixin/]: Instancing new MixinPlatformAgentDefault for SecureJarResource(collective)
[14Sep2025 20:32:55.398] [main/DEBUG] [mixin/]: MixinPlatformAgentDefault accepted container SecureJarResource(collective)
[14Sep2025 20:32:55.398] [main/DEBUG] [mixin/]: Processing prepare() for PlatformAgent[MixinPlatformAgentDefault:SecureJarResource(collective)]
[14Sep2025 20:32:55.398] [main/DEBUG] [mixin/]: Registering mixin config: collective_forge.mixins.json
[14Sep2025 20:32:55.402] [main/DEBUG] [mixin/]: Adding mixin platform agents for container SecureJarResource(commongroovylibrary)
[14Sep2025 20:32:55.402] [main/DEBUG] [mixin/]: Instancing new MixinPlatformAgentMinecraftForge for SecureJarResource(commongroovylibrary)
[14Sep2025 20:32:55.402] [main/DEBUG] [mixin/]: MixinPlatformAgentMinecraftForge rejected container SecureJarResource(commongroovylibrary)
[14Sep2025 20:32:55.404] [main/DEBUG] [mixin/]: Instancing new MixinPlatformAgentDefault for SecureJarResource(commongroovylibrary)
[14Sep2025 20:32:55.404] [main/DEBUG] [mixin/]: MixinPlatformAgentDefault accepted container SecureJarResource(commongroovylibrary)
[14Sep2025 20:32:55.404] [main/DEBUG] [mixin/]: Processing prepare() for PlatformAgent[MixinPlatformAgentDefault:SecureJarResource(commongroovylibrary)]
[14Sep2025 20:32:55.404] [main/DEBUG] [mixin/]: Adding mixin platform agents for container SecureJarResource(lostcities)
[14Sep2025 20:32:55.404] [main/DEBUG] [mixin/]: Instancing new MixinPlatformAgentMinecraftForge for SecureJarResource(lostcities)
[14Sep2025 20:32:55.404] [main/DEBUG] [mixin/]: MixinPlatformAgentMinecraftForge rejected container SecureJarResource(lostcities)
[14Sep2025 20:32:55.405] [main/DEBUG] [mixin/]: Instancing new MixinPlatformAgentDefault for SecureJarResource(lostcities)
[14Sep2025 20:32:55.405] [main/DEBUG] [mixin/]: MixinPlatformAgentDefault accepted container SecureJarResource(lostcities)
[14Sep2025 20:32:55.405] [main/DEBUG] [mixin/]: Processing prepare() for PlatformAgent[MixinPlatformAgentDefault:SecureJarResource(lostcities)]
[14Sep2025 20:32:55.405] [main/DEBUG] [mixin/]: Adding mixin platform agents for container SecureJarResource(connectormod)
[14Sep2025 20:32:55.405] [main/DEBUG] [mixin/]: Instancing new MixinPlatformAgentMinecraftForge for SecureJarResource(connectormod)
[14Sep2025 20:32:55.405] [main/DEBUG] [mixin/]: MixinPlatformAgentMinecraftForge rejected container SecureJarResource(connectormod)
[14Sep2025 20:32:55.405] [main/DEBUG] [mixin/]: Instancing new MixinPlatformAgentDefault for SecureJarResource(connectormod)
[14Sep2025 20:32:55.405] [main/DEBUG] [mixin/]: MixinPlatformAgentDefault accepted container SecureJarResource(connectormod)
[14Sep2025 20:32:55.405] [main/DEBUG] [mixin/]: Processing prepare() for PlatformAgent[MixinPlatformAgentDefault:SecureJarResource(connectormod)]
[14Sep2025 20:32:55.405] [main/DEBUG] [mixin/]: Registering mixin config: connectormod.mixins.json
[14Sep2025 20:32:55.408] [main/DEBUG] [mixin/]: Adding mixin platform agents for container SecureJarResource(pointblank)
[14Sep2025 20:32:55.409] [main/DEBUG] [mixin/]: Instancing new MixinPlatformAgentMinecraftForge for SecureJarResource(pointblank)
[14Sep2025 20:32:55.409] [main/DEBUG] [mixin/]: MixinPlatformAgentMinecraftForge rejected container SecureJarResource(pointblank)
[14Sep2025 20:32:55.409] [main/DEBUG] [mixin/]: Instancing new MixinPlatformAgentDefault for SecureJarResource(pointblank)
[14Sep2025 20:32:55.409] [main/DEBUG] [mixin/]: MixinPlatformAgentDefault accepted container SecureJarResource(pointblank)
[14Sep2025 20:32:55.409] [main/DEBUG] [mixin/]: Processing prepare() for PlatformAgent[MixinPlatformAgentDefault:SecureJarResource(pointblank)]
[14Sep2025 20:32:55.409] [main/DEBUG] [mixin/]: Registering mixin config: pointblank.mixins.json
[14Sep2025 20:32:55.411] [main/DEBUG] [mixin/]: Registering mixin config: pointblank.mixins.compat.iris.json
[14Sep2025 20:32:55.413] [main/DEBUG] [mixin/]: Registering mixin config: pointblank.mixins.compat.iris16.json
[14Sep2025 20:32:55.415] [main/DEBUG] [mixin/]: Adding mixin platform agents for container SecureJarResource(fabric_entity_events_v1)
[14Sep2025 20:32:55.415] [main/DEBUG] [mixin/]: Instancing new MixinPlatformAgentMinecraftForge for SecureJarResource(fabric_entity_events_v1)
[14Sep2025 20:32:55.415] [main/DEBUG] [mixin/]: MixinPlatformAgentMinecraftForge rejected container SecureJarResource(fabric_entity_events_v1)
[14Sep2025 20:32:55.415] [main/DEBUG] [mixin/]: Instancing new MixinPlatformAgentDefault for SecureJarResource(fabric_entity_events_v1)
[14Sep2025 20:32:55.415] [main/DEBUG] [mixin/]: MixinPlatformAgentDefault accepted container SecureJarResource(fabric_entity_events_v1)
[14Sep2025 20:32:55.415] [main/DEBUG] [mixin/]: Processing prepare() for PlatformAgent[MixinPlatformAgentDefault:SecureJarResource(fabric_entity_events_v1)]
[14Sep2025 20:32:55.415] [main/DEBUG] [mixin/]: Registering mixin config: fabric-entity-events-v1.mixins.json
[14Sep2025 20:32:55.421] [main/DEBUG] [mixin/]: Compatibility level JAVA_16 specified by fabric-entity-events-v1.mixins.json is higher than the maximum level supported by this version of mixin (JAVA_13).
[14Sep2025 20:32:55.421] [main/DEBUG] [mixin/]: Registering mixin config: fabric-entity-events-v1.client.mixins.json
[14Sep2025 20:32:55.423] [main/DEBUG] [mixin/]: Compatibility level JAVA_16 specified by fabric-entity-events-v1.client.mixins.json is higher than the maximum level supported by this version of mixin (JAVA_13).
[14Sep2025 20:32:55.423] [main/DEBUG] [mixin/]: Adding mixin platform agents for container SecureJarResource(atlaslib)
[14Sep2025 20:32:55.423] [main/DEBUG] [mixin/]: Instancing new MixinPlatformAgentMinecraftForge for SecureJarResource(atlaslib)
[14Sep2025 20:32:55.423] [main/DEBUG] [mixin/]: MixinPlatformAgentMinecraftForge rejected container SecureJarResource(atlaslib)
[14Sep2025 20:32:55.423] [main/DEBUG] [mixin/]: Instancing new MixinPlatformAgentDefault for SecureJarResource(atlaslib)
[14Sep2025 20:32:55.423] [main/DEBUG] [mixin/]: MixinPlatformAgentDefault accepted container SecureJarResource(atlaslib)
[14Sep2025 20:32:55.423] [main/DEBUG] [mixin/]: Processing prepare() for PlatformAgent[MixinPlatformAgentDefault:SecureJarResource(atlaslib)]
[14Sep2025 20:32:55.423] [main/DEBUG] [mixin/]: Adding mixin platform agents for container SecureJarResource(starterkit)
[14Sep2025 20:32:55.423] [main/DEBUG] [mixin/]: Instancing new MixinPlatformAgentMinecraftForge for SecureJarResource(starterkit)
[14Sep2025 20:32:55.423] [main/DEBUG] [mixin/]: MixinPlatformAgentMinecraftForge rejected container SecureJarResource(starterkit)
[14Sep2025 20:32:55.423] [main/DEBUG] [mixin/]: Instancing new MixinPlatformAgentDefault for SecureJarResource(starterkit)
[14Sep2025 20:32:55.423] [main/DEBUG] [mixin/]: MixinPlatformAgentDefault accepted container SecureJarResource(starterkit)
[14Sep2025 20:32:55.423] [main/DEBUG] [mixin/]: Processing prepare() for PlatformAgent[MixinPlatformAgentDefault:SecureJarResource(starterkit)]
[14Sep2025 20:32:55.423] [main/DEBUG] [mixin/]: Registering mixin config: starterkit_forge.mixins.json
[14Sep2025 20:32:55.431] [main/DEBUG] [mixin/]: Adding mixin platform agents for container SecureJarResource(eatinganimation)
[14Sep2025 20:32:55.431] [main/DEBUG] [mixin/]: Instancing new MixinPlatformAgentMinecraftForge for SecureJarResource(eatinganimation)
[14Sep2025 20:32:55.431] [main/DEBUG] [mixin/]: MixinPlatformAgentMinecraftForge rejected container SecureJarResource(eatinganimation)
[14Sep2025 20:32:55.431] [main/DEBUG] [mixin/]: Instancing new MixinPlatformAgentDefault for SecureJarResource(eatinganimation)
[14Sep2025 20:32:55.431] [main/DEBUG] [mixin/]: MixinPlatformAgentDefault accepted container SecureJarResource(eatinganimation)
[14Sep2025 20:32:55.431] [main/DEBUG] [mixin/]: Processing prepare() for PlatformAgent[MixinPlatformAgentDefault:SecureJarResource(eatinganimation)]
[14Sep2025 20:32:55.431] [main/DEBUG] [mixin/]: Adding mixin platform agents for container SecureJarResource(cfm)
[14Sep2025 20:32:55.431] [main/DEBUG] [mixin/]: Instancing new MixinPlatformAgentMinecraftForge for SecureJarResource(cfm)
[14Sep2025 20:32:55.432] [main/DEBUG] [mixin/]: MixinPlatformAgentMinecraftForge rejected container SecureJarResource(cfm)
[14Sep2025 20:32:55.432] [main/DEBUG] [mixin/]: Instancing new MixinPlatformAgentDefault for SecureJarResource(cfm)
[14Sep2025 20:32:55.432] [main/DEBUG] [mixin/]: MixinPlatformAgentDefault accepted container SecureJarResource(cfm)
[14Sep2025 20:32:55.432] [main/DEBUG] [mixin/]: Processing prepare() for PlatformAgent[MixinPlatformAgentDefault:SecureJarResource(cfm)]
[14Sep2025 20:32:55.434] [main/DEBUG] [mixin/]: Registering mixin config: cfm.mixins.json
[14Sep2025 20:32:55.436] [main/DEBUG] [mixin/]: Adding mixin platform agents for container SecureJarResource(architectury)
[14Sep2025 20:32:55.436] [main/DEBUG] [mixin/]: Instancing new MixinPlatformAgentMinecraftForge for SecureJarResource(architectury)
[14Sep2025 20:32:55.436] [main/DEBUG] [mixin/]: MixinPlatformAgentMinecraftForge rejected container SecureJarResource(architectury)
[14Sep2025 20:32:55.436] [main/DEBUG] [mixin/]: Instancing new MixinPlatformAgentDefault for SecureJarResource(architectury)
[14Sep2025 20:32:55.436] [main/DEBUG] [mixin/]: MixinPlatformAgentDefault accepted container SecureJarResource(architectury)
[14Sep2025 20:32:55.437] [main/DEBUG] [mixin/]: Processing prepare() for PlatformAgent[MixinPlatformAgentDefault:SecureJarResource(architectury)]
[14Sep2025 20:32:55.437] [main/DEBUG] [mixin/]: Registering mixin config: architectury.mixins.json
[14Sep2025 20:32:55.440] [main/DEBUG] [mixin/]: Compatibility level JAVA_16 specified by architectury.mixins.json is higher than the maximum level supported by this version of mixin (JAVA_13).
[14Sep2025 20:32:55.443] [main/DEBUG] [mixin/]: Registering mixin config: architectury-common.mixins.json
[14Sep2025 20:32:55.445] [main/DEBUG] [mixin/]: Compatibility level JAVA_16 specified by architectury-common.mixins.json is higher than the maximum level supported by this version of mixin (JAVA_13).
[14Sep2025 20:32:55.445] [main/DEBUG] [mixin/]: Adding mixin platform agents for container SecureJarResource(bloomingnature)
[14Sep2025 20:32:55.445] [main/DEBUG] [mixin/]: Instancing new MixinPlatformAgentMinecraftForge for SecureJarResource(bloomingnature)
[14Sep2025 20:32:55.445] [main/DEBUG] [mixin/]: MixinPlatformAgentMinecraftForge rejected container SecureJarResource(bloomingnature)
[14Sep2025 20:32:55.445] [main/DEBUG] [mixin/]: Instancing new MixinPlatformAgentDefault for SecureJarResource(bloomingnature)
[14Sep2025 20:32:55.445] [main/DEBUG] [mixin/]: MixinPlatformAgentDefault accepted container SecureJarResource(bloomingnature)
[14Sep2025 20:32:55.445] [main/DEBUG] [mixin/]: Processing prepare() for PlatformAgent[MixinPlatformAgentDefault:SecureJarResource(bloomingnature)]
[14Sep2025 20:32:55.445] [main/DEBUG] [mixin/]: Adding mixin platform agents for container SecureJarResource(pandalib)
[14Sep2025 20:32:55.445] [main/DEBUG] [mixin/]: Instancing new MixinPlatformAgentMinecraftForge for SecureJarResource(pandalib)
[14Sep2025 20:32:55.445] [main/DEBUG] [mixin/]: MixinPlatformAgentMinecraftForge rejected container SecureJarResource(pandalib)
[14Sep2025 20:32:55.446] [main/DEBUG] [mixin/]: Instancing new MixinPlatformAgentDefault for SecureJarResource(pandalib)
[14Sep2025 20:32:55.446] [main/DEBUG] [mixin/]: MixinPlatformAgentDefault accepted container SecureJarResource(pandalib)
[14Sep2025 20:32:55.446] [main/DEBUG] [mixin/]: Processing prepare() for PlatformAgent[MixinPlatformAgentDefault:SecureJarResource(pandalib)]
[14Sep2025 20:32:55.446] [main/DEBUG] [mixin/]: Registering mixin config: pandalib-common.mixins.json
[14Sep2025 20:32:55.448] [main/DEBUG] [mixin/]: Registering mixin config: pandalib.mixins.json
[14Sep2025 20:32:55.453] [main/DEBUG] [mixin/]: Adding mixin platform agents for container SecureJarResource(fabric_loot_api_v2)
[14Sep2025 20:32:55.453] [main/DEBUG] [mixin/]: Instancing new MixinPlatformAgentMinecraftForge for SecureJarResource(fabric_loot_api_v2)
[14Sep2025 20:32:55.453] [main/DEBUG] [mixin/]: MixinPlatformAgentMinecraftForge rejected container SecureJarResource(fabric_loot_api_v2)
[14Sep2025 20:32:55.453] [main/DEBUG] [mixin/]: Instancing new MixinPlatformAgentDefault for SecureJarResource(fabric_loot_api_v2)
[14Sep2025 20:32:55.453] [main/DEBUG] [mixin/]: MixinPlatformAgentDefault accepted container SecureJarResource(fabric_loot_api_v2)
[14Sep2025 20:32:55.453] [main/DEBUG] [mixin/]: Processing prepare() for PlatformAgent[MixinPlatformAgentDefault:SecureJarResource(fabric_loot_api_v2)]
[14Sep2025 20:32:55.453] [main/DEBUG] [mixin/]: Registering mixin config: fabric-loot-api-v2.mixins.json
[14Sep2025 20:32:55.457] [main/DEBUG] [mixin/]: Compatibility level JAVA_8 specified by fabric-loot-api-v2.mixins.json is lower than the default level supported by the current mixin service (JAVA_16).
[14Sep2025 20:32:55.457] [main/DEBUG] [mixin/]: Adding mixin platform agents for container SecureJarResource(transition)
[14Sep2025 20:32:55.457] [main/DEBUG] [mixin/]: Instancing new MixinPlatformAgentMinecraftForge for SecureJarResource(transition)
[14Sep2025 20:32:55.457] [main/DEBUG] [mixin/]: MixinPlatformAgentMinecraftForge rejected container SecureJarResource(transition)
[14Sep2025 20:32:55.458] [main/DEBUG] [mixin/]: Instancing new MixinPlatformAgentDefault for SecureJarResource(transition)
[14Sep2025 20:32:55.458] [main/DEBUG] [mixin/]: MixinPlatformAgentDefault accepted container SecureJarResource(transition)
[14Sep2025 20:32:55.458] [main/DEBUG] [mixin/]: Processing prepare() for PlatformAgent[MixinPlatformAgentDefault:SecureJarResource(transition)]
[14Sep2025 20:32:55.458] [main/DEBUG] [mixin/]: Registering mixin config: transition.mixins.json
[14Sep2025 20:32:55.460] [main/DEBUG] [mixin/]: Compatibility level JAVA_16 specified by transition.mixins.json is higher than the maximum level supported by this version of mixin (JAVA_13).
[14Sep2025 20:32:55.461] [main/DEBUG] [mixin/]: Adding mixin platform agents for container SecureJarResource(itemphysic)
[14Sep2025 20:32:55.461] [main/DEBUG] [mixin/]: Instancing new MixinPlatformAgentMinecraftForge for SecureJarResource(itemphysic)
[14Sep2025 20:32:55.461] [main/DEBUG] [mixin/]: MixinPlatformAgentMinecraftForge rejected container SecureJarResource(itemphysic)
[14Sep2025 20:32:55.461] [main/DEBUG] [mixin/]: Instancing new MixinPlatformAgentDefault for SecureJarResource(itemphysic)
[14Sep2025 20:32:55.461] [main/DEBUG] [mixin/]: MixinPlatformAgentDefault accepted container SecureJarResource(itemphysic)
[14Sep2025 20:32:55.461] [main/DEBUG] [mixin/]: Processing prepare() for PlatformAgent[MixinPlatformAgentDefault:SecureJarResource(itemphysic)]
[14Sep2025 20:32:55.461] [main/DEBUG] [mixin/]: Registering mixin config: itemphysic.mixins.json
[14Sep2025 20:32:55.464] [main/DEBUG] [mixin/]: Adding mixin platform agents for container SecureJarResource(fabric_rendering_data_attachment_v1)
[14Sep2025 20:32:55.464] [main/DEBUG] [mixin/]: Instancing new MixinPlatformAgentMinecraftForge for SecureJarResource(fabric_rendering_data_attachment_v1)
[14Sep2025 20:32:55.464] [main/DEBUG] [mixin/]: MixinPlatformAgentMinecraftForge rejected container SecureJarResource(fabric_rendering_data_attachment_v1)
[14Sep2025 20:32:55.464] [main/DEBUG] [mixin/]: Instancing new MixinPlatformAgentDefault for SecureJarResource(fabric_rendering_data_attachment_v1)
[14Sep2025 20:32:55.464] [main/DEBUG] [mixin/]: MixinPlatformAgentDefault accepted container SecureJarResource(fabric_rendering_data_attachment_v1)
[14Sep2025 20:32:55.464] [main/DEBUG] [mixin/]: Processing prepare() for PlatformAgent[MixinPlatformAgentDefault:SecureJarResource(fabric_rendering_data_attachment_v1)]
[14Sep2025 20:32:55.464] [main/DEBUG] [mixin/]: Registering mixin config: fabric-rendering-data-attachment-v1.mixins.json
[14Sep2025 20:32:55.467] [main/DEBUG] [mixin/]: Registering mixin config: fabric-rendering-data-attachment-v1.client.mixins.json
[14Sep2025 20:32:55.470] [main/DEBUG] [mixin/]: Adding mixin platform agents for container SecureJarResource(mru)
[14Sep2025 20:32:55.471] [main/DEBUG] [mixin/]: Instancing new MixinPlatformAgentMinecraftForge for SecureJarResource(mru)
[14Sep2025 20:32:55.471] [main/DEBUG] [mixin/]: MixinPlatformAgentMinecraftForge rejected container SecureJarResource(mru)
[14Sep2025 20:32:55.471] [main/DEBUG] [mixin/]: Instancing new MixinPlatformAgentDefault for SecureJarResource(mru)
[14Sep2025 20:32:55.471] [main/DEBUG] [mixin/]: MixinPlatformAgentDefault accepted container SecureJarResource(mru)
[14Sep2025 20:32:55.472] [main/DEBUG] [mixin/]: Processing prepare() for PlatformAgent[MixinPlatformAgentDefault:SecureJarResource(mru)]
[14Sep2025 20:32:55.472] [main/DEBUG] [mixin/]: Registering mixin config: mru.mixins.json
[14Sep2025 20:32:55.474] [main/DEBUG] [mixin/]: Adding mixin platform agents for container SecureJarResource(fabric_networking_api_v1)
[14Sep2025 20:32:55.474] [main/DEBUG] [mixin/]: Instancing new MixinPlatformAgentMinecraftForge for SecureJarResource(fabric_networking_api_v1)
[14Sep2025 20:32:55.474] [main/DEBUG] [mixin/]: MixinPlatformAgentMinecraftForge rejected container SecureJarResource(fabric_networking_api_v1)
[14Sep2025 20:32:55.475] [main/DEBUG] [mixin/]: Instancing new MixinPlatformAgentDefault for SecureJarResource(fabric_networking_api_v1)
[14Sep2025 20:32:55.475] [main/DEBUG] [mixin/]: MixinPlatformAgentDefault accepted container SecureJarResource(fabric_networking_api_v1)
[14Sep2025 20:32:55.475] [main/DEBUG] [mixin/]: Processing prepare() for PlatformAgent[MixinPlatformAgentDefault:SecureJarResource(fabric_networking_api_v1)]
[14Sep2025 20:32:55.475] [main/DEBUG] [mixin/]: Registering mixin config: fabric-networking-api-v1.mixins.json
[14Sep2025 20:32:55.477] [main/DEBUG] [mixin/]: Compatibility level JAVA_16 specified by fabric-networking-api-v1.mixins.json is higher than the maximum level supported by this version of mixin (JAVA_13).
[14Sep2025 20:32:55.477] [main/DEBUG] [mixin/]: Registering mixin config: fabric-networking-api-v1.client.mixins.json
[14Sep2025 20:32:55.480] [main/DEBUG] [mixin/]: Compatibility level JAVA_16 specified by fabric-networking-api-v1.client.mixins.json is higher than the maximum level supported by this version of mixin (JAVA_13).
[14Sep2025 20:32:55.480] [main/DEBUG] [mixin/]: Adding mixin platform agents for container SecureJarResource(yeetusexperimentus)
[14Sep2025 20:32:55.481] [main/DEBUG] [mixin/]: Instancing new MixinPlatformAgentMinecraftForge for SecureJarResource(yeetusexperimentus)
[14Sep2025 20:32:55.481] [main/DEBUG] [mixin/]: MixinPlatformAgentMinecraftForge rejected container SecureJarResource(yeetusexperimentus)
[14Sep2025 20:32:55.481] [main/DEBUG] [mixin/]: Instancing new MixinPlatformAgentDefault for SecureJarResource(yeetusexperimentus)
[14Sep2025 20:32:55.481] [main/DEBUG] [mixin/]: MixinPlatformAgentDefault accepted container SecureJarResource(yeetusexperimentus)
[14Sep2025 20:32:55.482] [main/DEBUG] [mixin/]: Processing prepare() for PlatformAgent[MixinPlatformAgentDefault:SecureJarResource(yeetusexperimentus)]
[14Sep2025 20:32:55.482] [main/DEBUG] [mixin/]: Registering mixin config: yeetusexperimentus.mixins.json
[14Sep2025 20:32:55.484] [main/DEBUG] [mixin/]: Adding mixin platform agents for container SecureJarResource(dynamictrees)
[14Sep2025 20:32:55.484] [main/DEBUG] [mixin/]: Instancing new MixinPlatformAgentMinecraftForge for SecureJarResource(dynamictrees)
[14Sep2025 20:32:55.484] [main/DEBUG] [mixin/]: MixinPlatformAgentMinecraftForge rejected container SecureJarResource(dynamictrees)
[14Sep2025 20:32:55.484] [main/DEBUG] [mixin/]: Instancing new MixinPlatformAgentDefault for SecureJarResource(dynamictrees)
[14Sep2025 20:32:55.484] [main/DEBUG] [mixin/]: MixinPlatformAgentDefault accepted container SecureJarResource(dynamictrees)
[14Sep2025 20:32:55.485] [main/DEBUG] [mixin/]: Processing prepare() for PlatformAgent[MixinPlatformAgentDefault:SecureJarResource(dynamictrees)]
[14Sep2025 20:32:55.485] [main/DEBUG] [mixin/]: Adding mixin platform agents for container SecureJarResource(dynamictreesplus)
[14Sep2025 20:32:55.486] [main/DEBUG] [mixin/]: Instancing new MixinPlatformAgentMinecraftForge for SecureJarResource(dynamictreesplus)
[14Sep2025 20:32:55.486] [main/DEBUG] [mixin/]: MixinPlatformAgentMinecraftForge rejected container SecureJarResource(dynamictreesplus)
[14Sep2025 20:32:55.486] [main/DEBUG] [mixin/]: Instancing new MixinPlatformAgentDefault for SecureJarResource(dynamictreesplus)
[14Sep2025 20:32:55.486] [main/DEBUG] [mixin/]: MixinPlatformAgentDefault accepted container SecureJarResource(dynamictreesplus)
[14Sep2025 20:32:55.486] [main/DEBUG] [mixin/]: Processing prepare() for PlatformAgent[MixinPlatformAgentDefault:SecureJarResource(dynamictreesplus)]
[14Sep2025 20:32:55.486] [main/DEBUG] [mixin/]: Adding mixin platform agents for container SecureJarResource(fabric_lifecycle_events_v1)
[14Sep2025 20:32:55.486] [main/DEBUG] [mixin/]: Instancing new MixinPlatformAgentMinecraftForge for SecureJarResource(fabric_lifecycle_events_v1)
[14Sep2025 20:32:55.486] [main/DEBUG] [mixin/]: MixinPlatformAgentMinecraftForge rejected container SecureJarResource(fabric_lifecycle_events_v1)
[14Sep2025 20:32:55.486] [main/DEBUG] [mixin/]: Instancing new MixinPlatformAgentDefault for SecureJarResource(fabric_lifecycle_events_v1)
[14Sep2025 20:32:55.486] [main/DEBUG] [mixin/]: MixinPlatformAgentDefault accepted container SecureJarResource(fabric_lifecycle_events_v1)
[14Sep2025 20:32:55.486] [main/DEBUG] [mixin/]: Processing prepare() for PlatformAgent[MixinPlatformAgentDefault:SecureJarResource(fabric_lifecycle_events_v1)]
[14Sep2025 20:32:55.486] [main/DEBUG] [mixin/]: Registering mixin config: fabric-lifecycle-events-v1.mixins.json
[14Sep2025 20:32:55.490] [main/DEBUG] [mixin/]: Registering mixin config: fabric-lifecycle-events-v1.client.mixins.json
[14Sep2025 20:32:55.493] [main/DEBUG] [mixin/]: Compatibility level JAVA_16 specified by fabric-lifecycle-events-v1.client.mixins.json is higher than the maximum level supported by this version of mixin (JAVA_13).
[14Sep2025 20:32:55.493] [main/DEBUG] [mixin/]: Adding mixin platform agents for container SecureJarResource(fabric_key_binding_api_v1)
[14Sep2025 20:32:55.493] [main/DEBUG] [mixin/]: Instancing new MixinPlatformAgentMinecraftForge for SecureJarResource(fabric_key_binding_api_v1)
[14Sep2025 20:32:55.493] [main/DEBUG] [mixin/]: MixinPlatformAgentMinecraftForge rejected container SecureJarResource(fabric_key_binding_api_v1)
[14Sep2025 20:32:55.494] [main/DEBUG] [mixin/]: Instancing new MixinPlatformAgentDefault for SecureJarResource(fabric_key_binding_api_v1)
[14Sep2025 20:32:55.494] [main/DEBUG] [mixin/]: MixinPlatformAgentDefault accepted container SecureJarResource(fabric_key_binding_api_v1)
[14Sep2025 20:32:55.494] [main/DEBUG] [mixin/]: Processing prepare() for PlatformAgent[MixinPlatformAgentDefault:SecureJarResource(fabric_key_binding_api_v1)]
[14Sep2025 20:32:55.494] [main/DEBUG] [mixin/]: Registering mixin config: fabric-key-binding-api-v1.mixins.json
[14Sep2025 20:32:55.497] [main/DEBUG] [mixin/]: Compatibility level JAVA_16 specified by fabric-key-binding-api-v1.mixins.json is higher than the maximum level supported by this version of mixin (JAVA_13).
[14Sep2025 20:32:55.497] [main/DEBUG] [mixin/]: Adding mixin platform agents for container SecureJarResource(fabric_client_tags_api_v1)
[14Sep2025 20:32:55.497] [main/DEBUG] [mixin/]: Instancing new MixinPlatformAgentMinecraftForge for SecureJarResource(fabric_client_tags_api_v1)
[14Sep2025 20:32:55.497] [main/DEBUG] [mixin/]: MixinPlatformAgentMinecraftForge rejected container SecureJarResource(fabric_client_tags_api_v1)
[14Sep2025 20:32:55.497] [main/DEBUG] [mixin/]: Instancing new MixinPlatformAgentDefault for SecureJarResource(fabric_client_tags_api_v1)
[14Sep2025 20:32:55.498] [main/DEBUG] [mixin/]: MixinPlatformAgentDefault accepted container SecureJarResource(fabric_client_tags_api_v1)
[14Sep2025 20:32:55.498] [main/DEBUG] [mixin/]: Processing prepare() for PlatformAgent[MixinPlatformAgentDefault:SecureJarResource(fabric_client_tags_api_v1)]
[14Sep2025 20:32:55.498] [main/DEBUG] [mixin/]: Adding mixin platform agents for container SecureJarResource(fallingtrees)
[14Sep2025 20:32:55.498] [main/DEBUG] [mixin/]: Instancing new MixinPlatformAgentMinecraftForge for SecureJarResource(fallingtrees)
[14Sep2025 20:32:55.498] [main/DEBUG] [mixin/]: MixinPlatformAgentMinecraftForge rejected container SecureJarResource(fallingtrees)
[14Sep2025 20:32:55.498] [main/DEBUG] [mixin/]: Instancing new MixinPlatformAgentDefault for SecureJarResource(fallingtrees)
[14Sep2025 20:32:55.498] [main/DEBUG] [mixin/]: MixinPlatformAgentDefault accepted container SecureJarResource(fallingtrees)
[14Sep2025 20:32:55.498] [main/DEBUG] [mixin/]: Processing prepare() for PlatformAgent[MixinPlatformAgentDefault:SecureJarResource(fallingtrees)]
[14Sep2025 20:32:55.498] [main/DEBUG] [mixin/]: Registering mixin config: fallingtrees-common.mixins.json
[14Sep2025 20:32:55.500] [main/DEBUG] [mixin/]: Registering mixin config: fallingtrees.mixins.json
[14Sep2025 20:32:55.503] [main/DEBUG] [mixin/]: Adding mixin platform agents for container SecureJarResource(fabric_dimensions_v1)
[14Sep2025 20:32:55.503] [main/DEBUG] [mixin/]: Instancing new MixinPlatformAgentMinecraftForge for SecureJarResource(fabric_dimensions_v1)
[14Sep2025 20:32:55.503] [main/DEBUG] [mixin/]: MixinPlatformAgentMinecraftForge rejected container SecureJarResource(fabric_dimensions_v1)
[14Sep2025 20:32:55.504] [main/DEBUG] [mixin/]: Instancing new MixinPlatformAgentDefault for SecureJarResource(fabric_dimensions_v1)
[14Sep2025 20:32:55.504] [main/DEBUG] [mixin/]: MixinPlatformAgentDefault accepted container SecureJarResource(fabric_dimensions_v1)
[14Sep2025 20:32:55.504] [main/DEBUG] [mixin/]: Processing prepare() for PlatformAgent[MixinPlatformAgentDefault:SecureJarResource(fabric_dimensions_v1)]
[14Sep2025 20:32:55.504] [main/DEBUG] [mixin/]: Adding mixin platform agents for container SecureJarResource(fabric_transfer_api_v1)
[14Sep2025 20:32:55.504] [main/DEBUG] [mixin/]: Instancing new MixinPlatformAgentMinecraftForge for SecureJarResource(fabric_transfer_api_v1)
[14Sep2025 20:32:55.504] [main/DEBUG] [mixin/]: MixinPlatformAgentMinecraftForge rejected container SecureJarResource(fabric_transfer_api_v1)
[14Sep2025 20:32:55.504] [main/DEBUG] [mixin/]: Instancing new MixinPlatformAgentDefault for SecureJarResource(fabric_transfer_api_v1)
[14Sep2025 20:32:55.504] [main/DEBUG] [mixin/]: MixinPlatformAgentDefault accepted container SecureJarResource(fabric_transfer_api_v1)
[14Sep2025 20:32:55.504] [main/DEBUG] [mixin/]: Processing prepare() for PlatformAgent[MixinPlatformAgentDefault:SecureJarResource(fabric_transfer_api_v1)]
[14Sep2025 20:32:55.504] [main/DEBUG] [mixin/]: Registering mixin config: fabric-transfer-api-v1.mixins.json
[14Sep2025 20:32:55.506] [main/DEBUG] [mixin/]: Compatibility level JAVA_16 specified by fabric-transfer-api-v1.mixins.json is higher than the maximum level supported by this version of mixin (JAVA_13).
[14Sep2025 20:32:55.506] [main/DEBUG] [mixin/]: Adding mixin platform agents for container SecureJarResource(kiwi)
[14Sep2025 20:32:55.506] [main/DEBUG] [mixin/]: Instancing new MixinPlatformAgentMinecraftForge for SecureJarResource(kiwi)
[14Sep2025 20:32:55.506] [main/DEBUG] [mixin/]: MixinPlatformAgentMinecraftForge rejected container SecureJarResource(kiwi)
[14Sep2025 20:32:55.506] [main/DEBUG] [mixin/]: Instancing new MixinPlatformAgentDefault for SecureJarResource(kiwi)
[14Sep2025 20:32:55.506] [main/DEBUG] [mixin/]: MixinPlatformAgentDefault accepted container SecureJarResource(kiwi)
[14Sep2025 20:32:55.506] [main/DEBUG] [mixin/]: Processing prepare() for PlatformAgent[MixinPlatformAgentDefault:SecureJarResource(kiwi)]
[14Sep2025 20:32:55.506] [main/DEBUG] [mixin/]: Registering mixin config: kiwi.mixins.json
[14Sep2025 20:32:55.510] [main/DEBUG] [mixin/]: Adding mixin platform agents for container SecureJarResource(bhmenu)
[14Sep2025 20:32:55.510] [main/DEBUG] [mixin/]: Instancing new MixinPlatformAgentMinecraftForge for SecureJarResource(bhmenu)
[14Sep2025 20:32:55.510] [main/DEBUG] [mixin/]: MixinPlatformAgentMinecraftForge rejected container SecureJarResource(bhmenu)
[14Sep2025 20:32:55.510] [main/DEBUG] [mixin/]: Instancing new MixinPlatformAgentDefault for SecureJarResource(bhmenu)
[14Sep2025 20:32:55.510] [main/DEBUG] [mixin/]: MixinPlatformAgentDefault accepted container SecureJarResource(bhmenu)
[14Sep2025 20:32:55.510] [main/DEBUG] [mixin/]: Processing prepare() for PlatformAgent[MixinPlatformAgentDefault:SecureJarResource(bhmenu)]
[14Sep2025 20:32:55.510] [main/DEBUG] [mixin/]: Registering mixin config: bhmenu.mixins.json
[14Sep2025 20:32:55.513] [main/DEBUG] [mixin/]: Compatibility level JAVA_16 specified by bhmenu.mixins.json is higher than the maximum level supported by this version of mixin (JAVA_13).
[14Sep2025 20:32:55.513] [main/DEBUG] [mixin/]: Adding mixin platform agents for container SecureJarResource(doubledoors)
[14Sep2025 20:32:55.513] [main/DEBUG] [mixin/]: Instancing new MixinPlatformAgentMinecraftForge for SecureJarResource(doubledoors)
[14Sep2025 20:32:55.516] [main/DEBUG] [mixin/]: MixinPlatformAgentMinecraftForge rejected container SecureJarResource(doubledoors)
[14Sep2025 20:32:55.516] [main/DEBUG] [mixin/]: Instancing new MixinPlatformAgentDefault for SecureJarResource(doubledoors)
[14Sep2025 20:32:55.516] [main/DEBUG] [mixin/]: MixinPlatformAgentDefault accepted container SecureJarResource(doubledoors)
[14Sep2025 20:32:55.516] [main/DEBUG] [mixin/]: Processing prepare() for PlatformAgent[MixinPlatformAgentDefault:SecureJarResource(doubledoors)]
[14Sep2025 20:32:55.516] [main/DEBUG] [mixin/]: Registering mixin config: doubledoors_forge.mixins.json
[14Sep2025 20:32:55.519] [main/DEBUG] [mixin/]: Adding mixin platform agents for container SecureJarResource(wi_zoom)
[14Sep2025 20:32:55.519] [main/DEBUG] [mixin/]: Instancing new MixinPlatformAgentMinecraftForge for SecureJarResource(wi_zoom)
[14Sep2025 20:32:55.519] [main/DEBUG] [mixin/]: MixinPlatformAgentMinecraftForge rejected container SecureJarResource(wi_zoom)
[14Sep2025 20:32:55.519] [main/DEBUG] [mixin/]: Instancing new MixinPlatformAgentDefault for SecureJarResource(wi_zoom)
[14Sep2025 20:32:55.519] [main/DEBUG] [mixin/]: MixinPlatformAgentDefault accepted container SecureJarResource(wi_zoom)
[14Sep2025 20:32:55.519] [main/DEBUG] [mixin/]: Processing prepare() for PlatformAgent[MixinPlatformAgentDefault:SecureJarResource(wi_zoom)]
[14Sep2025 20:32:55.520] [main/DEBUG] [mixin/]: Registering mixin config: wi-zoom.mixins.json
[14Sep2025 20:32:55.522] [main/DEBUG] [mixin/]: Adding mixin platform agents for container SecureJarResource(fabric_model_loading_api_v1)
[14Sep2025 20:32:55.522] [main/DEBUG] [mixin/]: Instancing new MixinPlatformAgentMinecraftForge for SecureJarResource(fabric_model_loading_api_v1)
[14Sep2025 20:32:55.522] [main/DEBUG] [mixin/]: MixinPlatformAgentMinecraftForge rejected container SecureJarResource(fabric_model_loading_api_v1)
[14Sep2025 20:32:55.522] [main/DEBUG] [mixin/]: Instancing new MixinPlatformAgentDefault for SecureJarResource(fabric_model_loading_api_v1)
[14Sep2025 20:32:55.522] [main/DEBUG] [mixin/]: MixinPlatformAgentDefault accepted container SecureJarResource(fabric_model_loading_api_v1)
[14Sep2025 20:32:55.522] [main/DEBUG] [mixin/]: Processing prepare() for PlatformAgent[MixinPlatformAgentDefault:SecureJarResource(fabric_model_loading_api_v1)]
[14Sep2025 20:32:55.522] [main/DEBUG] [mixin/]: Registering mixin config: fabric-model-loading-api-v1.mixins.json
[14Sep2025 20:32:55.525] [main/DEBUG] [mixin/]: Adding mixin platform agents for container SecureJarResource(fabric_screen_handler_api_v1)
[14Sep2025 20:32:55.525] [main/DEBUG] [mixin/]: Instancing new MixinPlatformAgentMinecraftForge for SecureJarResource(fabric_screen_handler_api_v1)
[14Sep2025 20:32:55.525] [main/DEBUG] [mixin/]: MixinPlatformAgentMinecraftForge rejected container SecureJarResource(fabric_screen_handler_api_v1)
[14Sep2025 20:32:55.525] [main/DEBUG] [mixin/]: Instancing new MixinPlatformAgentDefault for SecureJarResource(fabric_screen_handler_api_v1)
[14Sep2025 20:32:55.525] [main/DEBUG] [mixin/]: MixinPlatformAgentDefault accepted container SecureJarResource(fabric_screen_handler_api_v1)
[14Sep2025 20:32:55.525] [main/DEBUG] [mixin/]: Processing prepare() for PlatformAgent[MixinPlatformAgentDefault:SecureJarResource(fabric_screen_handler_api_v1)]
[14Sep2025 20:32:55.525] [main/DEBUG] [mixin/]: Registering mixin config: fabric-screen-handler-api-v1.mixins.json
[14Sep2025 20:32:55.527] [main/DEBUG] [mixin/]: Compatibility level JAVA_16 specified by fabric-screen-handler-api-v1.mixins.json is higher than the maximum level supported by this version of mixin (JAVA_13).
[14Sep2025 20:32:55.528] [main/DEBUG] [mixin/]: Adding mixin platform agents for container SecureJarResource(fabric_resource_loader_v0)
[14Sep2025 20:32:55.528] [main/DEBUG] [mixin/]: Instancing new MixinPlatformAgentMinecraftForge for SecureJarResource(fabric_resource_loader_v0)
[14Sep2025 20:32:55.528] [main/DEBUG] [mixin/]: MixinPlatformAgentMinecraftForge rejected container SecureJarResource(fabric_resource_loader_v0)
[14Sep2025 20:32:55.528] [main/DEBUG] [mixin/]: Instancing new MixinPlatformAgentDefault for SecureJarResource(fabric_resource_loader_v0)
[14Sep2025 20:32:55.528] [main/DEBUG] [mixin/]: MixinPlatformAgentDefault accepted container SecureJarResource(fabric_resource_loader_v0)
[14Sep2025 20:32:55.528] [main/DEBUG] [mixin/]: Processing prepare() for PlatformAgent[MixinPlatformAgentDefault:SecureJarResource(fabric_resource_loader_v0)]
[14Sep2025 20:32:55.529] [main/DEBUG] [mixin/]: Registering mixin config: fabric-resource-loader-v0.mixins.json
[14Sep2025 20:32:55.531] [main/DEBUG] [mixin/]: Compatibility level JAVA_16 specified by fabric-resource-loader-v0.mixins.json is higher than the maximum level supported by this version of mixin (JAVA_13).
[14Sep2025 20:32:55.531] [main/DEBUG] [mixin/]: Registering mixin config: fabric-resource-loader-v0.client.mixins.json
[14Sep2025 20:32:55.533] [main/DEBUG] [mixin/]: Compatibility level JAVA_16 specified by fabric-resource-loader-v0.client.mixins.json is higher than the maximum level supported by this version of mixin (JAVA_13).
[14Sep2025 20:32:55.533] [main/DEBUG] [mixin/]: Adding mixin platform agents for container SecureJarResource(trender)
[14Sep2025 20:32:55.533] [main/DEBUG] [mixin/]: Instancing new MixinPlatformAgentMinecraftForge for SecureJarResource(trender)
[14Sep2025 20:32:55.533] [main/DEBUG] [mixin/]: MixinPlatformAgentMinecraftForge rejected container SecureJarResource(trender)
[14Sep2025 20:32:55.533] [main/DEBUG] [mixin/]: Instancing new MixinPlatformAgentDefault for SecureJarResource(trender)
[14Sep2025 20:32:55.533] [main/DEBUG] [mixin/]: MixinPlatformAgentDefault accepted container SecureJarResource(trender)
[14Sep2025 20:32:55.534] [main/DEBUG] [mixin/]: Processing prepare() for PlatformAgent[MixinPlatformAgentDefault:SecureJarResource(trender)]
[14Sep2025 20:32:55.534] [main/DEBUG] [mixin/]: Registering mixin config: trender.mixins.json
[14Sep2025 20:32:55.536] [main/DEBUG] [mixin/]: Compatibility level JAVA_16 specified by trender.mixins.json is higher than the maximum level supported by this version of mixin (JAVA_13).
[14Sep2025 20:32:55.536] [main/DEBUG] [mixin/]: Adding mixin platform agents for container SecureJarResource(paxi)
[14Sep2025 20:32:55.536] [main/DEBUG] [mixin/]: Instancing new MixinPlatformAgentMinecraftForge for SecureJarResource(paxi)
[14Sep2025 20:32:55.536] [main/DEBUG] [mixin/]: MixinPlatformAgentMinecraftForge rejected container SecureJarResource(paxi)
[14Sep2025 20:32:55.536] [main/DEBUG] [mixin/]: Instancing new MixinPlatformAgentDefault for SecureJarResource(paxi)
[14Sep2025 20:32:55.537] [main/DEBUG] [mixin/]: MixinPlatformAgentDefault accepted container SecureJarResource(paxi)
[14Sep2025 20:32:55.537] [main/DEBUG] [mixin/]: Processing prepare() for PlatformAgent[MixinPlatformAgentDefault:SecureJarResource(paxi)]
[14Sep2025 20:32:55.537] [main/DEBUG] [mixin/]: Registering mixin config: paxi.mixins.json
[14Sep2025 20:32:55.603] [main/DEBUG] [mixin/]: Registering mixin config: paxi_forge.mixins.json
[14Sep2025 20:32:55.605] [main/DEBUG] [mixin/]: Adding mixin platform agents for container SecureJarResource(immersive_weathering)
[14Sep2025 20:32:55.605] [main/DEBUG] [mixin/]: Instancing new MixinPlatformAgentMinecraftForge for SecureJarResource(immersive_weathering)
[14Sep2025 20:32:55.605] [main/DEBUG] [mixin/]: MixinPlatformAgentMinecraftForge rejected container SecureJarResource(immersive_weathering)
[14Sep2025 20:32:55.606] [main/DEBUG] [mixin/]: Instancing new MixinPlatformAgentDefault for SecureJarResource(immersive_weathering)
[14Sep2025 20:32:55.606] [main/DEBUG] [mixin/]: MixinPlatformAgentDefault accepted container SecureJarResource(immersive_weathering)
[14Sep2025 20:32:55.606] [main/DEBUG] [mixin/]: Processing prepare() for PlatformAgent[MixinPlatformAgentDefault:SecureJarResource(immersive_weathering)]
[14Sep2025 20:32:55.606] [main/DEBUG] [mixin/]: Registering mixin config: immersive_weathering-common.mixins.json
[14Sep2025 20:32:55.608] [main/DEBUG] [mixin/]: Registering mixin config: immersive_weathering.mixins.json
[14Sep2025 20:32:55.610] [main/DEBUG] [mixin/]: Compatibility level JAVA_16 specified by immersive_weathering.mixins.json is higher than the maximum level supported by this version of mixin (JAVA_13).
[14Sep2025 20:32:55.610] [main/DEBUG] [mixin/]: Adding mixin platform agents for container SecureJarResource(keerdm_zombie_essentials)
[14Sep2025 20:32:55.610] [main/DEBUG] [mixin/]: Instancing new MixinPlatformAgentMinecraftForge for SecureJarResource(keerdm_zombie_essentials)
[14Sep2025 20:32:55.610] [main/DEBUG] [mixin/]: MixinPlatformAgentMinecraftForge rejected container SecureJarResource(keerdm_zombie_essentials)
[14Sep2025 20:32:55.611] [main/DEBUG] [mixin/]: Instancing new MixinPlatformAgentDefault for SecureJarResource(keerdm_zombie_essentials)
[14Sep2025 20:32:55.611] [main/DEBUG] [mixin/]: MixinPlatformAgentDefault accepted container SecureJarResource(keerdm_zombie_essentials)
[14Sep2025 20:32:55.611] [main/DEBUG] [mixin/]: Processing prepare() for PlatformAgent[MixinPlatformAgentDefault:SecureJarResource(keerdm_zombie_essentials)]
[14Sep2025 20:32:55.611] [main/DEBUG] [mixin/]: Adding mixin platform agents for container SecureJarResource(fabric_rendering_v1)
[14Sep2025 20:32:55.611] [main/DEBUG] [mixin/]: Instancing new MixinPlatformAgentMinecraftForge for SecureJarResource(fabric_rendering_v1)
[14Sep2025 20:32:55.611] [main/DEBUG] [mixin/]: MixinPlatformAgentMinecraftForge rejected container SecureJarResource(fabric_rendering_v1)
[14Sep2025 20:32:55.611] [main/DEBUG] [mixin/]: Instancing new MixinPlatformAgentDefault for SecureJarResource(fabric_rendering_v1)
[14Sep2025 20:32:55.612] [main/DEBUG] [mixin/]: MixinPlatformAgentDefault accepted container SecureJarResource(fabric_rendering_v1)
[14Sep2025 20:32:55.612] [main/DEBUG] [mixin/]: Processing prepare() for PlatformAgent[MixinPlatformAgentDefault:SecureJarResource(fabric_rendering_v1)]
[14Sep2025 20:32:55.612] [main/DEBUG] [mixin/]: Registering mixin config: fabric-rendering-v1.mixins.json
[14Sep2025 20:32:55.614] [main/DEBUG] [mixin/]: Compatibility level JAVA_16 specified by fabric-rendering-v1.mixins.json is higher than the maximum level supported by this version of mixin (JAVA_13).
[14Sep2025 20:32:55.614] [main/DEBUG] [mixin/]: Adding mixin platform agents for container SecureJarResource(marbledsarsenal)
[14Sep2025 20:32:55.614] [main/DEBUG] [mixin/]: Instancing new MixinPlatformAgentMinecraftForge for SecureJarResource(marbledsarsenal)
[14Sep2025 20:32:55.614] [main/DEBUG] [mixin/]: MixinPlatformAgentMinecraftForge rejected container SecureJarResource(marbledsarsenal)
[14Sep2025 20:32:55.614] [main/DEBUG] [mixin/]: Instancing new MixinPlatformAgentDefault for SecureJarResource(marbledsarsenal)
[14Sep2025 20:32:55.615] [main/DEBUG] [mixin/]: MixinPlatformAgentDefault accepted container SecureJarResource(marbledsarsenal)
[14Sep2025 20:32:55.615] [main/DEBUG] [mixin/]: Processing prepare() for PlatformAgent[MixinPlatformAgentDefault:SecureJarResource(marbledsarsenal)]
[14Sep2025 20:32:55.615] [main/DEBUG] [mixin/]: Adding mixin platform agents for container SecureJarResource(fabric_renderer_indigo)
[14Sep2025 20:32:55.615] [main/DEBUG] [mixin/]: Instancing new MixinPlatformAgentMinecraftForge for SecureJarResource(fabric_renderer_indigo)
[14Sep2025 20:32:55.615] [main/DEBUG] [mixin/]: MixinPlatformAgentMinecraftForge rejected container SecureJarResource(fabric_renderer_indigo)
[14Sep2025 20:32:55.615] [main/DEBUG] [mixin/]: Instancing new MixinPlatformAgentDefault for SecureJarResource(fabric_renderer_indigo)
[14Sep2025 20:32:55.615] [main/DEBUG] [mixin/]: MixinPlatformAgentDefault accepted container SecureJarResource(fabric_renderer_indigo)
[14Sep2025 20:32:55.615] [main/DEBUG] [mixin/]: Processing prepare() for PlatformAgent[MixinPlatformAgentDefault:SecureJarResource(fabric_renderer_indigo)]
[14Sep2025 20:32:55.615] [main/DEBUG] [mixin/]: Registering mixin config: fabric-renderer-indigo.mixins.json
[14Sep2025 20:32:55.617] [main/DEBUG] [mixin/]: Compatibility level JAVA_16 specified by fabric-renderer-indigo.mixins.json is higher than the maximum level supported by this version of mixin (JAVA_13).
[14Sep2025 20:32:55.617] [main/DEBUG] [mixin/]: Adding mixin platform agents for container SecureJarResource(fallingleaves)
[14Sep2025 20:32:55.617] [main/DEBUG] [mixin/]: Instancing new MixinPlatformAgentMinecraftForge for SecureJarResource(fallingleaves)
[14Sep2025 20:32:55.617] [main/DEBUG] [mixin/]: MixinPlatformAgentMinecraftForge rejected container SecureJarResource(fallingleaves)
[14Sep2025 20:32:55.618] [main/DEBUG] [mixin/]: Instancing new MixinPlatformAgentDefault for SecureJarResource(fallingleaves)
[14Sep2025 20:32:55.618] [main/DEBUG] [mixin/]: MixinPlatformAgentDefault accepted container SecureJarResource(fallingleaves)
[14Sep2025 20:32:55.618] [main/DEBUG] [mixin/]: Processing prepare() for PlatformAgent[MixinPlatformAgentDefault:SecureJarResource(fallingleaves)]
[14Sep2025 20:32:55.618] [main/DEBUG] [mixin/]: Registering mixin config: fallingleaves.mixins.json
[14Sep2025 20:32:55.620] [main/DEBUG] [mixin/]: Adding mixin platform agents for container SecureJarResource(structory)
[14Sep2025 20:32:55.620] [main/DEBUG] [mixin/]: Instancing new MixinPlatformAgentMinecraftForge for SecureJarResource(structory)
[14Sep2025 20:32:55.620] [main/DEBUG] [mixin/]: MixinPlatformAgentMinecraftForge rejected container SecureJarResource(structory)
[14Sep2025 20:32:55.620] [main/DEBUG] [mixin/]: Instancing new MixinPlatformAgentDefault for SecureJarResource(structory)
[14Sep2025 20:32:55.620] [main/DEBUG] [mixin/]: MixinPlatformAgentDefault accepted container SecureJarResource(structory)
[14Sep2025 20:32:55.620] [main/DEBUG] [mixin/]: Processing prepare() for PlatformAgent[MixinPlatformAgentDefault:SecureJarResource(structory)]
[14Sep2025 20:32:55.620] [main/DEBUG] [mixin/]: Adding mixin platform agents for container SecureJarResource(fabric_mining_level_api_v1)
[14Sep2025 20:32:55.620] [main/DEBUG] [mixin/]: Instancing new MixinPlatformAgentMinecraftForge for SecureJarResource(fabric_mining_level_api_v1)
[14Sep2025 20:32:55.620] [main/DEBUG] [mixin/]: MixinPlatformAgentMinecraftForge rejected container SecureJarResource(fabric_mining_level_api_v1)
[14Sep2025 20:32:55.620] [main/DEBUG] [mixin/]: Instancing new MixinPlatformAgentDefault for SecureJarResource(fabric_mining_level_api_v1)
[14Sep2025 20:32:55.620] [main/DEBUG] [mixin/]: MixinPlatformAgentDefault accepted container SecureJarResource(fabric_mining_level_api_v1)
[14Sep2025 20:32:55.620] [main/DEBUG] [mixin/]: Processing prepare() for PlatformAgent[MixinPlatformAgentDefault:SecureJarResource(fabric_mining_level_api_v1)]
[14Sep2025 20:32:55.620] [main/DEBUG] [mixin/]: Registering mixin config: fabric-mining-level-api-v1.mixins.json
[14Sep2025 20:32:55.622] [main/DEBUG] [mixin/]: Compatibility level JAVA_16 specified by fabric-mining-level-api-v1.mixins.json is higher than the maximum level supported by this version of mixin (JAVA_13).
[14Sep2025 20:32:55.622] [main/DEBUG] [mixin/]: Adding mixin platform agents for container SecureJarResource(naturescompass)
[14Sep2025 20:32:55.622] [main/DEBUG] [mixin/]: Instancing new MixinPlatformAgentMinecraftForge for SecureJarResource(naturescompass)
[14Sep2025 20:32:55.622] [main/DEBUG] [mixin/]: MixinPlatformAgentMinecraftForge rejected container SecureJarResource(naturescompass)
[14Sep2025 20:32:55.622] [main/DEBUG] [mixin/]: Instancing new MixinPlatformAgentDefault for SecureJarResource(naturescompass)
[14Sep2025 20:32:55.622] [main/DEBUG] [mixin/]: MixinPlatformAgentDefault accepted container SecureJarResource(naturescompass)
[14Sep2025 20:32:55.622] [main/DEBUG] [mixin/]: Processing prepare() for PlatformAgent[MixinPlatformAgentDefault:SecureJarResource(naturescompass)]
[14Sep2025 20:32:55.622] [main/DEBUG] [mixin/]: Adding mixin platform agents for container SecureJarResource(configured)
[14Sep2025 20:32:55.622] [main/DEBUG] [mixin/]: Instancing new MixinPlatformAgentMinecraftForge for SecureJarResource(configured)
[14Sep2025 20:32:55.622] [main/DEBUG] [mixin/]: MixinPlatformAgentMinecraftForge rejected container SecureJarResource(configured)
[14Sep2025 20:32:55.622] [main/DEBUG] [mixin/]: Instancing new MixinPlatformAgentDefault for SecureJarResource(configured)
[14Sep2025 20:32:55.622] [main/DEBUG] [mixin/]: MixinPlatformAgentDefault accepted container SecureJarResource(configured)
[14Sep2025 20:32:55.623] [main/DEBUG] [mixin/]: Processing prepare() for PlatformAgent[MixinPlatformAgentDefault:SecureJarResource(configured)]
[14Sep2025 20:32:55.623] [main/DEBUG] [mixin/]: Registering mixin config: configured.common.mixins.json
[14Sep2025 20:32:55.624] [main/DEBUG] [mixin/]: Adding mixin platform agents for container SecureJarResource(mcore)
[14Sep2025 20:32:55.624] [main/DEBUG] [mixin/]: Instancing new MixinPlatformAgentMinecraftForge for SecureJarResource(mcore)
[14Sep2025 20:32:55.624] [main/DEBUG] [mixin/]: MixinPlatformAgentMinecraftForge rejected container SecureJarResource(mcore)
[14Sep2025 20:32:55.624] [main/DEBUG] [mixin/]: Instancing new MixinPlatformAgentDefault for SecureJarResource(mcore)
[14Sep2025 20:32:55.624] [main/DEBUG] [mixin/]: MixinPlatformAgentDefault accepted container SecureJarResource(mcore)
[14Sep2025 20:32:55.625] [main/DEBUG] [mixin/]: Processing prepare() for PlatformAgent[MixinPlatformAgentDefault:SecureJarResource(mcore)]
[14Sep2025 20:32:55.625] [main/DEBUG] [mixin/]: Adding mixin platform agents for container SecureJarResource(myserveriscompatible)
[14Sep2025 20:32:55.625] [main/DEBUG] [mixin/]: Instancing new MixinPlatformAgentMinecraftForge for SecureJarResource(myserveriscompatible)
[14Sep2025 20:32:55.625] [main/DEBUG] [mixin/]: MixinPlatformAgentMinecraftForge rejected container SecureJarResource(myserveriscompatible)
[14Sep2025 20:32:55.625] [main/DEBUG] [mixin/]: Instancing new MixinPlatformAgentDefault for SecureJarResource(myserveriscompatible)
[14Sep2025 20:32:55.625] [main/DEBUG] [mixin/]: MixinPlatformAgentDefault accepted container SecureJarResource(myserveriscompatible)
[14Sep2025 20:32:55.625] [main/DEBUG] [mixin/]: Processing prepare() for PlatformAgent[MixinPlatformAgentDefault:SecureJarResource(myserveriscompatible)]
[14Sep2025 20:32:55.625] [main/DEBUG] [mixin/]: Registering mixin config: myserveriscompatible.mixins.json
[14Sep2025 20:32:55.627] [main/DEBUG] [mixin/]: Adding mixin platform agents for container SecureJarResource(glitchcore)
[14Sep2025 20:32:55.627] [main/DEBUG] [mixin/]: Instancing new MixinPlatformAgentMinecraftForge for SecureJarResource(glitchcore)
[14Sep2025 20:32:55.627] [main/DEBUG] [mixin/]: MixinPlatformAgentMinecraftForge rejected container SecureJarResource(glitchcore)
[14Sep2025 20:32:55.627] [main/DEBUG] [mixin/]: Instancing new MixinPlatformAgentDefault for SecureJarResource(glitchcore)
[14Sep2025 20:32:55.627] [main/DEBUG] [mixin/]: MixinPlatformAgentDefault accepted container SecureJarResource(glitchcore)
[14Sep2025 20:32:55.627] [main/DEBUG] [mixin/]: Processing prepare() for PlatformAgent[MixinPlatformAgentDefault:SecureJarResource(glitchcore)]
[14Sep2025 20:32:55.627] [main/DEBUG] [mixin/]: Registering mixin config: glitchcore.mixins.json
[14Sep2025 20:32:55.629] [main/DEBUG] [mixin/]: Registering mixin config: glitchcore.forge.mixins.json
[14Sep2025 20:32:55.630] [main/DEBUG] [mixin/]: Adding mixin platform agents for container SecureJarResource(sereneseasons)
[14Sep2025 20:32:55.630] [main/DEBUG] [mixin/]: Instancing new MixinPlatformAgentMinecraftForge for SecureJarResource(sereneseasons)
[14Sep2025 20:32:55.630] [main/DEBUG] [mixin/]: MixinPlatformAgentMinecraftForge rejected container SecureJarResource(sereneseasons)
[14Sep2025 20:32:55.630] [main/DEBUG] [mixin/]: Instancing new MixinPlatformAgentDefault for SecureJarResource(sereneseasons)
[14Sep2025 20:32:55.630] [main/DEBUG] [mixin/]: MixinPlatformAgentDefault accepted container SecureJarResource(sereneseasons)
[14Sep2025 20:32:55.631] [main/DEBUG] [mixin/]: Processing prepare() for PlatformAgent[MixinPlatformAgentDefault:SecureJarResource(sereneseasons)]
[14Sep2025 20:32:55.631] [main/DEBUG] [mixin/]: Registering mixin config: sereneseasons.mixins.json
[14Sep2025 20:32:55.633] [main/DEBUG] [mixin/]: Registering mixin config: sereneseasons.forge.mixins.json
[14Sep2025 20:32:55.635] [main/DEBUG] [mixin/]: Adding mixin platform agents for container SecureJarResource(terralith)
[14Sep2025 20:32:55.637] [main/DEBUG] [mixin/]: Instancing new MixinPlatformAgentMinecraftForge for SecureJarResource(terralith)
[14Sep2025 20:32:55.637] [main/DEBUG] [mixin/]: MixinPlatformAgentMinecraftForge rejected container SecureJarResource(terralith)
[14Sep2025 20:32:55.637] [main/DEBUG] [mixin/]: Instancing new MixinPlatformAgentDefault for SecureJarResource(terralith)
[14Sep2025 20:32:55.637] [main/DEBUG] [mixin/]: MixinPlatformAgentDefault accepted container SecureJarResource(terralith)
[14Sep2025 20:32:55.637] [main/DEBUG] [mixin/]: Processing prepare() for PlatformAgent[MixinPlatformAgentDefault:SecureJarResource(terralith)]
[14Sep2025 20:32:55.637] [main/DEBUG] [mixin/]: Adding mixin platform agents for container SecureJarResource(fabric_particles_v1)
[14Sep2025 20:32:55.637] [main/DEBUG] [mixin/]: Instancing new MixinPlatformAgentMinecraftForge for SecureJarResource(fabric_particles_v1)
[14Sep2025 20:32:55.638] [main/DEBUG] [mixin/]: MixinPlatformAgentMinecraftForge rejected container SecureJarResource(fabric_particles_v1)
[14Sep2025 20:32:55.638] [main/DEBUG] [mixin/]: Instancing new MixinPlatformAgentDefault for SecureJarResource(fabric_particles_v1)
[14Sep2025 20:32:55.638] [main/DEBUG] [mixin/]: MixinPlatformAgentDefault accepted container SecureJarResource(fabric_particles_v1)
[14Sep2025 20:32:55.638] [main/DEBUG] [mixin/]: Processing prepare() for PlatformAgent[MixinPlatformAgentDefault:SecureJarResource(fabric_particles_v1)]
[14Sep2025 20:32:55.638] [main/DEBUG] [mixin/]: Registering mixin config: fabric-particles-v1.client.mixins.json
[14Sep2025 20:32:55.640] [main/DEBUG] [mixin/]: Compatibility level JAVA_16 specified by fabric-particles-v1.client.mixins.json is higher than the maximum level supported by this version of mixin (JAVA_13).
[14Sep2025 20:32:55.643] [main/DEBUG] [mixin/]: Adding mixin platform agents for container SecureJarResource(forge)
[14Sep2025 20:32:55.643] [main/DEBUG] [mixin/]: Instancing new MixinPlatformAgentMinecraftForge for SecureJarResource(forge)
[14Sep2025 20:32:55.643] [main/DEBUG] [mixin/]: MixinPlatformAgentMinecraftForge rejected container SecureJarResource(forge)
[14Sep2025 20:32:55.643] [main/DEBUG] [mixin/]: Instancing new MixinPlatformAgentDefault for SecureJarResource(forge)
[14Sep2025 20:32:55.643] [main/DEBUG] [mixin/]: MixinPlatformAgentDefault accepted container SecureJarResource(forge)
[14Sep2025 20:32:55.643] [main/DEBUG] [mixin/]: Processing prepare() for PlatformAgent[MixinPlatformAgentDefault:SecureJarResource(forge)]
[14Sep2025 20:32:55.643] [main/DEBUG] [mixin/]: Adding mixin platform agents for container SecureJarResource(fabric_transitive_access_wideners_v1)
[14Sep2025 20:32:55.643] [main/DEBUG] [mixin/]: Instancing new MixinPlatformAgentMinecraftForge for SecureJarResource(fabric_transitive_access_wideners_v1)
[14Sep2025 20:32:55.643] [main/DEBUG] [mixin/]: MixinPlatformAgentMinecraftForge rejected container SecureJarResource(fabric_transitive_access_wideners_v1)
[14Sep2025 20:32:55.643] [main/DEBUG] [mixin/]: Instancing new MixinPlatformAgentDefault for SecureJarResource(fabric_transitive_access_wideners_v1)
[14Sep2025 20:32:55.643] [main/DEBUG] [mixin/]: MixinPlatformAgentDefault accepted container SecureJarResource(fabric_transitive_access_wideners_v1)
[14Sep2025 20:32:55.643] [main/DEBUG] [mixin/]: Processing prepare() for PlatformAgent[MixinPlatformAgentDefault:SecureJarResource(fabric_transitive_access_wideners_v1)]
[14Sep2025 20:32:55.643] [main/DEBUG] [mixin/]: Adding mixin platform agents for container SecureJarResource(fog)
[14Sep2025 20:32:55.644] [main/DEBUG] [mixin/]: Instancing new MixinPlatformAgentMinecraftForge for SecureJarResource(fog)
[14Sep2025 20:32:55.644] [main/DEBUG] [mixin/]: MixinPlatformAgentMinecraftForge rejected container SecureJarResource(fog)
[14Sep2025 20:32:55.644] [main/DEBUG] [mixin/]: Instancing new MixinPlatformAgentDefault for SecureJarResource(fog)
[14Sep2025 20:32:55.644] [main/DEBUG] [mixin/]: MixinPlatformAgentDefault accepted container SecureJarResource(fog)
[14Sep2025 20:32:55.644] [main/DEBUG] [mixin/]: Processing prepare() for PlatformAgent[MixinPlatformAgentDefault:SecureJarResource(fog)]
[14Sep2025 20:32:55.644] [main/DEBUG] [mixin/]: Registering mixin config: fog.mixins.json
[14Sep2025 20:32:55.645] [main/DEBUG] [mixin/]: Adding mixin platform agents for container SecureJarResource(minecraft)
[14Sep2025 20:32:55.648] [main/DEBUG] [mixin/]: Instancing new MixinPlatformAgentMinecraftForge for SecureJarResource(minecraft)
[14Sep2025 20:32:55.648] [main/DEBUG] [mixin/]: MixinPlatformAgentMinecraftForge rejected container SecureJarResource(minecraft)
[14Sep2025 20:32:55.648] [main/DEBUG] [mixin/]: Instancing new MixinPlatformAgentDefault for SecureJarResource(minecraft)
[14Sep2025 20:32:55.648] [main/DEBUG] [mixin/]: MixinPlatformAgentDefault accepted container SecureJarResource(minecraft)
[14Sep2025 20:32:55.648] [main/DEBUG] [mixin/]: Processing prepare() for PlatformAgent[MixinPlatformAgentDefault:SecureJarResource(minecraft)]
[14Sep2025 20:32:55.648] [main/DEBUG] [mixin/]: Adding mixin platform agents for container SecureJarResource(butcher)
[14Sep2025 20:32:55.648] [main/DEBUG] [mixin/]: Instancing new MixinPlatformAgentMinecraftForge for SecureJarResource(butcher)
[14Sep2025 20:32:55.648] [main/DEBUG] [mixin/]: MixinPlatformAgentMinecraftForge rejected container SecureJarResource(butcher)
[14Sep2025 20:32:55.648] [main/DEBUG] [mixin/]: Instancing new MixinPlatformAgentDefault for SecureJarResource(butcher)
[14Sep2025 20:32:55.648] [main/DEBUG] [mixin/]: MixinPlatformAgentDefault accepted container SecureJarResource(butcher)
[14Sep2025 20:32:55.648] [main/DEBUG] [mixin/]: Processing prepare() for PlatformAgent[MixinPlatformAgentDefault:SecureJarResource(butcher)]
[14Sep2025 20:32:55.648] [main/DEBUG] [mixin/]: Adding mixin platform agents for container SecureJarResource(realmrpg_skeletons)
[14Sep2025 20:32:55.648] [main/DEBUG] [mixin/]: Instancing new MixinPlatformAgentMinecraftForge for SecureJarResource(realmrpg_skeletons)
[14Sep2025 20:32:55.648] [main/DEBUG] [mixin/]: MixinPlatformAgentMinecraftForge rejected container SecureJarResource(realmrpg_skeletons)
[14Sep2025 20:32:55.648] [main/DEBUG] [mixin/]: Instancing new MixinPlatformAgentDefault for SecureJarResource(realmrpg_skeletons)
[14Sep2025 20:32:55.648] [main/DEBUG] [mixin/]: MixinPlatformAgentDefault accepted container SecureJarResource(realmrpg_skeletons)
[14Sep2025 20:32:55.648] [main/DEBUG] [mixin/]: Processing prepare() for PlatformAgent[MixinPlatformAgentDefault:SecureJarResource(realmrpg_skeletons)]
[14Sep2025 20:32:55.648] [main/DEBUG] [mixin/]: Adding mixin platform agents for container SecureJarResource(realistictorches)
[14Sep2025 20:32:55.648] [main/DEBUG] [mixin/]: Instancing new MixinPlatformAgentMinecraftForge for SecureJarResource(realistictorches)
[14Sep2025 20:32:55.649] [main/DEBUG] [mixin/]: MixinPlatformAgentMinecraftForge rejected container SecureJarResource(realistictorches)
[14Sep2025 20:32:55.649] [main/DEBUG] [mixin/]: Instancing new MixinPlatformAgentDefault for SecureJarResource(realistictorches)
[14Sep2025 20:32:55.649] [main/DEBUG] [mixin/]: MixinPlatformAgentDefault accepted container SecureJarResource(realistictorches)
[14Sep2025 20:32:55.649] [main/DEBUG] [mixin/]: Processing prepare() for PlatformAgent[MixinPlatformAgentDefault:SecureJarResource(realistictorches)]
[14Sep2025 20:32:55.649] [main/DEBUG] [mixin/]: Adding mixin platform agents for container SecureJarResource(emi)
[14Sep2025 20:32:55.649] [main/DEBUG] [mixin/]: Instancing new MixinPlatformAgentMinecraftForge for SecureJarResource(emi)
[14Sep2025 20:32:55.649] [main/DEBUG] [mixin/]: MixinPlatformAgentMinecraftForge rejected container SecureJarResource(emi)
[14Sep2025 20:32:55.649] [main/DEBUG] [mixin/]: Instancing new MixinPlatformAgentDefault for SecureJarResource(emi)
[14Sep2025 20:32:55.649] [main/DEBUG] [mixin/]: MixinPlatformAgentDefault accepted container SecureJarResource(emi)
[14Sep2025 20:32:55.649] [main/DEBUG] [mixin/]: Processing prepare() for PlatformAgent[MixinPlatformAgentDefault:SecureJarResource(emi)]
[14Sep2025 20:32:55.649] [main/DEBUG] [mixin/]: Registering mixin config: emi.mixins.json
[14Sep2025 20:32:55.653] [main/DEBUG] [mixin/]: Registering mixin config: emi-forge.mixins.json
[14Sep2025 20:32:55.655] [main/DEBUG] [mixin/]: Adding mixin platform agents for container SecureJarResource(voicechat)
[14Sep2025 20:32:55.656] [main/DEBUG] [mixin/]: Instancing new MixinPlatformAgentMinecraftForge for SecureJarResource(voicechat)
[14Sep2025 20:32:55.657] [main/DEBUG] [mixin/]: MixinPlatformAgentMinecraftForge rejected container SecureJarResource(voicechat)
[14Sep2025 20:32:55.657] [main/DEBUG] [mixin/]: Instancing new MixinPlatformAgentDefault for SecureJarResource(voicechat)
[14Sep2025 20:32:55.657] [main/DEBUG] [mixin/]: MixinPlatformAgentDefault accepted container SecureJarResource(voicechat)
[14Sep2025 20:32:55.657] [main/DEBUG] [mixin/]: Processing prepare() for PlatformAgent[MixinPlatformAgentDefault:SecureJarResource(voicechat)]
[14Sep2025 20:32:55.657] [main/DEBUG] [mixin/]: Adding mixin platform agents for container SecureJarResource(sound_physics_remastered)
[14Sep2025 20:32:55.657] [main/DEBUG] [mixin/]: Instancing new MixinPlatformAgentMinecraftForge for SecureJarResource(sound_physics_remastered)
[14Sep2025 20:32:55.657] [main/DEBUG] [mixin/]: MixinPlatformAgentMinecraftForge rejected container SecureJarResource(sound_physics_remastered)
[14Sep2025 20:32:55.657] [main/DEBUG] [mixin/]: Instancing new MixinPlatformAgentDefault for SecureJarResource(sound_physics_remastered)
[14Sep2025 20:32:55.657] [main/DEBUG] [mixin/]: MixinPlatformAgentDefault accepted container SecureJarResource(sound_physics_remastered)
[14Sep2025 20:32:55.657] [main/DEBUG] [mixin/]: Processing prepare() for PlatformAgent[MixinPlatformAgentDefault:SecureJarResource(sound_physics_remastered)]
[14Sep2025 20:32:55.657] [main/DEBUG] [mixin/]: Adding mixin platform agents for container SecureJarResource(moonlight)
[14Sep2025 20:32:55.657] [main/DEBUG] [mixin/]: Instancing new MixinPlatformAgentMinecraftForge for SecureJarResource(moonlight)
[14Sep2025 20:32:55.657] [main/DEBUG] [mixin/]: MixinPlatformAgentMinecraftForge rejected container SecureJarResource(moonlight)
[14Sep2025 20:32:55.657] [main/DEBUG] [mixin/]: Instancing new MixinPlatformAgentDefault for SecureJarResource(moonlight)
[14Sep2025 20:32:55.657] [main/DEBUG] [mixin/]: MixinPlatformAgentDefault accepted container SecureJarResource(moonlight)
[14Sep2025 20:32:55.657] [main/DEBUG] [mixin/]: Processing prepare() for PlatformAgent[MixinPlatformAgentDefault:SecureJarResource(moonlight)]
[14Sep2025 20:32:55.657] [main/DEBUG] [mixin/]: Registering mixin config: moonlight-common.mixins.json
[14Sep2025 20:32:55.656] [pool-3-thread-1/DEBUG] [org.groovymc.gml.internal.GMLLangProvider/]: Found GMod entry-point class org.groovymc.gml.mod.GMLMod for mod gml
[14Sep2025 20:32:55.662] [main/DEBUG] [mixin/]: Registering mixin config: moonlight.mixins.json
[14Sep2025 20:32:55.664] [main/DEBUG] [mixin/]: Adding mixin platform agents for container SecureJarResource(fabric_api_base)
[14Sep2025 20:32:55.664] [main/DEBUG] [mixin/]: Instancing new MixinPlatformAgentMinecraftForge for SecureJarResource(fabric_api_base)
[14Sep2025 20:32:55.664] [main/DEBUG] [mixin/]: MixinPlatformAgentMinecraftForge rejected container SecureJarResource(fabric_api_base)
[14Sep2025 20:32:55.664] [main/DEBUG] [mixin/]: Instancing new MixinPlatformAgentDefault for SecureJarResource(fabric_api_base)
[14Sep2025 20:32:55.664] [main/DEBUG] [mixin/]: MixinPlatformAgentDefault accepted container SecureJarResource(fabric_api_base)
[14Sep2025 20:32:55.664] [main/DEBUG] [mixin/]: Processing prepare() for PlatformAgent[MixinPlatformAgentDefault:SecureJarResource(fabric_api_base)]
[14Sep2025 20:32:55.664] [main/DEBUG] [mixin/]: Registering mixin config: fabric-api-base.init.mixins.json
[14Sep2025 20:32:55.666] [main/DEBUG] [mixin/]: Adding mixin platform agents for container SecureJarResource(fabric_blockrenderlayer_v1)
[14Sep2025 20:32:55.669] [main/DEBUG] [mixin/]: Instancing new MixinPlatformAgentMinecraftForge for SecureJarResource(fabric_blockrenderlayer_v1)
[14Sep2025 20:32:55.669] [main/DEBUG] [mixin/]: MixinPlatformAgentMinecraftForge rejected container SecureJarResource(fabric_blockrenderlayer_v1)
[14Sep2025 20:32:55.669] [main/DEBUG] [mixin/]: Instancing new MixinPlatformAgentDefault for SecureJarResource(fabric_blockrenderlayer_v1)
[14Sep2025 20:32:55.669] [main/DEBUG] [mixin/]: MixinPlatformAgentDefault accepted container SecureJarResource(fabric_blockrenderlayer_v1)
[14Sep2025 20:32:55.669] [main/DEBUG] [mixin/]: Processing prepare() for PlatformAgent[MixinPlatformAgentDefault:SecureJarResource(fabric_blockrenderlayer_v1)]
[14Sep2025 20:32:55.669] [main/DEBUG] [mixin/]: Registering mixin config: fabric-blockrenderlayer-v1.mixins.json
[14Sep2025 20:32:55.671] [main/DEBUG] [mixin/]: Adding mixin platform agents for container SecureJarResource(jade)
[14Sep2025 20:32:55.674] [main/DEBUG] [mixin/]: Instancing new MixinPlatformAgentMinecraftForge for SecureJarResource(jade)
[14Sep2025 20:32:55.674] [main/DEBUG] [mixin/]: MixinPlatformAgentMinecraftForge rejected container SecureJarResource(jade)
[14Sep2025 20:32:55.674] [main/DEBUG] [mixin/]: Instancing new MixinPlatformAgentDefault for SecureJarResource(jade)
[14Sep2025 20:32:55.674] [main/DEBUG] [mixin/]: MixinPlatformAgentDefault accepted container SecureJarResource(jade)
[14Sep2025 20:32:55.674] [main/DEBUG] [mixin/]: Processing prepare() for PlatformAgent[MixinPlatformAgentDefault:SecureJarResource(jade)]
[14Sep2025 20:32:55.674] [main/DEBUG] [mixin/]: Registering mixin config: jade.mixins.json
[14Sep2025 20:32:55.676] [main/DEBUG] [mixin/]: Compatibility level JAVA_16 specified by jade.mixins.json is higher than the maximum level supported by this version of mixin (JAVA_13).
[14Sep2025 20:32:55.676] [main/DEBUG] [mixin/]: Adding mixin platform agents for container SecureJarResource(creativecore)
[14Sep2025 20:32:55.676] [main/DEBUG] [mixin/]: Instancing new MixinPlatformAgentMinecraftForge for SecureJarResource(creativecore)
[14Sep2025 20:32:55.676] [main/DEBUG] [mixin/]: MixinPlatformAgentMinecraftForge rejected container SecureJarResource(creativecore)
[14Sep2025 20:32:55.676] [main/DEBUG] [mixin/]: Instancing new MixinPlatformAgentDefault for SecureJarResource(creativecore)
[14Sep2025 20:32:55.676] [main/DEBUG] [mixin/]: MixinPlatformAgentDefault accepted container SecureJarResource(creativecore)
[14Sep2025 20:32:55.676] [main/DEBUG] [mixin/]: Processing prepare() for PlatformAgent[MixinPlatformAgentDefault:SecureJarResource(creativecore)]
[14Sep2025 20:32:55.676] [main/DEBUG] [mixin/]: Registering mixin config: creativecore.mixins.json
[14Sep2025 20:32:55.681] [main/DEBUG] [mixin/]: Registering mixin config: creativecore.forge.mixins.json
[14Sep2025 20:32:55.683] [main/DEBUG] [mixin/]: Adding mixin platform agents for container SecureJarResource(fabric_block_api_v1)
[14Sep2025 20:32:55.686] [main/DEBUG] [mixin/]: Instancing new MixinPlatformAgentMinecraftForge for SecureJarResource(fabric_block_api_v1)
[14Sep2025 20:32:55.686] [main/DEBUG] [mixin/]: MixinPlatformAgentMinecraftForge rejected container SecureJarResource(fabric_block_api_v1)
[14Sep2025 20:32:55.686] [main/DEBUG] [mixin/]: Instancing new MixinPlatformAgentDefault for SecureJarResource(fabric_block_api_v1)
[14Sep2025 20:32:55.686] [main/DEBUG] [mixin/]: MixinPlatformAgentDefault accepted container SecureJarResource(fabric_block_api_v1)
[14Sep2025 20:32:55.686] [main/DEBUG] [mixin/]: Processing prepare() for PlatformAgent[MixinPlatformAgentDefault:SecureJarResource(fabric_block_api_v1)]
[14Sep2025 20:32:55.686] [main/DEBUG] [mixin/]: Adding mixin platform agents for container SecureJarResource(fabric_resource_conditions_api_v1)
[14Sep2025 20:32:55.686] [main/DEBUG] [mixin/]: Instancing new MixinPlatformAgentMinecraftForge for SecureJarResource(fabric_resource_conditions_api_v1)
[14Sep2025 20:32:55.686] [main/DEBUG] [mixin/]: MixinPlatformAgentMinecraftForge rejected container SecureJarResource(fabric_resource_conditions_api_v1)
[14Sep2025 20:32:55.686] [main/DEBUG] [mixin/]: Instancing new MixinPlatformAgentDefault for SecureJarResource(fabric_resource_conditions_api_v1)
[14Sep2025 20:32:55.686] [main/DEBUG] [mixin/]: MixinPlatformAgentDefault accepted container SecureJarResource(fabric_resource_conditions_api_v1)
[14Sep2025 20:32:55.686] [main/DEBUG] [mixin/]: Processing prepare() for PlatformAgent[MixinPlatformAgentDefault:SecureJarResource(fabric_resource_conditions_api_v1)]
[14Sep2025 20:32:55.686] [main/DEBUG] [mixin/]: Registering mixin config: fabric-resource-conditions-api-v1.mixins.json
[14Sep2025 20:32:55.688] [main/DEBUG] [mixin/]: Compatibility level JAVA_16 specified by fabric-resource-conditions-api-v1.mixins.json is higher than the maximum level supported by this version of mixin (JAVA_13).
[14Sep2025 20:32:55.688] [main/DEBUG] [mixin/]: Adding mixin platform agents for container SecureJarResource(fabric_item_group_api_v1)
[14Sep2025 20:32:55.688] [main/DEBUG] [mixin/]: Instancing new MixinPlatformAgentMinecraftForge for SecureJarResource(fabric_item_group_api_v1)
[14Sep2025 20:32:55.688] [main/DEBUG] [mixin/]: MixinPlatformAgentMinecraftForge rejected container SecureJarResource(fabric_item_group_api_v1)
[14Sep2025 20:32:55.688] [main/DEBUG] [mixin/]: Instancing new MixinPlatformAgentDefault for SecureJarResource(fabric_item_group_api_v1)
[14Sep2025 20:32:55.688] [main/DEBUG] [mixin/]: MixinPlatformAgentDefault accepted container SecureJarResource(fabric_item_group_api_v1)
[14Sep2025 20:32:55.688] [main/DEBUG] [mixin/]: Processing prepare() for PlatformAgent[MixinPlatformAgentDefault:SecureJarResource(fabric_item_group_api_v1)]
[14Sep2025 20:32:55.688] [main/DEBUG] [mixin/]: Registering mixin config: fabric-item-group-api-v1.mixins.json
[14Sep2025 20:32:55.690] [main/DEBUG] [mixin/]: Mixin config fabric-item-group-api-v1.mixins.json does not specify "minVersion" property
[14Sep2025 20:32:55.693] [main/DEBUG] [mixin/]: Registering mixin config: fabric-item-group-api-v1.client.mixins.json
[14Sep2025 20:32:55.696] [main/DEBUG] [mixin/]: Mixin config fabric-item-group-api-v1.client.mixins.json does not specify "minVersion" property
[14Sep2025 20:32:55.696] [main/DEBUG] [mixin/]: Adding mixin platform agents for container SecureJarResource(mobsunscreen)
[14Sep2025 20:32:55.696] [main/DEBUG] [mixin/]: Instancing new MixinPlatformAgentMinecraftForge for SecureJarResource(mobsunscreen)
[14Sep2025 20:32:55.696] [main/DEBUG] [mixin/]: MixinPlatformAgentMinecraftForge rejected container SecureJarResource(mobsunscreen)
[14Sep2025 20:32:55.696] [main/DEBUG] [mixin/]: Instancing new MixinPlatformAgentDefault for SecureJarResource(mobsunscreen)
[14Sep2025 20:32:55.696] [main/DEBUG] [mixin/]: MixinPlatformAgentDefault accepted container SecureJarResource(mobsunscreen)
[14Sep2025 20:32:55.699] [main/DEBUG] [mixin/]: Processing prepare() for PlatformAgent[MixinPlatformAgentDefault:SecureJarResource(mobsunscreen)]
[14Sep2025 20:32:55.699] [main/DEBUG] [mixin/]: Adding mixin platform agents for container SecureJarResource(securitycraft)
[14Sep2025 20:32:55.699] [main/DEBUG] [mixin/]: Instancing new MixinPlatformAgentMinecraftForge for SecureJarResource(securitycraft)
[14Sep2025 20:32:55.699] [main/DEBUG] [mixin/]: MixinPlatformAgentMinecraftForge rejected container SecureJarResource(securitycraft)
[14Sep2025 20:32:55.699] [main/DEBUG] [mixin/]: Instancing new MixinPlatformAgentDefault for SecureJarResource(securitycraft)
[14Sep2025 20:32:55.699] [main/DEBUG] [mixin/]: MixinPlatformAgentDefault accepted container SecureJarResource(securitycraft)
[14Sep2025 20:32:55.699] [main/DEBUG] [mixin/]: Processing prepare() for PlatformAgent[MixinPlatformAgentDefault:SecureJarResource(securitycraft)]
[14Sep2025 20:32:55.699] [main/DEBUG] [mixin/]: Registering mixin config: securitycraft.mixins.json
[14Sep2025 20:32:55.703] [main/DEBUG] [mixin/]: Adding mixin platform agents for container SecureJarResource(toughasnails)
[14Sep2025 20:32:55.703] [main/DEBUG] [mixin/]: Instancing new MixinPlatformAgentMinecraftForge for SecureJarResource(toughasnails)
[14Sep2025 20:32:55.703] [main/DEBUG] [mixin/]: MixinPlatformAgentMinecraftForge rejected container SecureJarResource(toughasnails)
[14Sep2025 20:32:55.706] [main/DEBUG] [mixin/]: Instancing new MixinPlatformAgentDefault for SecureJarResource(toughasnails)
[14Sep2025 20:32:55.706] [main/DEBUG] [mixin/]: MixinPlatformAgentDefault accepted container SecureJarResource(toughasnails)
[14Sep2025 20:32:55.706] [main/DEBUG] [mixin/]: Processing prepare() for PlatformAgent[MixinPlatformAgentDefault:SecureJarResource(toughasnails)]
[14Sep2025 20:32:55.706] [main/DEBUG] [mixin/]: Registering mixin config: toughasnails.mixins.json
[14Sep2025 20:32:55.708] [main/DEBUG] [mixin/]: Registering mixin config: toughasnails.forge.mixins.json
[14Sep2025 20:32:55.709] [main/DEBUG] [mixin/]: Adding mixin platform agents for container SecureJarResource(entityculling)
[14Sep2025 20:32:55.709] [main/DEBUG] [mixin/]: Instancing new MixinPlatformAgentMinecraftForge for SecureJarResource(entityculling)
[14Sep2025 20:32:55.709] [main/DEBUG] [mixin/]: MixinPlatformAgentMinecraftForge rejected container SecureJarResource(entityculling)
[14Sep2025 20:32:55.709] [main/DEBUG] [mixin/]: Instancing new MixinPlatformAgentDefault for SecureJarResource(entityculling)
[14Sep2025 20:32:55.709] [main/DEBUG] [mixin/]: MixinPlatformAgentDefault accepted container SecureJarResource(entityculling)
[14Sep2025 20:32:55.710] [main/DEBUG] [mixin/]: Processing prepare() for PlatformAgent[MixinPlatformAgentDefault:SecureJarResource(entityculling)]
[14Sep2025 20:32:55.710] [main/DEBUG] [mixin/]: Registering mixin config: entityculling.mixins.json
[14Sep2025 20:32:55.711] [main/DEBUG] [mixin/]: Compatibility level JAVA_16 specified by entityculling.mixins.json is higher than the maximum level supported by this version of mixin (JAVA_13).
[14Sep2025 20:32:55.711] [main/DEBUG] [mixin/]: Adding mixin platform agents for container SecureJarResource(fabric_biome_api_v1)
[14Sep2025 20:32:55.711] [main/DEBUG] [mixin/]: Instancing new MixinPlatformAgentMinecraftForge for SecureJarResource(fabric_biome_api_v1)
[14Sep2025 20:32:55.711] [main/DEBUG] [mixin/]: MixinPlatformAgentMinecraftForge rejected container SecureJarResource(fabric_biome_api_v1)
[14Sep2025 20:32:55.712] [main/DEBUG] [mixin/]: Instancing new MixinPlatformAgentDefault for SecureJarResource(fabric_biome_api_v1)
[14Sep2025 20:32:55.712] [main/DEBUG] [mixin/]: MixinPlatformAgentDefault accepted container SecureJarResource(fabric_biome_api_v1)
[14Sep2025 20:32:55.712] [main/DEBUG] [mixin/]: Processing prepare() for PlatformAgent[MixinPlatformAgentDefault:SecureJarResource(fabric_biome_api_v1)]
[14Sep2025 20:32:55.712] [main/DEBUG] [mixin/]: Registering mixin config: fabric-biome-api-v1.mixins.json
[14Sep2025 20:32:55.713] [main/DEBUG] [mixin/]: Compatibility level JAVA_16 specified by fabric-biome-api-v1.mixins.json is higher than the maximum level supported by this version of mixin (JAVA_13).
[14Sep2025 20:32:55.713] [main/DEBUG] [mixin/]: Adding mixin platform agents for container SecureJarResource(fancymenu)
[14Sep2025 20:32:55.714] [main/DEBUG] [mixin/]: Instancing new MixinPlatformAgentMinecraftForge for SecureJarResource(fancymenu)
[14Sep2025 20:32:55.714] [main/DEBUG] [mixin/]: MixinPlatformAgentMinecraftForge rejected container SecureJarResource(fancymenu)
[14Sep2025 20:32:55.714] [main/DEBUG] [mixin/]: Instancing new MixinPlatformAgentDefault for SecureJarResource(fancymenu)
[14Sep2025 20:32:55.714] [main/DEBUG] [mixin/]: MixinPlatformAgentDefault accepted container SecureJarResource(fancymenu)
[14Sep2025 20:32:55.714] [main/DEBUG] [mixin/]: Processing prepare() for PlatformAgent[MixinPlatformAgentDefault:SecureJarResource(fancymenu)]
[14Sep2025 20:32:55.714] [main/DEBUG] [mixin/]: Registering mixin config: fancymenu.mixins.json
[14Sep2025 20:32:55.716] [main/DEBUG] [mixin/]: Registering mixin config: fancymenu.forge.mixins.json
[14Sep2025 20:32:55.717] [main/DEBUG] [mixin/]: Adding mixin platform agents for container SecureJarResource(fabric_registry_sync_v0)
[14Sep2025 20:32:55.717] [main/DEBUG] [mixin/]: Instancing new MixinPlatformAgentMinecraftForge for SecureJarResource(fabric_registry_sync_v0)
[14Sep2025 20:32:55.717] [main/DEBUG] [mixin/]: MixinPlatformAgentMinecraftForge rejected container SecureJarResource(fabric_registry_sync_v0)
[14Sep2025 20:32:55.717] [main/DEBUG] [mixin/]: Instancing new MixinPlatformAgentDefault for SecureJarResource(fabric_registry_sync_v0)
[14Sep2025 20:32:55.718] [main/DEBUG] [mixin/]: MixinPlatformAgentDefault accepted container SecureJarResource(fabric_registry_sync_v0)
[14Sep2025 20:32:55.718] [main/DEBUG] [mixin/]: Processing prepare() for PlatformAgent[MixinPlatformAgentDefault:SecureJarResource(fabric_registry_sync_v0)]
[14Sep2025 20:32:55.718] [main/DEBUG] [mixin/]: Registering mixin config: fabric-registry-sync-v0.mixins.json
[14Sep2025 20:32:55.719] [main/DEBUG] [mixin/]: Compatibility level JAVA_16 specified by fabric-registry-sync-v0.mixins.json is higher than the maximum level supported by this version of mixin (JAVA_13).
[14Sep2025 20:32:55.719] [main/DEBUG] [mixin/]: Registering mixin config: fabric-registry-sync-v0.client.mixins.json
[14Sep2025 20:32:55.721] [main/DEBUG] [mixin/]: Compatibility level JAVA_16 specified by fabric-registry-sync-v0.client.mixins.json is higher than the maximum level supported by this version of mixin (JAVA_13).
[14Sep2025 20:32:55.721] [main/DEBUG] [mixin/]: Adding mixin platform agents for container SecureJarResource(immediatelyfast)
[14Sep2025 20:32:55.721] [main/DEBUG] [mixin/]: Instancing new MixinPlatformAgentMinecraftForge for SecureJarResource(immediatelyfast)
[14Sep2025 20:32:55.721] [main/DEBUG] [mixin/]: MixinPlatformAgentMinecraftForge rejected container SecureJarResource(immediatelyfast)
[14Sep2025 20:32:55.721] [main/DEBUG] [mixin/]: Instancing new MixinPlatformAgentDefault for SecureJarResource(immediatelyfast)
[14Sep2025 20:32:55.721] [main/DEBUG] [mixin/]: MixinPlatformAgentDefault accepted container SecureJarResource(immediatelyfast)
[14Sep2025 20:32:55.721] [main/DEBUG] [mixin/]: Processing prepare() for PlatformAgent[MixinPlatformAgentDefault:SecureJarResource(immediatelyfast)]
[14Sep2025 20:32:55.722] [main/DEBUG] [mixin/]: Registering mixin config: immediatelyfast-forge.mixins.json
[14Sep2025 20:32:55.730] [main/DEBUG] [mixin/]: Registering mixin config: immediatelyfast-common.mixins.json
[14Sep2025 20:32:55.735] [main/DEBUG] [mixin/]: Adding mixin platform agents for container SecureJarResource(coroutil)
[14Sep2025 20:32:55.735] [main/DEBUG] [mixin/]: Instancing new MixinPlatformAgentMinecraftForge for SecureJarResource(coroutil)
[14Sep2025 20:32:55.735] [main/DEBUG] [mixin/]: MixinPlatformAgentMinecraftForge rejected container SecureJarResource(coroutil)
[14Sep2025 20:32:55.735] [main/DEBUG] [mixin/]: Instancing new MixinPlatformAgentDefault for SecureJarResource(coroutil)
[14Sep2025 20:32:55.735] [main/DEBUG] [mixin/]: MixinPlatformAgentDefault accepted container SecureJarResource(coroutil)
[14Sep2025 20:32:55.735] [main/DEBUG] [mixin/]: Processing prepare() for PlatformAgent[MixinPlatformAgentDefault:SecureJarResource(coroutil)]
[14Sep2025 20:32:55.735] [main/DEBUG] [mixin/]: Registering mixin config: coroutil.mixins.json
[14Sep2025 20:32:55.737] [main/DEBUG] [mixin/]: Adding mixin platform agents for container SecureJarResource(fabric_recipe_api_v1)
[14Sep2025 20:32:55.738] [main/DEBUG] [mixin/]: Instancing new MixinPlatformAgentMinecraftForge for SecureJarResource(fabric_recipe_api_v1)
[14Sep2025 20:32:55.738] [main/DEBUG] [mixin/]: MixinPlatformAgentMinecraftForge rejected container SecureJarResource(fabric_recipe_api_v1)
[14Sep2025 20:32:55.745] [main/DEBUG] [mixin/]: Instancing new MixinPlatformAgentDefault for SecureJarResource(fabric_recipe_api_v1)
[14Sep2025 20:32:55.745] [main/DEBUG] [mixin/]: MixinPlatformAgentDefault accepted container SecureJarResource(fabric_recipe_api_v1)
[14Sep2025 20:32:55.745] [main/DEBUG] [mixin/]: Processing prepare() for PlatformAgent[MixinPlatformAgentDefault:SecureJarResource(fabric_recipe_api_v1)]
[14Sep2025 20:32:55.745] [main/DEBUG] [mixin/]: Registering mixin config: fabric-recipe-api-v1.mixins.json
[14Sep2025 20:32:55.747] [main/DEBUG] [mixin/]: Adding mixin platform agents for container SecureJarResource(moremobvariants)
[14Sep2025 20:32:55.748] [main/DEBUG] [mixin/]: Instancing new MixinPlatformAgentMinecraftForge for SecureJarResource(moremobvariants)
[14Sep2025 20:32:55.748] [main/DEBUG] [mixin/]: MixinPlatformAgentMinecraftForge rejected container SecureJarResource(moremobvariants)
[14Sep2025 20:32:55.748] [main/DEBUG] [mixin/]: Instancing new MixinPlatformAgentDefault for SecureJarResource(moremobvariants)
[14Sep2025 20:32:55.748] [main/DEBUG] [mixin/]: MixinPlatformAgentDefault accepted container SecureJarResource(moremobvariants)
[14Sep2025 20:32:55.748] [main/DEBUG] [mixin/]: Processing prepare() for PlatformAgent[MixinPlatformAgentDefault:SecureJarResource(moremobvariants)]
[14Sep2025 20:32:55.748] [main/DEBUG] [mixin/]: Registering mixin config: moremobvariants.mixins.json
[14Sep2025 20:32:55.750] [main/DEBUG] [mixin/]: Adding mixin platform agents for container SecureJarResource(ferritecore)
[14Sep2025 20:32:55.753] [main/DEBUG] [mixin/]: Instancing new MixinPlatformAgentMinecraftForge for SecureJarResource(ferritecore)
[14Sep2025 20:32:55.753] [main/DEBUG] [mixin/]: MixinPlatformAgentMinecraftForge rejected container SecureJarResource(ferritecore)
[14Sep2025 20:32:55.753] [main/DEBUG] [mixin/]: Instancing new MixinPlatformAgentDefault for SecureJarResource(ferritecore)
[14Sep2025 20:32:55.753] [main/DEBUG] [mixin/]: MixinPlatformAgentDefault accepted container SecureJarResource(ferritecore)
[14Sep2025 20:32:55.753] [main/DEBUG] [mixin/]: Processing prepare() for PlatformAgent[MixinPlatformAgentDefault:SecureJarResource(ferritecore)]
[14Sep2025 20:32:55.753] [main/DEBUG] [mixin/]: Registering mixin config: ferritecore.predicates.mixin.json
[14Sep2025 20:32:55.757] [main/DEBUG] [mixin/]: Registering mixin config: ferritecore.fastmap.mixin.json
[14Sep2025 20:32:55.759] [main/DEBUG] [mixin/]: Registering mixin config: ferritecore.mrl.mixin.json
[14Sep2025 20:32:55.763] [main/DEBUG] [mixin/]: Registering mixin config: ferritecore.dedupmultipart.mixin.json
[14Sep2025 20:32:55.766] [main/DEBUG] [mixin/]: Registering mixin config: ferritecore.blockstatecache.mixin.json
[14Sep2025 20:32:55.768] [main/DEBUG] [mixin/]: Registering mixin config: ferritecore.dedupbakedquad.mixin.json
[14Sep2025 20:32:55.774] [main/DEBUG] [mixin/]: Registering mixin config: ferritecore.threaddetec.mixin.json
[14Sep2025 20:32:55.776] [main/DEBUG] [mixin/]: Registering mixin config: ferritecore.modelsides.mixin.json
[14Sep2025 20:32:55.780] [main/DEBUG] [mixin/]: Adding mixin platform agents for container SecureJarResource(fabric_object_builder_api_v1)
[14Sep2025 20:32:55.780] [main/DEBUG] [mixin/]: Instancing new MixinPlatformAgentMinecraftForge for SecureJarResource(fabric_object_builder_api_v1)
[14Sep2025 20:32:55.780] [main/DEBUG] [mixin/]: MixinPlatformAgentMinecraftForge rejected container SecureJarResource(fabric_object_builder_api_v1)
[14Sep2025 20:32:55.780] [main/DEBUG] [mixin/]: Instancing new MixinPlatformAgentDefault for SecureJarResource(fabric_object_builder_api_v1)
[14Sep2025 20:32:55.781] [main/DEBUG] [mixin/]: MixinPlatformAgentDefault accepted container SecureJarResource(fabric_object_builder_api_v1)
[14Sep2025 20:32:55.781] [main/DEBUG] [mixin/]: Processing prepare() for PlatformAgent[MixinPlatformAgentDefault:SecureJarResource(fabric_object_builder_api_v1)]
[14Sep2025 20:32:55.782] [main/DEBUG] [mixin/]: Registering mixin config: fabric-object-builder-v1.mixins.json
[14Sep2025 20:32:55.786] [main/DEBUG] [mixin/]: Compatibility level JAVA_16 specified by fabric-object-builder-v1.mixins.json is higher than the maximum level supported by this version of mixin (JAVA_13).
[14Sep2025 20:32:55.786] [main/DEBUG] [mixin/]: Adding mixin platform agents for container SecureJarResource(kirin)
[14Sep2025 20:32:55.787] [main/DEBUG] [mixin/]: Instancing new MixinPlatformAgentMinecraftForge for SecureJarResource(kirin)
[14Sep2025 20:32:55.787] [main/DEBUG] [mixin/]: MixinPlatformAgentMinecraftForge rejected container SecureJarResource(kirin)
[14Sep2025 20:32:55.787] [main/DEBUG] [mixin/]: Instancing new MixinPlatformAgentDefault for SecureJarResource(kirin)
[14Sep2025 20:32:55.787] [main/DEBUG] [mixin/]: MixinPlatformAgentDefault accepted container SecureJarResource(kirin)
[14Sep2025 20:32:55.788] [main/DEBUG] [mixin/]: Processing prepare() for PlatformAgent[MixinPlatformAgentDefault:SecureJarResource(kirin)]
[14Sep2025 20:32:55.788] [main/DEBUG] [mixin/]: Registering mixin config: kirin.mixin.json
[14Sep2025 20:32:55.791] [main/DEBUG] [mixin/]: Compatibility level JAVA_16 specified by kirin.mixin.json is higher than the maximum level supported by this version of mixin (JAVA_13).
[14Sep2025 20:32:55.796] [main/DEBUG] [mixin/]: Adding mixin platform agents for container SecureJarResource(yet_another_config_lib_v3)
[14Sep2025 20:32:55.797] [main/DEBUG] [mixin/]: Instancing new MixinPlatformAgentMinecraftForge for SecureJarResource(yet_another_config_lib_v3)
[14Sep2025 20:32:55.797] [main/DEBUG] [mixin/]: MixinPlatformAgentMinecraftForge rejected container SecureJarResource(yet_another_config_lib_v3)
[14Sep2025 20:32:55.797] [main/DEBUG] [mixin/]: Instancing new MixinPlatformAgentDefault for SecureJarResource(yet_another_config_lib_v3)
[14Sep2025 20:32:55.797] [main/DEBUG] [mixin/]: MixinPlatformAgentDefault accepted container SecureJarResource(yet_another_config_lib_v3)
[14Sep2025 20:32:55.797] [main/DEBUG] [mixin/]: Processing prepare() for PlatformAgent[MixinPlatformAgentDefault:SecureJarResource(yet_another_config_lib_v3)]
[14Sep2025 20:32:55.797] [main/DEBUG] [mixin/]: Registering mixin config: yacl.mixins.json
[14Sep2025 20:32:55.798] [main/DEBUG] [mixin/]: Mixin config yacl.mixins.json does not specify "minVersion" property
[14Sep2025 20:32:55.799] [main/DEBUG] [mixin/]: Adding mixin platform agents for container SecureJarResource(visuality)
[14Sep2025 20:32:55.799] [main/DEBUG] [mixin/]: Instancing new MixinPlatformAgentMinecraftForge for SecureJarResource(visuality)
[14Sep2025 20:32:55.803] [main/DEBUG] [mixin/]: MixinPlatformAgentMinecraftForge rejected container SecureJarResource(visuality)
[14Sep2025 20:32:55.803] [main/DEBUG] [mixin/]: Instancing new MixinPlatformAgentDefault for SecureJarResource(visuality)
[14Sep2025 20:32:55.803] [main/DEBUG] [mixin/]: MixinPlatformAgentDefault accepted container SecureJarResource(visuality)
[14Sep2025 20:32:55.803] [main/DEBUG] [mixin/]: Processing prepare() for PlatformAgent[MixinPlatformAgentDefault:SecureJarResource(visuality)]
[14Sep2025 20:32:55.803] [main/DEBUG] [mixin/]: Registering mixin config: visuality.mixins.json
[14Sep2025 20:32:55.912] [main/DEBUG] [mixin/]: Adding mixin platform agents for container SecureJarResource(embeddium_extra)
[14Sep2025 20:32:55.914] [main/DEBUG] [mixin/]: Instancing new MixinPlatformAgentMinecraftForge for SecureJarResource(embeddium_extra)
[14Sep2025 20:32:55.914] [main/DEBUG] [mixin/]: MixinPlatformAgentMinecraftForge rejected container SecureJarResource(embeddium_extra)
[14Sep2025 20:32:55.914] [main/DEBUG] [mixin/]: Instancing new MixinPlatformAgentDefault for SecureJarResource(embeddium_extra)
[14Sep2025 20:32:55.914] [main/DEBUG] [mixin/]: MixinPlatformAgentDefault accepted container SecureJarResource(embeddium_extra)
[14Sep2025 20:32:55.914] [main/DEBUG] [mixin/]: Processing prepare() for PlatformAgent[MixinPlatformAgentDefault:SecureJarResource(embeddium_extra)]
[14Sep2025 20:32:55.914] [main/DEBUG] [mixin/]: Registering mixin config: sodium-extra.mixins.json
[14Sep2025 20:32:55.918] [main/DEBUG] [mixin/]: Adding mixin platform agents for container SecureJarResource(ryoamiclights)
[14Sep2025 20:32:55.918] [main/DEBUG] [mixin/]: Instancing new MixinPlatformAgentMinecraftForge for SecureJarResource(ryoamiclights)
[14Sep2025 20:32:55.918] [main/DEBUG] [mixin/]: MixinPlatformAgentMinecraftForge rejected container SecureJarResource(ryoamiclights)
[14Sep2025 20:32:55.918] [main/DEBUG] [mixin/]: Instancing new MixinPlatformAgentDefault for SecureJarResource(ryoamiclights)
[14Sep2025 20:32:55.919] [main/DEBUG] [mixin/]: MixinPlatformAgentDefault accepted container SecureJarResource(ryoamiclights)
[14Sep2025 20:32:55.919] [main/DEBUG] [mixin/]: Processing prepare() for PlatformAgent[MixinPlatformAgentDefault:SecureJarResource(ryoamiclights)]
[14Sep2025 20:32:55.919] [main/DEBUG] [mixin/]: Registering mixin config: ryoamiclights.common.mixins.json
[14Sep2025 20:32:55.923] [main/DEBUG] [mixin/]: Mixin config ryoamiclights.common.mixins.json does not specify "minVersion" property
[14Sep2025 20:32:55.923] [main/DEBUG] [mixin/]: Registering mixin config: ryoamiclights.forge.mixins.json
[14Sep2025 20:32:55.926] [main/DEBUG] [mixin/]: Mixin config ryoamiclights.forge.mixins.json does not specify "minVersion" property
[14Sep2025 20:32:55.927] [main/DEBUG] [mixin/]: Adding mixin platform agents for container SecureJarResource(fabric_sound_api_v1)
[14Sep2025 20:32:55.927] [main/DEBUG] [mixin/]: Instancing new MixinPlatformAgentMinecraftForge for SecureJarResource(fabric_sound_api_v1)
[14Sep2025 20:32:55.927] [main/DEBUG] [mixin/]: MixinPlatformAgentMinecraftForge rejected container SecureJarResource(fabric_sound_api_v1)
[14Sep2025 20:32:55.927] [main/DEBUG] [mixin/]: Instancing new MixinPlatformAgentDefault for SecureJarResource(fabric_sound_api_v1)
[14Sep2025 20:32:55.927] [main/DEBUG] [mixin/]: MixinPlatformAgentDefault accepted container SecureJarResource(fabric_sound_api_v1)
[14Sep2025 20:32:55.927] [main/DEBUG] [mixin/]: Processing prepare() for PlatformAgent[MixinPlatformAgentDefault:SecureJarResource(fabric_sound_api_v1)]
[14Sep2025 20:32:55.927] [main/DEBUG] [mixin/]: Registering mixin config: fabric-sound-api-v1.mixins.json
[14Sep2025 20:32:55.932] [main/DEBUG] [mixin/]: Adding mixin platform agents for container SecureJarResource(fabric_message_api_v1)
[14Sep2025 20:32:55.936] [main/DEBUG] [mixin/]: Instancing new MixinPlatformAgentMinecraftForge for SecureJarResource(fabric_message_api_v1)
[14Sep2025 20:32:55.937] [main/DEBUG] [mixin/]: MixinPlatformAgentMinecraftForge rejected container SecureJarResource(fabric_message_api_v1)
[14Sep2025 20:32:55.937] [main/DEBUG] [mixin/]: Instancing new MixinPlatformAgentDefault for SecureJarResource(fabric_message_api_v1)
[14Sep2025 20:32:55.937] [main/DEBUG] [mixin/]: MixinPlatformAgentDefault accepted container SecureJarResource(fabric_message_api_v1)
[14Sep2025 20:32:55.937] [main/DEBUG] [mixin/]: Processing prepare() for PlatformAgent[MixinPlatformAgentDefault:SecureJarResource(fabric_message_api_v1)]
[14Sep2025 20:32:55.937] [main/DEBUG] [mixin/]: Registering mixin config: fabric-message-api-v1.mixins.json
[14Sep2025 20:32:55.941] [main/DEBUG] [mixin/]: Compatibility level JAVA_16 specified by fabric-message-api-v1.mixins.json is higher than the maximum level supported by this version of mixin (JAVA_13).
[14Sep2025 20:32:55.944] [main/DEBUG] [mixin/]: Registering mixin config: fabric-message-api-v1.client.mixins.json
[14Sep2025 20:32:55.949] [main/DEBUG] [mixin/]: Adding mixin platform agents for container SecureJarResource(improvedmobs)
[14Sep2025 20:32:55.949] [main/DEBUG] [mixin/]: Instancing new MixinPlatformAgentMinecraftForge for SecureJarResource(improvedmobs)
[14Sep2025 20:32:55.949] [main/DEBUG] [mixin/]: MixinPlatformAgentMinecraftForge rejected container SecureJarResource(improvedmobs)
[14Sep2025 20:32:55.949] [main/DEBUG] [mixin/]: Instancing new MixinPlatformAgentDefault for SecureJarResource(improvedmobs)
[14Sep2025 20:32:55.949] [main/DEBUG] [mixin/]: MixinPlatformAgentDefault accepted container SecureJarResource(improvedmobs)
[14Sep2025 20:32:55.949] [main/DEBUG] [mixin/]: Processing prepare() for PlatformAgent[MixinPlatformAgentDefault:SecureJarResource(improvedmobs)]
[14Sep2025 20:32:55.949] [main/DEBUG] [mixin/]: Registering mixin config: improvedmobs.mixins.json
[14Sep2025 20:32:55.951] [main/DEBUG] [mixin/]: Compatibility level JAVA_16 specified by improvedmobs.mixins.json is higher than the maximum level supported by this version of mixin (JAVA_13).
[14Sep2025 20:32:55.956] [main/DEBUG] [mixin/]: Registering mixin config: improvedmobs.mixins.compat.json
[14Sep2025 20:32:55.957] [main/DEBUG] [mixin/]: Compatibility level JAVA_16 specified by improvedmobs.mixins.compat.json is higher than the maximum level supported by this version of mixin (JAVA_13).
[14Sep2025 20:32:55.962] [main/DEBUG] [mixin/]: Adding mixin platform agents for container SecureJarResource(healingcampfire)
[14Sep2025 20:32:55.962] [main/DEBUG] [mixin/]: Instancing new MixinPlatformAgentMinecraftForge for SecureJarResource(healingcampfire)
[14Sep2025 20:32:55.962] [main/DEBUG] [mixin/]: MixinPlatformAgentMinecraftForge rejected container SecureJarResource(healingcampfire)
[14Sep2025 20:32:55.962] [main/DEBUG] [mixin/]: Instancing new MixinPlatformAgentDefault for SecureJarResource(healingcampfire)
[14Sep2025 20:32:55.962] [main/DEBUG] [mixin/]: MixinPlatformAgentDefault accepted container SecureJarResource(healingcampfire)
[14Sep2025 20:32:55.962] [main/DEBUG] [mixin/]: Processing prepare() for PlatformAgent[MixinPlatformAgentDefault:SecureJarResource(healingcampfire)]
[14Sep2025 20:32:55.962] [main/DEBUG] [mixin/]: Registering mixin config: healingcampfire_forge.mixins.json
[14Sep2025 20:32:55.967] [main/DEBUG] [mixin/]: Adding mixin platform agents for container SecureJarResource(fabric_data_generation_api_v1)
[14Sep2025 20:32:55.967] [main/DEBUG] [mixin/]: Instancing new MixinPlatformAgentMinecraftForge for SecureJarResource(fabric_data_generation_api_v1)
[14Sep2025 20:32:55.967] [main/DEBUG] [mixin/]: MixinPlatformAgentMinecraftForge rejected container SecureJarResource(fabric_data_generation_api_v1)
[14Sep2025 20:32:55.967] [main/DEBUG] [mixin/]: Instancing new MixinPlatformAgentDefault for SecureJarResource(fabric_data_generation_api_v1)
[14Sep2025 20:32:55.967] [main/DEBUG] [mixin/]: MixinPlatformAgentDefault accepted container SecureJarResource(fabric_data_generation_api_v1)
[14Sep2025 20:32:55.967] [main/DEBUG] [mixin/]: Processing prepare() for PlatformAgent[MixinPlatformAgentDefault:SecureJarResource(fabric_data_generation_api_v1)]
[14Sep2025 20:32:55.967] [main/DEBUG] [mixin/]: Registering mixin config: fabric-data-generation-api-v1.mixins.json
[14Sep2025 20:32:55.968] [main/DEBUG] [mixin/]: Compatibility level JAVA_16 specified by fabric-data-generation-api-v1.mixins.json is higher than the maximum level supported by this version of mixin (JAVA_13).
[14Sep2025 20:32:55.974] [main/DEBUG] [mixin/]: Adding mixin platform agents for container SecureJarResource(fabric_events_interaction_v0)
[14Sep2025 20:32:55.974] [main/DEBUG] [mixin/]: Instancing new MixinPlatformAgentMinecraftForge for SecureJarResource(fabric_events_interaction_v0)
[14Sep2025 20:32:55.974] [main/DEBUG] [mixin/]: MixinPlatformAgentMinecraftForge rejected container SecureJarResource(fabric_events_interaction_v0)
[14Sep2025 20:32:55.974] [main/DEBUG] [mixin/]: Instancing new MixinPlatformAgentDefault for SecureJarResource(fabric_events_interaction_v0)
[14Sep2025 20:32:55.974] [main/DEBUG] [mixin/]: MixinPlatformAgentDefault accepted container SecureJarResource(fabric_events_interaction_v0)
[14Sep2025 20:32:55.974] [main/DEBUG] [mixin/]: Processing prepare() for PlatformAgent[MixinPlatformAgentDefault:SecureJarResource(fabric_events_interaction_v0)]
[14Sep2025 20:32:55.974] [main/DEBUG] [mixin/]: Registering mixin config: fabric-events-interaction-v0.mixins.json
[14Sep2025 20:32:55.976] [main/DEBUG] [mixin/]: Compatibility level JAVA_16 specified by fabric-events-interaction-v0.mixins.json is higher than the maximum level supported by this version of mixin (JAVA_13).
[14Sep2025 20:32:55.982] [main/DEBUG] [mixin/]: Registering mixin config: fabric-events-interaction-v0.client.mixins.json
[14Sep2025 20:32:55.987] [main/DEBUG] [mixin/]: Compatibility level JAVA_16 specified by fabric-events-interaction-v0.client.mixins.json is higher than the maximum level supported by this version of mixin (JAVA_13).
[14Sep2025 20:32:55.988] [main/DEBUG] [mixin/]: Adding mixin platform agents for container SecureJarResource(org.quiltmc.parsers.json)
[14Sep2025 20:32:55.988] [main/DEBUG] [mixin/]: Instancing new MixinPlatformAgentMinecraftForge for SecureJarResource(org.quiltmc.parsers.json)
[14Sep2025 20:32:55.990] [main/DEBUG] [mixin/]: MixinPlatformAgentMinecraftForge rejected container SecureJarResource(org.quiltmc.parsers.json)
[14Sep2025 20:32:55.990] [main/DEBUG] [mixin/]: Instancing new MixinPlatformAgentDefault for SecureJarResource(org.quiltmc.parsers.json)
[14Sep2025 20:32:55.990] [main/DEBUG] [mixin/]: MixinPlatformAgentDefault accepted container SecureJarResource(org.quiltmc.parsers.json)
[14Sep2025 20:32:55.990] [main/DEBUG] [mixin/]: Processing prepare() for PlatformAgent[MixinPlatformAgentDefault:SecureJarResource(org.quiltmc.parsers.json)]
[14Sep2025 20:32:55.990] [main/DEBUG] [mixin/]: Adding mixin platform agents for container SecureJarResource(mclib)
[14Sep2025 20:32:55.990] [main/DEBUG] [mixin/]: Instancing new MixinPlatformAgentMinecraftForge for SecureJarResource(mclib)
[14Sep2025 20:32:55.991] [main/DEBUG] [mixin/]: MixinPlatformAgentMinecraftForge rejected container SecureJarResource(mclib)
[14Sep2025 20:32:55.991] [main/DEBUG] [mixin/]: Instancing new MixinPlatformAgentDefault for SecureJarResource(mclib)
[14Sep2025 20:32:55.991] [main/DEBUG] [mixin/]: MixinPlatformAgentDefault accepted container SecureJarResource(mclib)
[14Sep2025 20:32:55.991] [main/DEBUG] [mixin/]: Processing prepare() for PlatformAgent[MixinPlatformAgentDefault:SecureJarResource(mclib)]
[14Sep2025 20:32:55.991] [main/DEBUG] [mixin/]: Adding mixin platform agents for container SecureJarResource(com.twelvemonkeys.imageio.webp)
[14Sep2025 20:32:55.991] [main/DEBUG] [mixin/]: Instancing new MixinPlatformAgentMinecraftForge for SecureJarResource(com.twelvemonkeys.imageio.webp)
[14Sep2025 20:32:55.991] [main/DEBUG] [mixin/]: MixinPlatformAgentMinecraftForge rejected container SecureJarResource(com.twelvemonkeys.imageio.webp)
[14Sep2025 20:32:55.991] [main/DEBUG] [mixin/]: Instancing new MixinPlatformAgentDefault for SecureJarResource(com.twelvemonkeys.imageio.webp)
[14Sep2025 20:32:55.991] [main/DEBUG] [mixin/]: MixinPlatformAgentDefault accepted container SecureJarResource(com.twelvemonkeys.imageio.webp)
[14Sep2025 20:32:55.991] [main/DEBUG] [mixin/]: Processing prepare() for PlatformAgent[MixinPlatformAgentDefault:SecureJarResource(com.twelvemonkeys.imageio.webp)]
[14Sep2025 20:32:55.991] [main/DEBUG] [mixin/]: Adding mixin platform agents for container SecureJarResource(com.twelvemonkeys.common.lang)
[14Sep2025 20:32:55.991] [main/DEBUG] [mixin/]: Instancing new MixinPlatformAgentMinecraftForge for SecureJarResource(com.twelvemonkeys.common.lang)
[14Sep2025 20:32:55.991] [main/DEBUG] [mixin/]: MixinPlatformAgentMinecraftForge rejected container SecureJarResource(com.twelvemonkeys.common.lang)
[14Sep2025 20:32:55.991] [main/DEBUG] [mixin/]: Instancing new MixinPlatformAgentDefault for SecureJarResource(com.twelvemonkeys.common.lang)
[14Sep2025 20:32:55.991] [main/DEBUG] [mixin/]: MixinPlatformAgentDefault accepted container SecureJarResource(com.twelvemonkeys.common.lang)
[14Sep2025 20:32:55.991] [main/DEBUG] [mixin/]: Processing prepare() for PlatformAgent[MixinPlatformAgentDefault:SecureJarResource(com.twelvemonkeys.common.lang)]
[14Sep2025 20:32:55.991] [main/DEBUG] [mixin/]: Adding mixin platform agents for container SecureJarResource(runtime._1._20._1)
[14Sep2025 20:32:55.991] [main/DEBUG] [mixin/]: Instancing new MixinPlatformAgentMinecraftForge for SecureJarResource(runtime._1._20._1)
[14Sep2025 20:32:55.991] [main/DEBUG] [mixin/]: MixinPlatformAgentMinecraftForge rejected container SecureJarResource(runtime._1._20._1)
[14Sep2025 20:32:55.991] [main/DEBUG] [mixin/]: Instancing new MixinPlatformAgentDefault for SecureJarResource(runtime._1._20._1)
[14Sep2025 20:32:55.991] [main/DEBUG] [mixin/]: MixinPlatformAgentDefault accepted container SecureJarResource(runtime._1._20._1)
[14Sep2025 20:32:55.991] [main/DEBUG] [mixin/]: Processing prepare() for PlatformAgent[MixinPlatformAgentDefault:SecureJarResource(runtime._1._20._1)]
[14Sep2025 20:32:55.991] [main/DEBUG] [mixin/]: Registering mixin config: adapter.init.mixins.json
[14Sep2025 20:32:55.994] [main/DEBUG] [mixin/]: Adding mixin platform agents for container SecureJarResource(com.twelvemonkeys.imageio.metadata)
[14Sep2025 20:32:55.995] [main/DEBUG] [mixin/]: Instancing new MixinPlatformAgentMinecraftForge for SecureJarResource(com.twelvemonkeys.imageio.metadata)
[14Sep2025 20:32:55.995] [main/DEBUG] [mixin/]: MixinPlatformAgentMinecraftForge rejected container SecureJarResource(com.twelvemonkeys.imageio.metadata)
[14Sep2025 20:32:55.995] [main/DEBUG] [mixin/]: Instancing new MixinPlatformAgentDefault for SecureJarResource(com.twelvemonkeys.imageio.metadata)
[14Sep2025 20:32:55.995] [main/DEBUG] [mixin/]: MixinPlatformAgentDefault accepted container SecureJarResource(com.twelvemonkeys.imageio.metadata)
[14Sep2025 20:32:55.995] [main/DEBUG] [mixin/]: Processing prepare() for PlatformAgent[MixinPlatformAgentDefault:SecureJarResource(com.twelvemonkeys.imageio.metadata)]
[14Sep2025 20:32:55.995] [main/DEBUG] [mixin/]: Adding mixin platform agents for container SecureJarResource(com.madgag.gif.fmsware)
[14Sep2025 20:32:55.996] [main/DEBUG] [mixin/]: Instancing new MixinPlatformAgentMinecraftForge for SecureJarResource(com.madgag.gif.fmsware)
[14Sep2025 20:32:55.996] [main/DEBUG] [mixin/]: MixinPlatformAgentMinecraftForge rejected container SecureJarResource(com.madgag.gif.fmsware)
[14Sep2025 20:32:55.996] [main/DEBUG] [mixin/]: Instancing new MixinPlatformAgentDefault for SecureJarResource(com.madgag.gif.fmsware)
[14Sep2025 20:32:55.999] [main/DEBUG] [mixin/]: MixinPlatformAgentDefault accepted container SecureJarResource(com.madgag.gif.fmsware)
[14Sep2025 20:32:55.999] [main/DEBUG] [mixin/]: Processing prepare() for PlatformAgent[MixinPlatformAgentDefault:SecureJarResource(com.madgag.gif.fmsware)]
[14Sep2025 20:32:55.999] [main/DEBUG] [mixin/]: Adding mixin platform agents for container SecureJarResource(org.quiltmc.parsers.gson)
[14Sep2025 20:32:55.999] [main/DEBUG] [mixin/]: Instancing new MixinPlatformAgentMinecraftForge for SecureJarResource(org.quiltmc.parsers.gson)
[14Sep2025 20:32:55.999] [main/DEBUG] [mixin/]: MixinPlatformAgentMinecraftForge rejected container SecureJarResource(org.quiltmc.parsers.gson)
[14Sep2025 20:32:55.999] [main/DEBUG] [mixin/]: Instancing new MixinPlatformAgentDefault for SecureJarResource(org.quiltmc.parsers.gson)
[14Sep2025 20:32:55.999] [main/DEBUG] [mixin/]: MixinPlatformAgentDefault accepted container SecureJarResource(org.quiltmc.parsers.gson)
[14Sep2025 20:32:55.999] [main/DEBUG] [mixin/]: Processing prepare() for PlatformAgent[MixinPlatformAgentDefault:SecureJarResource(org.quiltmc.parsers.gson)]
[14Sep2025 20:32:55.999] [main/DEBUG] [mixin/]: Adding mixin platform agents for container SecureJarResource(Reflect)
[14Sep2025 20:32:55.999] [main/DEBUG] [mixin/]: Instancing new MixinPlatformAgentMinecraftForge for SecureJarResource(Reflect)
[14Sep2025 20:32:55.999] [main/DEBUG] [mixin/]: MixinPlatformAgentMinecraftForge rejected container SecureJarResource(Reflect)
[14Sep2025 20:32:55.999] [main/DEBUG] [mixin/]: Instancing new MixinPlatformAgentDefault for SecureJarResource(Reflect)
[14Sep2025 20:32:55.999] [main/DEBUG] [mixin/]: MixinPlatformAgentDefault accepted container SecureJarResource(Reflect)
[14Sep2025 20:32:55.999] [main/DEBUG] [mixin/]: Processing prepare() for PlatformAgent[MixinPlatformAgentDefault:SecureJarResource(Reflect)]
[14Sep2025 20:32:55.999] [main/DEBUG] [mixin/]: Adding mixin platform agents for container SecureJarResource(japng)
[14Sep2025 20:32:55.999] [main/DEBUG] [mixin/]: Instancing new MixinPlatformAgentMinecraftForge for SecureJarResource(japng)
[14Sep2025 20:32:55.999] [main/DEBUG] [mixin/]: MixinPlatformAgentMinecraftForge rejected container SecureJarResource(japng)
[14Sep2025 20:32:55.999] [main/DEBUG] [mixin/]: Instancing new MixinPlatformAgentDefault for SecureJarResource(japng)
[14Sep2025 20:32:56.000] [main/DEBUG] [mixin/]: MixinPlatformAgentDefault accepted container SecureJarResource(japng)
[14Sep2025 20:32:56.000] [main/DEBUG] [mixin/]: Processing prepare() for PlatformAgent[MixinPlatformAgentDefault:SecureJarResource(japng)]
[14Sep2025 20:32:56.000] [main/DEBUG] [mixin/]: Adding mixin platform agents for container SecureJarResource(NanoLiveConfig)
[14Sep2025 20:32:56.000] [main/DEBUG] [mixin/]: Instancing new MixinPlatformAgentMinecraftForge for SecureJarResource(NanoLiveConfig)
[14Sep2025 20:32:56.000] [main/DEBUG] [mixin/]: MixinPlatformAgentMinecraftForge rejected container SecureJarResource(NanoLiveConfig)
[14Sep2025 20:32:56.000] [main/DEBUG] [mixin/]: Instancing new MixinPlatformAgentDefault for SecureJarResource(NanoLiveConfig)
[14Sep2025 20:32:56.000] [main/DEBUG] [mixin/]: MixinPlatformAgentDefault accepted container SecureJarResource(NanoLiveConfig)
[14Sep2025 20:32:56.000] [main/DEBUG] [mixin/]: Processing prepare() for PlatformAgent[MixinPlatformAgentDefault:SecureJarResource(NanoLiveConfig)]
[14Sep2025 20:32:56.000] [main/DEBUG] [mixin/]: Adding mixin platform agents for container SecureJarResource(jankson)
[14Sep2025 20:32:56.000] [main/DEBUG] [mixin/]: Instancing new MixinPlatformAgentMinecraftForge for SecureJarResource(jankson)
[14Sep2025 20:32:56.000] [main/DEBUG] [mixin/]: MixinPlatformAgentMinecraftForge rejected container SecureJarResource(jankson)
[14Sep2025 20:32:56.000] [main/DEBUG] [mixin/]: Instancing new MixinPlatformAgentDefault for SecureJarResource(jankson)
[14Sep2025 20:32:56.000] [main/DEBUG] [mixin/]: MixinPlatformAgentDefault accepted container SecureJarResource(jankson)
[14Sep2025 20:32:56.000] [main/DEBUG] [mixin/]: Processing prepare() for PlatformAgent[MixinPlatformAgentDefault:SecureJarResource(jankson)]
[14Sep2025 20:32:56.000] [main/DEBUG] [mixin/]: Adding mixin platform agents for container SecureJarResource(MathParser.org.mXparser)
[14Sep2025 20:32:56.000] [main/DEBUG] [mixin/]: Instancing new MixinPlatformAgentMinecraftForge for SecureJarResource(MathParser.org.mXparser)
[14Sep2025 20:32:56.000] [main/DEBUG] [mixin/]: MixinPlatformAgentMinecraftForge rejected container SecureJarResource(MathParser.org.mXparser)
[14Sep2025 20:32:56.000] [main/DEBUG] [mixin/]: Instancing new MixinPlatformAgentDefault for SecureJarResource(MathParser.org.mXparser)
[14Sep2025 20:32:56.000] [main/DEBUG] [mixin/]: MixinPlatformAgentDefault accepted container SecureJarResource(MathParser.org.mXparser)
[14Sep2025 20:32:56.000] [main/DEBUG] [mixin/]: Processing prepare() for PlatformAgent[MixinPlatformAgentDefault:SecureJarResource(MathParser.org.mXparser)]
[14Sep2025 20:32:56.000] [main/DEBUG] [mixin/]: Adding mixin platform agents for container SecureJarResource(jcpp)
[14Sep2025 20:32:56.000] [main/DEBUG] [mixin/]: Instancing new MixinPlatformAgentMinecraftForge for SecureJarResource(jcpp)
[14Sep2025 20:32:56.000] [main/DEBUG] [mixin/]: MixinPlatformAgentMinecraftForge rejected container SecureJarResource(jcpp)
[14Sep2025 20:32:56.000] [main/DEBUG] [mixin/]: Instancing new MixinPlatformAgentDefault for SecureJarResource(jcpp)
[14Sep2025 20:32:56.001] [main/DEBUG] [mixin/]: MixinPlatformAgentDefault accepted container SecureJarResource(jcpp)
[14Sep2025 20:32:56.001] [main/DEBUG] [mixin/]: Processing prepare() for PlatformAgent[MixinPlatformAgentDefault:SecureJarResource(jcpp)]
[14Sep2025 20:32:56.001] [main/DEBUG] [mixin/]: Adding mixin platform agents for container SecureJarResource(com.twelvemonkeys.common.image)
[14Sep2025 20:32:56.001] [main/DEBUG] [mixin/]: Instancing new MixinPlatformAgentMinecraftForge for SecureJarResource(com.twelvemonkeys.common.image)
[14Sep2025 20:32:56.001] [main/DEBUG] [mixin/]: MixinPlatformAgentMinecraftForge rejected container SecureJarResource(com.twelvemonkeys.common.image)
[14Sep2025 20:32:56.001] [main/DEBUG] [mixin/]: Instancing new MixinPlatformAgentDefault for SecureJarResource(com.twelvemonkeys.common.image)
[14Sep2025 20:32:56.001] [main/DEBUG] [mixin/]: MixinPlatformAgentDefault accepted container SecureJarResource(com.twelvemonkeys.common.image)
[14Sep2025 20:32:56.001] [main/DEBUG] [mixin/]: Processing prepare() for PlatformAgent[MixinPlatformAgentDefault:SecureJarResource(com.twelvemonkeys.common.image)]
[14Sep2025 20:32:56.001] [main/DEBUG] [mixin/]: Adding mixin platform agents for container SecureJarResource(com.twelvemonkeys.imageio.core)
[14Sep2025 20:32:56.001] [main/DEBUG] [mixin/]: Instancing new MixinPlatformAgentMinecraftForge for SecureJarResource(com.twelvemonkeys.imageio.core)
[14Sep2025 20:32:56.001] [main/DEBUG] [mixin/]: MixinPlatformAgentMinecraftForge rejected container SecureJarResource(com.twelvemonkeys.imageio.core)
[14Sep2025 20:32:56.001] [main/DEBUG] [mixin/]: Instancing new MixinPlatformAgentDefault for SecureJarResource(com.twelvemonkeys.imageio.core)
[14Sep2025 20:32:56.001] [main/DEBUG] [mixin/]: MixinPlatformAgentDefault accepted container SecureJarResource(com.twelvemonkeys.imageio.core)
[14Sep2025 20:32:56.001] [main/DEBUG] [mixin/]: Processing prepare() for PlatformAgent[MixinPlatformAgentDefault:SecureJarResource(com.twelvemonkeys.imageio.core)]
[14Sep2025 20:32:56.001] [main/DEBUG] [mixin/]: Adding mixin platform agents for container SecureJarResource(com.twelvemonkeys.common.io)
[14Sep2025 20:32:56.001] [main/DEBUG] [mixin/]: Instancing new MixinPlatformAgentMinecraftForge for SecureJarResource(com.twelvemonkeys.common.io)
[14Sep2025 20:32:56.001] [main/DEBUG] [mixin/]: MixinPlatformAgentMinecraftForge rejected container SecureJarResource(com.twelvemonkeys.common.io)
[14Sep2025 20:32:56.001] [main/DEBUG] [mixin/]: Instancing new MixinPlatformAgentDefault for SecureJarResource(com.twelvemonkeys.common.io)
[14Sep2025 20:32:56.001] [main/DEBUG] [mixin/]: MixinPlatformAgentDefault accepted container SecureJarResource(com.twelvemonkeys.common.io)
[14Sep2025 20:32:56.001] [main/DEBUG] [mixin/]: Processing prepare() for PlatformAgent[MixinPlatformAgentDefault:SecureJarResource(com.twelvemonkeys.common.io)]
[14Sep2025 20:32:56.001] [main/DEBUG] [mixin/]: Adding mixin platform agents for container SecureJarResource(org.apache.httpcomponents.httpmime)
[14Sep2025 20:32:56.001] [main/DEBUG] [mixin/]: Instancing new MixinPlatformAgentMinecraftForge for SecureJarResource(org.apache.httpcomponents.httpmime)
[14Sep2025 20:32:56.001] [main/DEBUG] [mixin/]: MixinPlatformAgentMinecraftForge rejected container SecureJarResource(org.apache.httpcomponents.httpmime)
[14Sep2025 20:32:56.001] [main/DEBUG] [mixin/]: Instancing new MixinPlatformAgentDefault for SecureJarResource(org.apache.httpcomponents.httpmime)
[14Sep2025 20:32:56.001] [main/DEBUG] [mixin/]: MixinPlatformAgentDefault accepted container SecureJarResource(org.apache.httpcomponents.httpmime)
[14Sep2025 20:32:56.002] [main/DEBUG] [mixin/]: Processing prepare() for PlatformAgent[MixinPlatformAgentDefault:SecureJarResource(org.apache.httpcomponents.httpmime)]
[14Sep2025 20:32:56.002] [main/DEBUG] [mixin/]: Adding mixin platform agents for container SecureJarResource(MixinExtras)
[14Sep2025 20:32:56.002] [main/DEBUG] [mixin/]: Instancing new MixinPlatformAgentMinecraftForge for SecureJarResource(MixinExtras)
[14Sep2025 20:32:56.005] [main/DEBUG] [mixin/]: MixinPlatformAgentMinecraftForge rejected container SecureJarResource(MixinExtras)
[14Sep2025 20:32:56.005] [main/DEBUG] [mixin/]: Instancing new MixinPlatformAgentDefault for SecureJarResource(MixinExtras)
[14Sep2025 20:32:56.005] [main/DEBUG] [mixin/]: MixinPlatformAgentDefault accepted container SecureJarResource(MixinExtras)
[14Sep2025 20:32:56.005] [main/DEBUG] [mixin/]: Processing prepare() for PlatformAgent[MixinPlatformAgentDefault:SecureJarResource(MixinExtras)]
[14Sep2025 20:32:56.005] [main/DEBUG] [mixin/]: Adding mixin platform agents for container SecureJarResource(connector$authlib)
[14Sep2025 20:32:56.005] [main/DEBUG] [mixin/]: Instancing new MixinPlatformAgentMinecraftForge for SecureJarResource(connector$authlib)
[14Sep2025 20:32:56.005] [main/DEBUG] [mixin/]: MixinPlatformAgentMinecraftForge rejected container SecureJarResource(connector$authlib)
[14Sep2025 20:32:56.005] [main/DEBUG] [mixin/]: Instancing new MixinPlatformAgentDefault for SecureJarResource(connector$authlib)
[14Sep2025 20:32:56.005] [main/DEBUG] [mixin/]: MixinPlatformAgentDefault accepted container SecureJarResource(connector$authlib)
[14Sep2025 20:32:56.005] [main/DEBUG] [mixin/]: Processing prepare() for PlatformAgent[MixinPlatformAgentDefault:SecureJarResource(connector$authlib)]
[14Sep2025 20:32:56.005] [main/DEBUG] [mixin/]: inject() running with 161 agents
[14Sep2025 20:32:56.005] [main/DEBUG] [mixin/]: Processing inject() for PlatformAgent[MixinPlatformAgentDefault:ModLauncher Root Container(ModLauncher:4f56a0a2)]
[14Sep2025 20:32:56.005] [main/DEBUG] [mixin/]: Processing inject() for PlatformAgent[MixinPlatformAgentDefault:SecureJarResource(mixin_generated_classes)]
[14Sep2025 20:32:56.005] [main/DEBUG] [mixin/]: Processing inject() for PlatformAgent[MixinPlatformAgentDefault:SecureJarResource(fabric_renderer_api_v1)]
[14Sep2025 20:32:56.005] [main/DEBUG] [mixin/]: Processing inject() for PlatformAgent[MixinPlatformAgentDefault:SecureJarResource(geckolib)]
[14Sep2025 20:32:56.005] [main/DEBUG] [mixin/]: Processing inject() for PlatformAgent[MixinPlatformAgentDefault:SecureJarResource(playeranimator)]
[14Sep2025 20:32:56.006] [main/DEBUG] [mixin/]: Processing inject() for PlatformAgent[MixinPlatformAgentDefault:SecureJarResource(fabric_item_api_v1)]
[14Sep2025 20:32:56.006] [main/DEBUG] [mixin/]: Processing inject() for PlatformAgent[MixinPlatformAgentDefault:SecureJarResource(fabric_rendering_fluids_v1)]
[14Sep2025 20:32:56.006] [main/DEBUG] [mixin/]: Processing inject() for PlatformAgent[MixinPlatformAgentDefault:SecureJarResource(fabric_models_v0)]
[14Sep2025 20:32:56.006] [main/DEBUG] [mixin/]: Processing inject() for PlatformAgent[MixinPlatformAgentDefault:SecureJarResource(obsidianui)]
[14Sep2025 20:32:56.006] [main/DEBUG] [mixin/]: Processing inject() for PlatformAgent[MixinPlatformAgentDefault:SecureJarResource(dynamiclights)]
[14Sep2025 20:32:56.006] [main/DEBUG] [mixin/]: Processing inject() for PlatformAgent[MixinPlatformAgentDefault:SecureJarResource(immersive_aircraft)]
[14Sep2025 20:32:56.006] [main/DEBUG] [mixin/]: Processing inject() for PlatformAgent[MixinPlatformAgentDefault:SecureJarResource(fabric_convention_tags_v1)]
[14Sep2025 20:32:56.006] [main/DEBUG] [mixin/]: Processing inject() for PlatformAgent[MixinPlatformAgentDefault:SecureJarResource(enhancedvisuals)]
[14Sep2025 20:32:56.006] [main/DEBUG] [mixin/]: Processing inject() for PlatformAgent[MixinPlatformAgentDefault:SecureJarResource(modernfix)]
[14Sep2025 20:32:56.006] [main/DEBUG] [mixin/]: Processing inject() for PlatformAgent[MixinPlatformAgentDefault:SecureJarResource(citadel)]
[14Sep2025 20:32:56.006] [main/DEBUG] [mixin/]: Processing inject() for PlatformAgent[MixinPlatformAgentDefault:SecureJarResource(alexsmobs)]
[14Sep2025 20:32:56.006] [main/DEBUG] [mixin/]: Processing inject() for PlatformAgent[MixinPlatformAgentDefault:SecureJarResource(fabric_command_api_v1)]
[14Sep2025 20:32:56.006] [main/DEBUG] [mixin/]: Processing inject() for PlatformAgent[MixinPlatformAgentDefault:SecureJarResource(fabric_block_view_api_v2)]
[14Sep2025 20:32:56.006] [main/DEBUG] [mixin/]: Processing inject() for PlatformAgent[MixinPlatformAgentDefault:SecureJarResource(fabric_command_api_v2)]
[14Sep2025 20:32:56.006] [main/DEBUG] [mixin/]: Processing inject() for PlatformAgent[MixinPlatformAgentDefault:SecureJarResource(zombieawareness)]
[14Sep2025 20:32:56.006] [main/DEBUG] [mixin/]: Processing inject() for PlatformAgent[MixinPlatformAgentDefault:SecureJarResource(yungsapi)]
[14Sep2025 20:32:56.006] [main/DEBUG] [mixin/]: Processing inject() for PlatformAgent[MixinPlatformAgentDefault:SecureJarResource(fabric_data_attachment_api_v1)]
[14Sep2025 20:32:56.006] [main/DEBUG] [mixin/]: Processing inject() for PlatformAgent[MixinPlatformAgentDefault:SecureJarResource(mixinextras)]
[14Sep2025 20:32:56.006] [main/DEBUG] [mixin/]: Processing inject() for PlatformAgent[MixinPlatformAgentDefault:SecureJarResource(coolrain)]
[14Sep2025 20:32:56.006] [main/DEBUG] [mixin/]: Processing inject() for PlatformAgent[MixinPlatformAgentDefault:SecureJarResource(hordes)]
[14Sep2025 20:32:56.006] [main/DEBUG] [mixin/]: Processing inject() for PlatformAgent[MixinPlatformAgentDefault:SecureJarResource(minetraps)]
[14Sep2025 20:32:56.006] [main/DEBUG] [mixin/]: Processing inject() for PlatformAgent[MixinPlatformAgentDefault:SecureJarResource(snowrealmagic)]
[14Sep2025 20:32:56.006] [main/DEBUG] [mixin/]: Processing inject() for PlatformAgent[MixinPlatformAgentDefault:SecureJarResource(fabric_screen_api_v1)]
[14Sep2025 20:32:56.006] [main/DEBUG] [mixin/]: Processing inject() for PlatformAgent[MixinPlatformAgentDefault:SecureJarResource(melody)]
[14Sep2025 20:32:56.006] [main/DEBUG] [mixin/]: Processing inject() for PlatformAgent[MixinPlatformAgentDefault:SecureJarResource(paraglider)]
[14Sep2025 20:32:56.006] [main/DEBUG] [mixin/]: Processing inject() for PlatformAgent[MixinPlatformAgentDefault:SecureJarResource(cloth_config)]
[14Sep2025 20:32:56.006] [main/DEBUG] [mixin/]: Processing inject() for PlatformAgent[MixinPlatformAgentDefault:SecureJarResource(fabric_api)]
[14Sep2025 20:32:56.006] [main/DEBUG] [mixin/]: Processing inject() for PlatformAgent[MixinPlatformAgentDefault:SecureJarResource(fabric_content_registries_v0)]
[14Sep2025 20:32:56.006] [main/DEBUG] [mixin/]: Processing inject() for PlatformAgent[MixinPlatformAgentDefault:SecureJarResource(konkrete)]
[14Sep2025 20:32:56.006] [main/DEBUG] [mixin/]: Processing inject() for PlatformAgent[MixinPlatformAgentDefault:SecureJarResource(embeddium)]
[14Sep2025 20:32:56.006] [main/DEBUG] [mixin/]: Processing inject() for PlatformAgent[MixinPlatformAgentDefault:SecureJarResource(tenshilib)]
[14Sep2025 20:32:56.006] [main/DEBUG] [mixin/]: Processing inject() for PlatformAgent[MixinPlatformAgentDefault:SecureJarResource(entity_model_features)]
[14Sep2025 20:32:56.006] [main/DEBUG] [mixin/]: Processing inject() for PlatformAgent[MixinPlatformAgentDefault:SecureJarResource(entity_texture_features)]
[14Sep2025 20:32:56.006] [main/DEBUG] [mixin/]: Processing inject() for PlatformAgent[MixinPlatformAgentDefault:SecureJarResource(combatroll)]
[14Sep2025 20:32:56.006] [main/DEBUG] [mixin/]: Processing inject() for PlatformAgent[MixinPlatformAgentDefault:SecureJarResource(fabric_game_rule_api_v1)]
[14Sep2025 20:32:56.006] [main/DEBUG] [mixin/]: Processing inject() for PlatformAgent[MixinPlatformAgentDefault:SecureJarResource(ambientsounds)]
[14Sep2025 20:32:56.006] [main/DEBUG] [mixin/]: Processing inject() for PlatformAgent[MixinPlatformAgentDefault:SecureJarResource(fabric_api_lookup_api_v1)]
[14Sep2025 20:32:56.006] [main/DEBUG] [mixin/]: Processing inject() for PlatformAgent[MixinPlatformAgentDefault:SecureJarResource(gml)]
[14Sep2025 20:32:56.006] [main/DEBUG] [mixin/]: Processing inject() for PlatformAgent[MixinPlatformAgentDefault:SecureJarResource(projectvibrantjourneys)]
[14Sep2025 20:32:56.006] [main/DEBUG] [mixin/]: Processing inject() for PlatformAgent[MixinPlatformAgentDefault:SecureJarResource(patchouli)]
[14Sep2025 20:32:56.006] [main/DEBUG] [mixin/]: Processing inject() for PlatformAgent[MixinPlatformAgentDefault:SecureJarResource(oculus)]
[14Sep2025 20:32:56.006] [main/DEBUG] [mixin/]: Processing inject() for PlatformAgent[MixinPlatformAgentDefault:SecureJarResource(collective)]
[14Sep2025 20:32:56.006] [main/DEBUG] [mixin/]: Processing inject() for PlatformAgent[MixinPlatformAgentDefault:SecureJarResource(commongroovylibrary)]
[14Sep2025 20:32:56.006] [main/DEBUG] [mixin/]: Processing inject() for PlatformAgent[MixinPlatformAgentDefault:SecureJarResource(lostcities)]
[14Sep2025 20:32:56.006] [main/DEBUG] [mixin/]: Processing inject() for PlatformAgent[MixinPlatformAgentDefault:SecureJarResource(connectormod)]
[14Sep2025 20:32:56.006] [main/DEBUG] [mixin/]: Processing inject() for PlatformAgent[MixinPlatformAgentDefault:SecureJarResource(pointblank)]
[14Sep2025 20:32:56.007] [main/DEBUG] [mixin/]: Processing inject() for PlatformAgent[MixinPlatformAgentDefault:SecureJarResource(fabric_entity_events_v1)]
[14Sep2025 20:32:56.007] [main/DEBUG] [mixin/]: Processing inject() for PlatformAgent[MixinPlatformAgentDefault:SecureJarResource(atlaslib)]
[14Sep2025 20:32:56.007] [main/DEBUG] [mixin/]: Processing inject() for PlatformAgent[MixinPlatformAgentDefault:SecureJarResource(starterkit)]
[14Sep2025 20:32:56.007] [main/DEBUG] [mixin/]: Processing inject() for PlatformAgent[MixinPlatformAgentDefault:SecureJarResource(eatinganimation)]
[14Sep2025 20:32:56.007] [main/DEBUG] [mixin/]: Processing inject() for PlatformAgent[MixinPlatformAgentDefault:SecureJarResource(cfm)]
[14Sep2025 20:32:56.007] [main/DEBUG] [mixin/]: Processing inject() for PlatformAgent[MixinPlatformAgentDefault:SecureJarResource(architectury)]
[14Sep2025 20:32:56.007] [main/DEBUG] [mixin/]: Processing inject() for PlatformAgent[MixinPlatformAgentDefault:SecureJarResource(bloomingnature)]
[14Sep2025 20:32:56.007] [main/DEBUG] [mixin/]: Processing inject() for PlatformAgent[MixinPlatformAgentDefault:SecureJarResource(pandalib)]
[14Sep2025 20:32:56.007] [main/DEBUG] [mixin/]: Processing inject() for PlatformAgent[MixinPlatformAgentDefault:SecureJarResource(fabric_loot_api_v2)]
[14Sep2025 20:32:56.007] [main/DEBUG] [mixin/]: Processing inject() for PlatformAgent[MixinPlatformAgentDefault:SecureJarResource(transition)]
[14Sep2025 20:32:56.007] [main/DEBUG] [mixin/]: Processing inject() for PlatformAgent[MixinPlatformAgentDefault:SecureJarResource(itemphysic)]
[14Sep2025 20:32:56.007] [main/DEBUG] [mixin/]: Processing inject() for PlatformAgent[MixinPlatformAgentDefault:SecureJarResource(fabric_rendering_data_attachment_v1)]
[14Sep2025 20:32:56.007] [main/DEBUG] [mixin/]: Processing inject() for PlatformAgent[MixinPlatformAgentDefault:SecureJarResource(mru)]
[14Sep2025 20:32:56.007] [main/DEBUG] [mixin/]: Processing inject() for PlatformAgent[MixinPlatformAgentDefault:SecureJarResource(fabric_networking_api_v1)]
[14Sep2025 20:32:56.007] [main/DEBUG] [mixin/]: Processing inject() for PlatformAgent[MixinPlatformAgentDefault:SecureJarResource(yeetusexperimentus)]
[14Sep2025 20:32:56.007] [main/DEBUG] [mixin/]: Processing inject() for PlatformAgent[MixinPlatformAgentDefault:SecureJarResource(dynamictrees)]
[14Sep2025 20:32:56.007] [main/DEBUG] [mixin/]: Processing inject() for PlatformAgent[MixinPlatformAgentDefault:SecureJarResource(dynamictreesplus)]
[14Sep2025 20:32:56.007] [main/DEBUG] [mixin/]: Processing inject() for PlatformAgent[MixinPlatformAgentDefault:SecureJarResource(fabric_lifecycle_events_v1)]
[14Sep2025 20:32:56.007] [main/DEBUG] [mixin/]: Processing inject() for PlatformAgent[MixinPlatformAgentDefault:SecureJarResource(fabric_key_binding_api_v1)]
[14Sep2025 20:32:56.007] [main/DEBUG] [mixin/]: Processing inject() for PlatformAgent[MixinPlatformAgentDefault:SecureJarResource(fabric_client_tags_api_v1)]
[14Sep2025 20:32:56.007] [main/DEBUG] [mixin/]: Processing inject() for PlatformAgent[MixinPlatformAgentDefault:SecureJarResource(fallingtrees)]
[14Sep2025 20:32:56.007] [main/DEBUG] [mixin/]: Processing inject() for PlatformAgent[MixinPlatformAgentDefault:SecureJarResource(fabric_dimensions_v1)]
[14Sep2025 20:32:56.007] [main/DEBUG] [mixin/]: Processing inject() for PlatformAgent[MixinPlatformAgentDefault:SecureJarResource(fabric_transfer_api_v1)]
[14Sep2025 20:32:56.007] [main/DEBUG] [mixin/]: Processing inject() for PlatformAgent[MixinPlatformAgentDefault:SecureJarResource(kiwi)]
[14Sep2025 20:32:56.007] [main/DEBUG] [mixin/]: Processing inject() for PlatformAgent[MixinPlatformAgentDefault:SecureJarResource(bhmenu)]
[14Sep2025 20:32:56.007] [main/DEBUG] [mixin/]: Processing inject() for PlatformAgent[MixinPlatformAgentDefault:SecureJarResource(doubledoors)]
[14Sep2025 20:32:56.007] [main/DEBUG] [mixin/]: Processing inject() for PlatformAgent[MixinPlatformAgentDefault:SecureJarResource(wi_zoom)]
[14Sep2025 20:32:56.007] [main/DEBUG] [mixin/]: Processing inject() for PlatformAgent[MixinPlatformAgentDefault:SecureJarResource(fabric_model_loading_api_v1)]
[14Sep2025 20:32:56.007] [main/DEBUG] [mixin/]: Processing inject() for PlatformAgent[MixinPlatformAgentDefault:SecureJarResource(fabric_screen_handler_api_v1)]
[14Sep2025 20:32:56.008] [main/DEBUG] [mixin/]: Processing inject() for PlatformAgent[MixinPlatformAgentDefault:SecureJarResource(fabric_resource_loader_v0)]
[14Sep2025 20:32:56.008] [main/DEBUG] [mixin/]: Processing inject() for PlatformAgent[MixinPlatformAgentDefault:SecureJarResource(trender)]
[14Sep2025 20:32:56.008] [main/DEBUG] [mixin/]: Processing inject() for PlatformAgent[MixinPlatformAgentDefault:SecureJarResource(paxi)]
[14Sep2025 20:32:56.008] [main/DEBUG] [mixin/]: Processing inject() for PlatformAgent[MixinPlatformAgentDefault:SecureJarResource(immersive_weathering)]
[14Sep2025 20:32:56.008] [main/DEBUG] [mixin/]: Processing inject() for PlatformAgent[MixinPlatformAgentDefault:SecureJarResource(keerdm_zombie_essentials)]
[14Sep2025 20:32:56.008] [main/DEBUG] [mixin/]: Processing inject() for PlatformAgent[MixinPlatformAgentDefault:SecureJarResource(fabric_rendering_v1)]
[14Sep2025 20:32:56.008] [main/DEBUG] [mixin/]: Processing inject() for PlatformAgent[MixinPlatformAgentDefault:SecureJarResource(marbledsarsenal)]
[14Sep2025 20:32:56.008] [main/DEBUG] [mixin/]: Processing inject() for PlatformAgent[MixinPlatformAgentDefault:SecureJarResource(fabric_renderer_indigo)]
[14Sep2025 20:32:56.008] [main/DEBUG] [mixin/]: Processing inject() for PlatformAgent[MixinPlatformAgentDefault:SecureJarResource(fallingleaves)]
[14Sep2025 20:32:56.008] [main/DEBUG] [mixin/]: Processing inject() for PlatformAgent[MixinPlatformAgentDefault:SecureJarResource(structory)]
[14Sep2025 20:32:56.008] [main/DEBUG] [mixin/]: Processing inject() for PlatformAgent[MixinPlatformAgentDefault:SecureJarResource(fabric_mining_level_api_v1)]
[14Sep2025 20:32:56.008] [main/DEBUG] [mixin/]: Processing inject() for PlatformAgent[MixinPlatformAgentDefault:SecureJarResource(naturescompass)]
[14Sep2025 20:32:56.008] [main/DEBUG] [mixin/]: Processing inject() for PlatformAgent[MixinPlatformAgentDefault:SecureJarResource(configured)]
[14Sep2025 20:32:56.008] [main/DEBUG] [mixin/]: Processing inject() for PlatformAgent[MixinPlatformAgentDefault:SecureJarResource(mcore)]
[14Sep2025 20:32:56.008] [main/DEBUG] [mixin/]: Processing inject() for PlatformAgent[MixinPlatformAgentDefault:SecureJarResource(myserveriscompatible)]
[14Sep2025 20:32:56.008] [main/DEBUG] [mixin/]: Processing inject() for PlatformAgent[MixinPlatformAgentDefault:SecureJarResource(glitchcore)]
[14Sep2025 20:32:56.008] [main/DEBUG] [mixin/]: Processing inject() for PlatformAgent[MixinPlatformAgentDefault:SecureJarResource(sereneseasons)]
[14Sep2025 20:32:56.008] [main/DEBUG] [mixin/]: Processing inject() for PlatformAgent[MixinPlatformAgentDefault:SecureJarResource(terralith)]
[14Sep2025 20:32:56.011] [main/DEBUG] [mixin/]: Processing inject() for PlatformAgent[MixinPlatformAgentDefault:SecureJarResource(fabric_particles_v1)]
[14Sep2025 20:32:56.011] [main/DEBUG] [mixin/]: Processing inject() for PlatformAgent[MixinPlatformAgentDefault:SecureJarResource(forge)]
[14Sep2025 20:32:56.011] [main/DEBUG] [mixin/]: Processing inject() for PlatformAgent[MixinPlatformAgentDefault:SecureJarResource(fabric_transitive_access_wideners_v1)]
[14Sep2025 20:32:56.011] [main/DEBUG] [mixin/]: Processing inject() for PlatformAgent[MixinPlatformAgentDefault:SecureJarResource(fog)]
[14Sep2025 20:32:56.011] [main/DEBUG] [mixin/]: Processing inject() for PlatformAgent[MixinPlatformAgentDefault:SecureJarResource(minecraft)]
[14Sep2025 20:32:56.011] [main/DEBUG] [mixin/]: Processing inject() for PlatformAgent[MixinPlatformAgentDefault:SecureJarResource(butcher)]
[14Sep2025 20:32:56.011] [main/DEBUG] [mixin/]: Processing inject() for PlatformAgent[MixinPlatformAgentDefault:SecureJarResource(realmrpg_skeletons)]
[14Sep2025 20:32:56.011] [main/DEBUG] [mixin/]: Processing inject() for PlatformAgent[MixinPlatformAgentDefault:SecureJarResource(realistictorches)]
[14Sep2025 20:32:56.011] [main/DEBUG] [mixin/]: Processing inject() for PlatformAgent[MixinPlatformAgentDefault:SecureJarResource(emi)]
[14Sep2025 20:32:56.011] [main/DEBUG] [mixin/]: Processing inject() for PlatformAgent[MixinPlatformAgentDefault:SecureJarResource(voicechat)]
[14Sep2025 20:32:56.011] [main/DEBUG] [mixin/]: Processing inject() for PlatformAgent[MixinPlatformAgentDefault:SecureJarResource(sound_physics_remastered)]
[14Sep2025 20:32:56.011] [main/DEBUG] [mixin/]: Processing inject() for PlatformAgent[MixinPlatformAgentDefault:SecureJarResource(moonlight)]
[14Sep2025 20:32:56.011] [main/DEBUG] [mixin/]: Processing inject() for PlatformAgent[MixinPlatformAgentDefault:SecureJarResource(fabric_api_base)]
[14Sep2025 20:32:56.011] [main/DEBUG] [mixin/]: Processing inject() for PlatformAgent[MixinPlatformAgentDefault:SecureJarResource(fabric_blockrenderlayer_v1)]
[14Sep2025 20:32:56.011] [main/DEBUG] [mixin/]: Processing inject() for PlatformAgent[MixinPlatformAgentDefault:SecureJarResource(jade)]
[14Sep2025 20:32:56.011] [main/DEBUG] [mixin/]: Processing inject() for PlatformAgent[MixinPlatformAgentDefault:SecureJarResource(creativecore)]
[14Sep2025 20:32:56.011] [main/DEBUG] [mixin/]: Processing inject() for PlatformAgent[MixinPlatformAgentDefault:SecureJarResource(fabric_block_api_v1)]
[14Sep2025 20:32:56.011] [main/DEBUG] [mixin/]: Processing inject() for PlatformAgent[MixinPlatformAgentDefault:SecureJarResource(fabric_resource_conditions_api_v1)]
[14Sep2025 20:32:56.011] [main/DEBUG] [mixin/]: Processing inject() for PlatformAgent[MixinPlatformAgentDefault:SecureJarResource(fabric_item_group_api_v1)]
[14Sep2025 20:32:56.011] [main/DEBUG] [mixin/]: Processing inject() for PlatformAgent[MixinPlatformAgentDefault:SecureJarResource(mobsunscreen)]
[14Sep2025 20:32:56.011] [main/DEBUG] [mixin/]: Processing inject() for PlatformAgent[MixinPlatformAgentDefault:SecureJarResource(securitycraft)]
[14Sep2025 20:32:56.012] [main/DEBUG] [mixin/]: Processing inject() for PlatformAgent[MixinPlatformAgentDefault:SecureJarResource(toughasnails)]
[14Sep2025 20:32:56.012] [main/DEBUG] [mixin/]: Processing inject() for PlatformAgent[MixinPlatformAgentDefault:SecureJarResource(entityculling)]
[14Sep2025 20:32:56.012] [main/DEBUG] [mixin/]: Processing inject() for PlatformAgent[MixinPlatformAgentDefault:SecureJarResource(fabric_biome_api_v1)]
[14Sep2025 20:32:56.012] [main/DEBUG] [mixin/]: Processing inject() for PlatformAgent[MixinPlatformAgentDefault:SecureJarResource(fancymenu)]
[14Sep2025 20:32:56.012] [main/DEBUG] [mixin/]: Processing inject() for PlatformAgent[MixinPlatformAgentDefault:SecureJarResource(fabric_registry_sync_v0)]
[14Sep2025 20:32:56.012] [main/DEBUG] [mixin/]: Processing inject() for PlatformAgent[MixinPlatformAgentDefault:SecureJarResource(immediatelyfast)]
[14Sep2025 20:32:56.012] [main/DEBUG] [mixin/]: Processing inject() for PlatformAgent[MixinPlatformAgentDefault:SecureJarResource(coroutil)]
[14Sep2025 20:32:56.012] [main/DEBUG] [mixin/]: Processing inject() for PlatformAgent[MixinPlatformAgentDefault:SecureJarResource(fabric_recipe_api_v1)]
[14Sep2025 20:32:56.012] [main/DEBUG] [mixin/]: Processing inject() for PlatformAgent[MixinPlatformAgentDefault:SecureJarResource(moremobvariants)]
[14Sep2025 20:32:56.012] [main/DEBUG] [mixin/]: Processing inject() for PlatformAgent[MixinPlatformAgentDefault:SecureJarResource(ferritecore)]
[14Sep2025 20:32:56.012] [main/DEBUG] [mixin/]: Processing inject() for PlatformAgent[MixinPlatformAgentDefault:SecureJarResource(fabric_object_builder_api_v1)]
[14Sep2025 20:32:56.012] [main/DEBUG] [mixin/]: Processing inject() for PlatformAgent[MixinPlatformAgentDefault:SecureJarResource(kirin)]
[14Sep2025 20:32:56.012] [main/DEBUG] [mixin/]: Processing inject() for PlatformAgent[MixinPlatformAgentDefault:SecureJarResource(yet_another_config_lib_v3)]
[14Sep2025 20:32:56.012] [main/DEBUG] [mixin/]: Processing inject() for PlatformAgent[MixinPlatformAgentDefault:SecureJarResource(visuality)]
[14Sep2025 20:32:56.012] [main/DEBUG] [mixin/]: Processing inject() for PlatformAgent[MixinPlatformAgentDefault:SecureJarResource(embeddium_extra)]
[14Sep2025 20:32:56.012] [main/DEBUG] [mixin/]: Processing inject() for PlatformAgent[MixinPlatformAgentDefault:SecureJarResource(ryoamiclights)]
[14Sep2025 20:32:56.012] [main/DEBUG] [mixin/]: Processing inject() for PlatformAgent[MixinPlatformAgentDefault:SecureJarResource(fabric_sound_api_v1)]
[14Sep2025 20:32:56.012] [main/DEBUG] [mixin/]: Processing inject() for PlatformAgent[MixinPlatformAgentDefault:SecureJarResource(fabric_message_api_v1)]
[14Sep2025 20:32:56.012] [main/DEBUG] [mixin/]: Processing inject() for PlatformAgent[MixinPlatformAgentDefault:SecureJarResource(improvedmobs)]
[14Sep2025 20:32:56.012] [main/DEBUG] [mixin/]: Processing inject() for PlatformAgent[MixinPlatformAgentDefault:SecureJarResource(healingcampfire)]
[14Sep2025 20:32:56.012] [main/DEBUG] [mixin/]: Processing inject() for PlatformAgent[MixinPlatformAgentDefault:SecureJarResource(fabric_data_generation_api_v1)]
[14Sep2025 20:32:56.012] [main/DEBUG] [mixin/]: Processing inject() for PlatformAgent[MixinPlatformAgentDefault:SecureJarResource(fabric_events_interaction_v0)]
[14Sep2025 20:32:56.012] [main/DEBUG] [mixin/]: Processing inject() for PlatformAgent[MixinPlatformAgentDefault:SecureJarResource(org.quiltmc.parsers.json)]
[14Sep2025 20:32:56.012] [main/DEBUG] [mixin/]: Processing inject() for PlatformAgent[MixinPlatformAgentDefault:SecureJarResource(mclib)]
[14Sep2025 20:32:56.012] [main/DEBUG] [mixin/]: Processing inject() for PlatformAgent[MixinPlatformAgentDefault:SecureJarResource(com.twelvemonkeys.imageio.webp)]
[14Sep2025 20:32:56.012] [main/DEBUG] [mixin/]: Processing inject() for PlatformAgent[MixinPlatformAgentDefault:SecureJarResource(com.twelvemonkeys.common.lang)]
[14Sep2025 20:32:56.013] [main/DEBUG] [mixin/]: Processing inject() for PlatformAgent[MixinPlatformAgentDefault:SecureJarResource(runtime._1._20._1)]
[14Sep2025 20:32:56.013] [main/DEBUG] [mixin/]: Processing inject() for PlatformAgent[MixinPlatformAgentDefault:SecureJarResource(com.twelvemonkeys.imageio.metadata)]
[14Sep2025 20:32:56.013] [main/DEBUG] [mixin/]: Processing inject() for PlatformAgent[MixinPlatformAgentDefault:SecureJarResource(com.madgag.gif.fmsware)]
[14Sep2025 20:32:56.013] [main/DEBUG] [mixin/]: Processing inject() for PlatformAgent[MixinPlatformAgentDefault:SecureJarResource(org.quiltmc.parsers.gson)]
[14Sep2025 20:32:56.013] [main/DEBUG] [mixin/]: Processing inject() for PlatformAgent[MixinPlatformAgentDefault:SecureJarResource(Reflect)]
[14Sep2025 20:32:56.013] [main/DEBUG] [mixin/]: Processing inject() for PlatformAgent[MixinPlatformAgentDefault:SecureJarResource(japng)]
[14Sep2025 20:32:56.013] [main/DEBUG] [mixin/]: Processing inject() for PlatformAgent[MixinPlatformAgentDefault:SecureJarResource(NanoLiveConfig)]
[14Sep2025 20:32:56.013] [main/DEBUG] [mixin/]: Processing inject() for PlatformAgent[MixinPlatformAgentDefault:SecureJarResource(jankson)]
[14Sep2025 20:32:56.013] [main/DEBUG] [mixin/]: Processing inject() for PlatformAgent[MixinPlatformAgentDefault:SecureJarResource(MathParser.org.mXparser)]
[14Sep2025 20:32:56.013] [main/DEBUG] [mixin/]: Processing inject() for PlatformAgent[MixinPlatformAgentDefault:SecureJarResource(jcpp)]
[14Sep2025 20:32:56.013] [main/DEBUG] [mixin/]: Processing inject() for PlatformAgent[MixinPlatformAgentDefault:SecureJarResource(com.twelvemonkeys.common.image)]
[14Sep2025 20:32:56.013] [main/DEBUG] [mixin/]: Processing inject() for PlatformAgent[MixinPlatformAgentDefault:SecureJarResource(com.twelvemonkeys.imageio.core)]
[14Sep2025 20:32:56.013] [main/DEBUG] [mixin/]: Processing inject() for PlatformAgent[MixinPlatformAgentDefault:SecureJarResource(com.twelvemonkeys.common.io)]
[14Sep2025 20:32:56.013] [main/DEBUG] [mixin/]: Processing inject() for PlatformAgent[MixinPlatformAgentDefault:SecureJarResource(org.apache.httpcomponents.httpmime)]
[14Sep2025 20:32:56.013] [main/DEBUG] [mixin/]: Processing inject() for PlatformAgent[MixinPlatformAgentDefault:SecureJarResource(MixinExtras)]
[14Sep2025 20:32:56.013] [main/DEBUG] [mixin/]: Processing inject() for PlatformAgent[MixinPlatformAgentDefault:SecureJarResource(connector$authlib)]
[14Sep2025 20:32:56.046] [main/DEBUG] [mixin/]: Error cleaning class output directory: .mixin.out
[14Sep2025 20:32:56.051] [main/DEBUG] [mixin/]: Preparing mixins for MixinEnvironment[PREINIT]
[14Sep2025 20:32:56.058] [main/INFO] [mixin/]: Successfully loaded Mixin Connector [com.sonicether.soundphysics.MixinConnector]
[14Sep2025 20:32:56.070] [main/DEBUG] [org.sinytra.connector.loader.ConnectorEarlyLoader/]: Starting early connector loader setup
[14Sep2025 20:32:56.083] [main/INFO] [cpw.mods.modlauncher.LaunchServiceHandler/MODLAUNCHER]: Launching target 'forgeserver' with arguments [nogui]
[14Sep2025 20:32:56.090] [main/DEBUG] [mixin/]: Preparing mixins for MixinEnvironment[DEFAULT]
[14Sep2025 20:32:56.096] [main/DEBUG] [mixin/]: Selecting config fabric-renderer-api-v1.mixins.json
[14Sep2025 20:32:56.108] [main/DEBUG] [mixin/]: Selecting config fabric-renderer-api-v1.debughud.mixins.json
[14Sep2025 20:32:56.110] [main/DEBUG] [mixin/]: Selecting config geckolib.mixins.json
[14Sep2025 20:32:56.112] [main/DEBUG] [mixin/]: Selecting config playerAnimator-common.mixins.json
[14Sep2025 20:32:56.118] [main/DEBUG] [mixin/]: Selecting config fabric-item-api-v1.mixins.json
[14Sep2025 20:32:56.120] [main/DEBUG] [mixin/]: Selecting config fabric-item-api-v1.client.mixins.json
[14Sep2025 20:32:56.123] [main/DEBUG] [mixin/]: Selecting config fabric-rendering-fluids-v1.mixins.json
[14Sep2025 20:32:56.125] [main/DEBUG] [mixin/]: Selecting config obsidianui.forge.mixins.json
[14Sep2025 20:32:56.127] [main/DEBUG] [mixin/]: Selecting config immersive_aircraft.mixins.json
[14Sep2025 20:32:56.130] [main/DEBUG] [mixin/]: Selecting config enhancedvisuals.mixins.json
[14Sep2025 20:32:56.132] [main/DEBUG] [mixin/]: Selecting config modernfix-common.mixins.json
[14Sep2025 20:32:56.226] [main/INFO] [ModernFix/]: Loaded configuration file for ModernFix 5.24.4+mc1.20.1: 96 options available, 0 override(s) found
[14Sep2025 20:32:56.227] [main/INFO] [ModernFix/]: Applying Nashorn fix
[14Sep2025 20:32:56.316] [pool-3-thread-1/DEBUG] [org.groovymc.gml.internal.GMLLangProvider/]: Found GMod entry-point class org.groovymc.cgl.impl.forge.CGLForge for mod commongroovylibrary
[14Sep2025 20:32:56.334] [main/INFO] [ModernFix/]: Applied Forge config corruption patch
[14Sep2025 20:32:56.341] [main/DEBUG] [mixin/]: Selecting config modernfix-forge.mixins.json
[14Sep2025 20:32:56.343] [main/DEBUG] [mixin/]: Selecting config citadel.mixins.json
[14Sep2025 20:32:56.345] [main/DEBUG] [mixin/]: Selecting config fabric-block-view-api-v2.mixins.json
[14Sep2025 20:32:56.347] [main/DEBUG] [mixin/]: Selecting config fabric-block-view-api-v2.client.mixins.json
[14Sep2025 20:32:56.349] [main/DEBUG] [mixin/]: Selecting config fabric-command-api-v2.mixins.json
[14Sep2025 20:32:56.354] [main/DEBUG] [mixin/]: Selecting config fabric-command-api-v2.client.mixins.json
[14Sep2025 20:32:56.356] [main/DEBUG] [mixin/]: Selecting config zombieawareness.mixins.json
[14Sep2025 20:32:56.361] [main/DEBUG] [mixin/]: Selecting config yungsapi.mixins.json
[14Sep2025 20:32:56.364] [main/DEBUG] [mixin/]: Selecting config yungsapi_forge.mixins.json
[14Sep2025 20:32:56.366] [main/DEBUG] [mixin/]: Selecting config fabric-data-attachment-api-v1.mixins.json
[14Sep2025 20:32:56.371] [main/DEBUG] [mixin/]: Selecting config fabric-data-attachment-api-v1.client.mixins.json
[14Sep2025 20:32:56.372] [main/DEBUG] [mixin/]: Selecting config mixinextras.init.mixins.json
[14Sep2025 20:32:56.405] [main/DEBUG] [MixinExtras|Service/]: com.llamalad7.mixinextras.service.MixinExtrasServiceImpl(version=0.4.1) is taking over from null
[14Sep2025 20:32:56.438] [main/DEBUG] [mixin/]: Registering new injector for @Inject with org.spongepowered.asm.mixin.injection.struct.CallbackInjectionInfo
[14Sep2025 20:32:56.439] [main/DEBUG] [mixin/]: Registering new injector for @ModifyArg with org.spongepowered.asm.mixin.injection.struct.ModifyArgInjectionInfo
[14Sep2025 20:32:56.440] [main/DEBUG] [mixin/]: Registering new injector for @ModifyArgs with org.spongepowered.asm.mixin.injection.struct.ModifyArgsInjectionInfo
[14Sep2025 20:32:56.444] [main/DEBUG] [mixin/]: Registering new injector for @Redirect with org.spongepowered.asm.mixin.injection.struct.RedirectInjectionInfo
[14Sep2025 20:32:56.444] [main/DEBUG] [mixin/]: Registering new injector for @ModifyVariable with org.spongepowered.asm.mixin.injection.struct.ModifyVariableInjectionInfo
[14Sep2025 20:32:56.445] [main/DEBUG] [mixin/]: Registering new injector for @ModifyConstant with org.spongepowered.asm.mixin.injection.struct.ModifyConstantInjectionInfo
[14Sep2025 20:32:56.456] [main/DEBUG] [mixin/]: Selecting config coolrain.mixins.json
[14Sep2025 20:32:56.458] [main/DEBUG] [mixin/]: Selecting config hordes.mixin.json
[14Sep2025 20:32:56.464] [main/DEBUG] [mixin/]: Selecting config snowrealmagic.mixins.json
[14Sep2025 20:32:56.469] [main/DEBUG] [mixin/]: Selecting config fabric-screen-api-v1.mixins.json
[14Sep2025 20:32:56.476] [main/DEBUG] [mixin/]: Selecting config melody.mixins.json
[14Sep2025 20:32:56.482] [main/DEBUG] [mixin/]: Selecting config melody.forge.mixins.json
[14Sep2025 20:32:56.484] [main/DEBUG] [mixin/]: Selecting config paraglider.mixins.json
[14Sep2025 20:32:56.489] [main/DEBUG] [mixin/]: Selecting config fabric-content-registries-v0.mixins.json
[14Sep2025 20:32:56.491] [main/DEBUG] [mixin/]: Selecting config konkrete.mixin.json
[14Sep2025 20:32:56.495] [main/DEBUG] [mixin/]: Selecting config embeddium.mixins.json
[14Sep2025 20:32:56.507] [main/INFO] [Embeddium/]: Loaded configuration file for Embeddium: 184 options available, 3 override(s) found
[14Sep2025 20:32:56.518] [main/DEBUG] [mixin/]: Selecting config tenshilib.mixins.json
[14Sep2025 20:32:56.520] [main/DEBUG] [mixin/]: Selecting config entity_model_features.mixins.json
[14Sep2025 20:32:56.526] [main/DEBUG] [mixin/]: Selecting config entity_texture_features.mixins.json
[14Sep2025 20:32:56.531] [main/DEBUG] [mixin/]: Selecting config combatroll.mixins.json
[14Sep2025 20:32:56.536] [main/DEBUG] [mixin/]: Selecting config fabric-game-rule-api-v1.mixins.json
[14Sep2025 20:32:56.538] [main/DEBUG] [mixin/]: Selecting config fabric-game-rule-api-v1.client.mixins.json
[14Sep2025 20:32:56.543] [main/DEBUG] [mixin/]: Selecting config ambientsounds.mixins.json
[14Sep2025 20:32:56.544] [main/DEBUG] [mixin/]: Selecting config fabric-api-lookup-api-v1.mixins.json
[14Sep2025 20:32:56.547] [main/DEBUG] [mixin/]: Selecting config projectvibrantjourneys.mixins.json
[14Sep2025 20:32:56.552] [main/DEBUG] [mixin/]: Selecting config patchouli_xplat.mixins.json
[14Sep2025 20:32:56.554] [main/DEBUG] [mixin/]: Selecting config mixins.oculus.json
[14Sep2025 20:32:56.558] [main/DEBUG] [mixin/]: Selecting config mixins.oculus.fantastic.json
[14Sep2025 20:32:56.562] [main/DEBUG] [mixin/]: Selecting config mixins.oculus.vertexformat.json
[14Sep2025 20:32:56.565] [main/DEBUG] [mixin/]: Selecting config mixins.oculus.bettermipmaps.json
[14Sep2025 20:32:56.569] [main/DEBUG] [mixin/]: Selecting config mixins.oculus.fixes.maxfpscrash.json
[14Sep2025 20:32:56.572] [main/DEBUG] [mixin/]: Selecting config oculus-batched-entity-rendering.mixins.json
[14Sep2025 20:32:56.577] [main/DEBUG] [mixin/]: Selecting config mixins.oculus.compat.sodium.json
[14Sep2025 20:32:56.580] [main/DEBUG] [mixin/]: Selecting config mixins.oculus.compat.indigo.json
[14Sep2025 20:32:56.584] [main/DEBUG] [mixin/]: Selecting config mixins.oculus.compat.indium.json
[14Sep2025 20:32:56.588] [main/DEBUG] [mixin/]: Selecting config mixins.oculus.compat.dh.json
[14Sep2025 20:32:56.593] [main/DEBUG] [mixin/]: Selecting config mixins.oculus.compat.pixelmon.json
[14Sep2025 20:32:56.598] [main/DEBUG] [mixin/]: Selecting config collective_forge.mixins.json
[14Sep2025 20:32:56.600] [main/DEBUG] [mixin/]: Selecting config connectormod.mixins.json
[14Sep2025 20:32:56.605] [main/DEBUG] [mixin/]: Selecting config pointblank.mixins.json
[14Sep2025 20:32:56.606] [main/DEBUG] [mixin/]: Selecting config pointblank.mixins.compat.iris.json
[14Sep2025 20:32:56.609] [main/DEBUG] [mixin/]: Selecting config pointblank.mixins.compat.iris16.json
[14Sep2025 20:32:56.611] [main/DEBUG] [mixin/]: Selecting config fabric-entity-events-v1.mixins.json
[14Sep2025 20:32:56.613] [main/DEBUG] [mixin/]: Selecting config fabric-entity-events-v1.client.mixins.json
[14Sep2025 20:32:56.615] [main/DEBUG] [mixin/]: Selecting config starterkit_forge.mixins.json
[14Sep2025 20:32:56.661] [main/DEBUG] [mixin/]: Selecting config cfm.mixins.json
[14Sep2025 20:32:56.663] [main/DEBUG] [mixin/]: Selecting config architectury.mixins.json
[14Sep2025 20:32:56.692] [main/DEBUG] [mixin/]: Selecting config architectury-common.mixins.json
[14Sep2025 20:32:56.697] [main/DEBUG] [mixin/]: Selecting config pandalib-common.mixins.json
[14Sep2025 20:32:56.702] [main/WARN] [mixin/]: Reference map 'pandalib-common-common-refmap.json' for pandalib-common.mixins.json could not be read. If this is a development environment you can ignore this message
[14Sep2025 20:32:56.705] [main/DEBUG] [mixin/]: Selecting config pandalib.mixins.json
[14Sep2025 20:32:56.710] [main/DEBUG] [mixin/]: Selecting config fabric-loot-api-v2.mixins.json
[14Sep2025 20:32:56.711] [main/DEBUG] [mixin/]: Selecting config transition.mixins.json
[14Sep2025 20:32:56.717] [main/DEBUG] [mixin/]: Selecting config itemphysic.mixins.json
[14Sep2025 20:32:56.722] [main/DEBUG] [mixin/]: Selecting config fabric-rendering-data-attachment-v1.mixins.json
[14Sep2025 20:32:56.728] [main/DEBUG] [mixin/]: Selecting config fabric-rendering-data-attachment-v1.client.mixins.json
[14Sep2025 20:32:56.733] [main/DEBUG] [mixin/]: Selecting config mru.mixins.json
[14Sep2025 20:32:56.734] [main/DEBUG] [mixin/]: Selecting config fabric-networking-api-v1.mixins.json
[14Sep2025 20:32:56.740] [main/DEBUG] [mixin/]: Selecting config fabric-networking-api-v1.client.mixins.json
[14Sep2025 20:32:56.740] [pool-3-thread-1/DEBUG] [org.groovymc.gml.internal.GMLLangProvider/]: Found GMod entry-point class com.matyrobbrt.eatinganimation.EatingAnimation for mod eatinganimation
[14Sep2025 20:32:56.745] [main/DEBUG] [mixin/]: Selecting config yeetusexperimentus.mixins.json
[14Sep2025 20:32:56.747] [main/DEBUG] [mixin/]: Selecting config fabric-lifecycle-events-v1.mixins.json
[14Sep2025 20:32:56.752] [main/DEBUG] [mixin/]: Selecting config fabric-lifecycle-events-v1.client.mixins.json
[14Sep2025 20:32:56.760] [main/DEBUG] [mixin/]: Selecting config fabric-key-binding-api-v1.mixins.json
[14Sep2025 20:32:56.762] [main/DEBUG] [mixin/]: Selecting config fallingtrees-common.mixins.json
[14Sep2025 20:32:56.766] [main/DEBUG] [mixin/]: Selecting config fallingtrees.mixins.json
[14Sep2025 20:32:56.774] [main/DEBUG] [mixin/]: Selecting config fabric-transfer-api-v1.mixins.json
[14Sep2025 20:32:56.776] [main/DEBUG] [mixin/]: Selecting config kiwi.mixins.json
[14Sep2025 20:32:56.786] [main/DEBUG] [mixin/]: Selecting config bhmenu.mixins.json
[14Sep2025 20:32:56.788] [main/DEBUG] [mixin/]: Selecting config doubledoors_forge.mixins.json
[14Sep2025 20:32:56.793] [main/DEBUG] [mixin/]: Selecting config wi-zoom.mixins.json
[14Sep2025 20:32:56.797] [main/DEBUG] [mixin/]: Selecting config fabric-model-loading-api-v1.mixins.json
[14Sep2025 20:32:56.799] [main/DEBUG] [mixin/]: Selecting config fabric-screen-handler-api-v1.mixins.json
[14Sep2025 20:32:56.802] [main/DEBUG] [mixin/]: Selecting config fabric-resource-loader-v0.mixins.json
[14Sep2025 20:32:56.807] [main/DEBUG] [mixin/]: Selecting config fabric-resource-loader-v0.client.mixins.json
[14Sep2025 20:32:56.809] [main/DEBUG] [mixin/]: Selecting config trender.mixins.json
[14Sep2025 20:32:56.814] [main/DEBUG] [mixin/]: Selecting config paxi.mixins.json
[14Sep2025 20:32:56.817] [main/DEBUG] [mixin/]: Selecting config paxi_forge.mixins.json
[14Sep2025 20:32:56.821] [main/DEBUG] [mixin/]: Selecting config immersive_weathering-common.mixins.json
[14Sep2025 20:32:56.824] [main/DEBUG] [mixin/]: Selecting config immersive_weathering.mixins.json
[14Sep2025 20:32:56.826] [main/DEBUG] [mixin/]: Selecting config fabric-rendering-v1.mixins.json
[14Sep2025 20:32:56.828] [main/DEBUG] [mixin/]: Selecting config fabric-renderer-indigo.mixins.json
[14Sep2025 20:32:56.830] [main/DEBUG] [mixin/]: Selecting config fallingleaves.mixins.json
[14Sep2025 20:32:56.833] [main/DEBUG] [mixin/]: Selecting config fabric-mining-level-api-v1.mixins.json
[14Sep2025 20:32:56.834] [main/DEBUG] [mixin/]: Selecting config configured.common.mixins.json
[14Sep2025 20:32:56.836] [main/DEBUG] [mixin/]: Selecting config myserveriscompatible.mixins.json
[14Sep2025 20:32:56.838] [main/DEBUG] [mixin/]: Selecting config glitchcore.mixins.json
[14Sep2025 20:32:56.842] [main/DEBUG] [mixin/]: Selecting config glitchcore.forge.mixins.json
[14Sep2025 20:32:56.844] [main/DEBUG] [mixin/]: Selecting config sereneseasons.mixins.json
[14Sep2025 20:32:56.846] [main/DEBUG] [mixin/]: Selecting config sereneseasons.forge.mixins.json
[14Sep2025 20:32:56.848] [main/DEBUG] [mixin/]: Selecting config fabric-particles-v1.client.mixins.json
[14Sep2025 20:32:56.850] [main/DEBUG] [mixin/]: Selecting config fog.mixins.json
[14Sep2025 20:32:56.852] [main/DEBUG] [mixin/]: Selecting config emi.mixins.json
[14Sep2025 20:32:56.856] [main/DEBUG] [mixin/]: Selecting config emi-forge.mixins.json
[14Sep2025 20:32:56.858] [main/DEBUG] [mixin/]: Selecting config moonlight-common.mixins.json
[14Sep2025 20:32:56.864] [main/DEBUG] [mixin/]: Selecting config moonlight.mixins.json
[14Sep2025 20:32:56.872] [main/DEBUG] [mixin/]: Selecting config fabric-api-base.init.mixins.json
[14Sep2025 20:32:56.873] [main/DEBUG] [mixin/]: Selecting config fabric-blockrenderlayer-v1.mixins.json
[14Sep2025 20:32:56.875] [main/DEBUG] [mixin/]: Selecting config jade.mixins.json
[14Sep2025 20:32:56.877] [main/DEBUG] [mixin/]: Selecting config creativecore.mixins.json
[14Sep2025 20:32:56.880] [main/DEBUG] [mixin/]: Selecting config creativecore.forge.mixins.json
[14Sep2025 20:32:56.883] [main/DEBUG] [mixin/]: Selecting config fabric-resource-conditions-api-v1.mixins.json
[14Sep2025 20:32:56.887] [main/DEBUG] [mixin/]: Selecting config fabric-item-group-api-v1.mixins.json
[14Sep2025 20:32:56.889] [main/DEBUG] [mixin/]: Selecting config fabric-item-group-api-v1.client.mixins.json
[14Sep2025 20:32:56.892] [main/DEBUG] [mixin/]: Selecting config securitycraft.mixins.json
[14Sep2025 20:32:56.894] [main/DEBUG] [mixin/]: Selecting config toughasnails.mixins.json
[14Sep2025 20:32:56.897] [main/DEBUG] [mixin/]: Selecting config toughasnails.forge.mixins.json
[14Sep2025 20:32:56.899] [main/DEBUG] [mixin/]: Selecting config entityculling.mixins.json
[14Sep2025 20:32:56.901] [main/DEBUG] [mixin/]: Selecting config fabric-biome-api-v1.mixins.json
[14Sep2025 20:32:56.904] [main/DEBUG] [mixin/]: Selecting config fancymenu.mixins.json
[14Sep2025 20:32:56.907] [main/DEBUG] [mixin/]: Selecting config fancymenu.forge.mixins.json
[14Sep2025 20:32:56.911] [main/DEBUG] [mixin/]: Selecting config fabric-registry-sync-v0.mixins.json
[14Sep2025 20:32:56.912] [main/DEBUG] [mixin/]: Selecting config fabric-registry-sync-v0.client.mixins.json
[14Sep2025 20:32:56.916] [main/DEBUG] [mixin/]: Selecting config immediatelyfast-forge.mixins.json
[14Sep2025 20:32:56.947] [main/DEBUG] [mixin/]: Selecting config immediatelyfast-common.mixins.json
[14Sep2025 20:32:56.955] [main/DEBUG] [mixin/]: Selecting config coroutil.mixins.json
[14Sep2025 20:32:57.056] [main/WARN] [mixin/]: Reference map 'coroutil.refmap.json' for coroutil.mixins.json could not be read. If this is a development environment you can ignore this message
[14Sep2025 20:32:57.056] [main/DEBUG] [mixin/]: Selecting config fabric-recipe-api-v1.mixins.json
[14Sep2025 20:32:57.060] [main/DEBUG] [mixin/]: Selecting config moremobvariants.mixins.json
[14Sep2025 20:32:57.063] [main/DEBUG] [mixin/]: Selecting config ferritecore.predicates.mixin.json
[14Sep2025 20:32:57.083] [main/DEBUG] [mixin/]: Selecting config ferritecore.fastmap.mixin.json
[14Sep2025 20:32:57.086] [main/DEBUG] [mixin/]: Selecting config ferritecore.mrl.mixin.json
[14Sep2025 20:32:57.090] [main/DEBUG] [mixin/]: Selecting config ferritecore.dedupmultipart.mixin.json
[14Sep2025 20:32:57.093] [main/DEBUG] [mixin/]: Selecting config ferritecore.blockstatecache.mixin.json
[14Sep2025 20:32:57.096] [main/DEBUG] [mixin/]: Selecting config ferritecore.dedupbakedquad.mixin.json
[14Sep2025 20:32:57.099] [main/DEBUG] [mixin/]: Selecting config ferritecore.threaddetec.mixin.json
[14Sep2025 20:32:57.102] [main/DEBUG] [mixin/]: Selecting config ferritecore.modelsides.mixin.json
[14Sep2025 20:32:57.105] [main/DEBUG] [mixin/]: Selecting config fabric-object-builder-v1.mixins.json
[14Sep2025 20:32:57.108] [main/DEBUG] [mixin/]: Selecting config kirin.mixin.json
[14Sep2025 20:32:57.111] [main/DEBUG] [mixin/]: Selecting config yacl.mixins.json
[14Sep2025 20:32:57.114] [main/DEBUG] [mixin/]: Selecting config visuality.mixins.json
[14Sep2025 20:32:57.119] [main/DEBUG] [mixin/]: Selecting config sodium-extra.mixins.json
[14Sep2025 20:32:57.139] [main/INFO] [Embeddium Extra/]: Loaded configuration file for Sodium Extra: 35 options available, 0 override(s) found
[14Sep2025 20:32:57.147] [main/DEBUG] [mixin/]: Selecting config ryoamiclights.common.mixins.json
[14Sep2025 20:32:57.150] [main/DEBUG] [mixin/]: Selecting config ryoamiclights.forge.mixins.json
[14Sep2025 20:32:57.174] [main/DEBUG] [mixin/]: Selecting config fabric-sound-api-v1.mixins.json
[14Sep2025 20:32:57.181] [main/DEBUG] [mixin/]: Selecting config fabric-message-api-v1.mixins.json
[14Sep2025 20:32:57.192] [main/DEBUG] [mixin/]: Selecting config fabric-message-api-v1.client.mixins.json
[14Sep2025 20:32:57.234] [main/DEBUG] [mixin/]: Selecting config improvedmobs.mixins.json
[14Sep2025 20:32:57.240] [main/DEBUG] [mixin/]: Selecting config improvedmobs.mixins.compat.json
[14Sep2025 20:32:57.243] [main/DEBUG] [mixin/]: Selecting config healingcampfire_forge.mixins.json
[14Sep2025 20:32:57.246] [main/DEBUG] [mixin/]: Selecting config fabric-data-generation-api-v1.mixins.json
[14Sep2025 20:32:57.248] [main/DEBUG] [mixin/]: Selecting config fabric-events-interaction-v0.mixins.json
[14Sep2025 20:32:57.251] [main/DEBUG] [mixin/]: Selecting config fabric-events-interaction-v0.client.mixins.json
[14Sep2025 20:32:57.254] [main/DEBUG] [mixin/]: Selecting config adapter.init.mixins.json
[14Sep2025 20:32:57.263] [main/DEBUG] [mixin/]: Registering new injector for @ModifyInstanceofValue with org.sinytra.adapter.runtime.inject.ModifyInstanceofValueInjectionInfo
[14Sep2025 20:32:57.269] [main/WARN] [mixin/]: Reference map '' for adapter.init.mixins.json could not be read. If this is a development environment you can ignore this message
[14Sep2025 20:32:57.270] [main/DEBUG] [mixin/]: Selecting config sound_physics_remastered.mixins.json
[14Sep2025 20:32:57.274] [main/DEBUG] [mixin/]: Preparing fabric-renderer-api-v1.mixins.json (5)
[14Sep2025 20:32:57.274] [main/DEBUG] [mixin/]: Preparing fabric-renderer-api-v1.debughud.mixins.json (1)
[14Sep2025 20:32:57.274] [main/DEBUG] [mixin/]: Preparing geckolib.mixins.json (1)
[14Sep2025 20:32:57.274] [main/DEBUG] [mixin/]: Preparing playerAnimator-common.mixins.json (14)
[14Sep2025 20:32:57.274] [main/DEBUG] [mixin/]: Preparing fabric-item-api-v1.mixins.json (2)
[14Sep2025 20:32:57.348] [main/DEBUG] [net.minecraftforge.coremod.transformer.CoreModBaseTransformer/COREMOD]: Transforming net/minecraft/world/item/ItemStack
[14Sep2025 20:32:57.386] [main/DEBUG] [mixin/]: Preparing fabric-item-api-v1.client.mixins.json (1)
[14Sep2025 20:32:57.387] [main/DEBUG] [mixin/]: Preparing fabric-rendering-fluids-v1.mixins.json (2)
[14Sep2025 20:32:57.387] [main/DEBUG] [mixin/]: Preparing obsidianui.forge.mixins.json (1)
[14Sep2025 20:32:57.387] [main/DEBUG] [mixin/]: Preparing immersive_aircraft.mixins.json (15)
[14Sep2025 20:32:57.448] [main/DEBUG] [mixin/]: Preparing enhancedvisuals.mixins.json (10)
[14Sep2025 20:32:57.512] [main/DEBUG] [mixin/]: Preparing modernfix-common.mixins.json (109)
[14Sep2025 20:32:57.530] [main/DEBUG] [ModernFix/]: No rules matched mixin 'perf.compact_mojang_registries.MappedRegistryMixin', treating as foreign and disabling!
[14Sep2025 20:32:57.698] [main/DEBUG] [net.minecraftforge.coremod.transformer.CoreModBaseTransformer/COREMOD]: Transforming net/minecraft/world/level/biome/Biome
[14Sep2025 20:32:57.767] [main/DEBUG] [net.minecraftforge.coremod.transformer.CoreModBaseTransformer/COREMOD]: Transforming net/minecraft/world/item/CreativeModeTab
[14Sep2025 20:32:57.880] [main/DEBUG] [net.minecraftforge.coremod.CoreMod.connectormod/COREMODLOG]: Injected vanilla CreativeModeTab constructor
[14Sep2025 20:32:57.895] [main/DEBUG] [mixin/]: Preparing modernfix-forge.mixins.json (60)
[14Sep2025 20:32:57.985] [main/DEBUG] [net.minecraftforge.coremod.transformer.CoreModBaseTransformer/COREMOD]: Transforming m_147215_ with desc (Lnet/minecraft/world/effect/MobEffectInstance;Lnet/minecraft/world/entity/Entity;)V
[14Sep2025 20:32:58.047] [main/DEBUG] [net.minecraftforge.coremod.CoreMod.connectormod/COREMODLOG]: Expanded local variable scope for LivingEntity#forceAddEffect index 3
[14Sep2025 20:32:58.048] [main/DEBUG] [net.minecraftforge.coremod.transformer.CoreModBaseTransformer/COREMOD]: Transforming m_6672_ with desc (Lnet/minecraft/world/InteractionHand;)V
[14Sep2025 20:32:58.084] [main/DEBUG] [net.minecraftforge.coremod.CoreMod.connectormod/COREMODLOG]: Updated onItemUseStart duration threshold
[14Sep2025 20:32:58.173] [main/DEBUG] [mixin/]: Preparing citadel.mixins.json (16)
[14Sep2025 20:32:58.220] [main/DEBUG] [mixin/]: Preparing fabric-block-view-api-v2.mixins.json (3)
[14Sep2025 20:32:58.230] [main/DEBUG] [mixin/]: Preparing fabric-block-view-api-v2.client.mixins.json (2)
[14Sep2025 20:32:58.230] [main/DEBUG] [mixin/]: Preparing fabric-command-api-v2.mixins.json (1)
[14Sep2025 20:32:58.241] [main/DEBUG] [mixin/]: Preparing fabric-command-api-v2.client.mixins.json (2)
[14Sep2025 20:32:58.241] [main/DEBUG] [mixin/]: Preparing zombieawareness.mixins.json (4)
[14Sep2025 20:32:58.242] [GML Mappings Thread/INFO] [org.groovymc.gml.mappings.MappingsProvider/]: Loaded runtime mappings in 4891ms
[14Sep2025 20:32:58.244] [GML Mappings Thread/INFO] [org.groovymc.gml.mappings.MappingsProvider/]: Finished runtime mappings setup.
[14Sep2025 20:32:58.249] [main/DEBUG] [mixin/]: Preparing yungsapi.mixins.json (11)
[14Sep2025 20:32:58.256] [main/DEBUG] [yungsapi/]: Loaded com.yungnickyoung.minecraft.yungsapi.services.ForgePlatformHelper@535b4dbf for service interface com.yungnickyoung.minecraft.yungsapi.services.IPlatformHelper
[14Sep2025 20:32:58.258] [main/DEBUG] [yungsapi/]: Loaded com.yungnickyoung.minecraft.yungsapi.services.ForgeAutoRegisterHelper@677274e7 for service interface com.yungnickyoung.minecraft.yungsapi.services.IAutoRegisterHelper
[14Sep2025 20:32:58.258] [main/DEBUG] [yungsapi/]: Loaded com.yungnickyoung.minecraft.yungsapi.services.ForgeBlockEntityTypeHelper@4b2af0eb for service interface com.yungnickyoung.minecraft.yungsapi.services.IBlockEntityTypeHelper
[14Sep2025 20:32:58.259] [main/DEBUG] [yungsapi/]: Loaded com.yungnickyoung.minecraft.yungsapi.services.ForgeParticleTypeHelper@75b25ec3 for service interface com.yungnickyoung.minecraft.yungsapi.services.IParticleTypeHelper
[14Sep2025 20:32:58.270] [main/DEBUG] [mixin/]: Preparing yungsapi_forge.mixins.json (1)
[14Sep2025 20:32:58.270] [main/DEBUG] [mixin/]: Preparing fabric-data-attachment-api-v1.mixins.json (8)
[14Sep2025 20:32:58.279] [main/DEBUG] [mixin/]: Preparing fabric-data-attachment-api-v1.client.mixins.json (1)
[14Sep2025 20:32:58.279] [main/DEBUG] [mixin/]: Preparing mixinextras.init.mixins.json (0)
[14Sep2025 20:32:58.279] [main/DEBUG] [mixin/]: Preparing coolrain.mixins.json (1)
[14Sep2025 20:32:58.279] [main/DEBUG] [mixin/]: Preparing hordes.mixin.json (27)
[14Sep2025 20:32:58.298] [main/DEBUG] [net.minecraftforge.coremod.transformer.CoreModBaseTransformer/COREMOD]: Transforming net/minecraft/world/effect/MobEffectInstance
[14Sep2025 20:32:58.317] [main/DEBUG] [net.minecraftforge.coremod.transformer.CoreModBaseTransformer/COREMOD]: Transforming net/minecraft/world/entity/monster/Zombie
[14Sep2025 20:32:58.547] [main/DEBUG] [net.minecraftforge.coremod.transformer.CoreModBaseTransformer/COREMOD]: Transforming net/minecraft/world/entity/monster/ZombieVillager
[14Sep2025 20:32:58.653] [main/DEBUG] [mixin/]: Preparing snowrealmagic.mixins.json (23)
[14Sep2025 20:32:58.688] [main/DEBUG] [mixin/]: Preparing fabric-screen-api-v1.mixins.json (4)
[14Sep2025 20:32:58.689] [main/ERROR] [net.minecraftforge.fml.loading.RuntimeDistCleaner/DISTXFORM]: Attempted to load class net/minecraft/client/MouseHandler for invalid dist DEDICATED_SERVER
[14Sep2025 20:32:58.690] [main/WARN] [mixin/]: Error loading class: net/minecraft/client/MouseHandler (java.lang.RuntimeException: Attempted to load class net/minecraft/client/MouseHandler for invalid dist DEDICATED_SERVER)
[14Sep2025 20:32:58.693] [main/WARN] [mixin/]: @Mixin target net.minecraft.client.MouseHandler was not found fabric-screen-api-v1.mixins.json:MouseMixin from mod fabric_screen_api_v1
[14Sep2025 20:32:58.695] [main/ERROR] [net.minecraftforge.fml.loading.RuntimeDistCleaner/DISTXFORM]: Attempted to load class net/minecraft/client/gui/screens/Screen for invalid dist DEDICATED_SERVER
[14Sep2025 20:32:58.695] [main/WARN] [mixin/]: Error loading class: net/minecraft/client/gui/screens/Screen (java.lang.RuntimeException: Attempted to load class net/minecraft/client/gui/screens/Screen for invalid dist DEDICATED_SERVER)
[14Sep2025 20:32:58.695] [main/WARN] [mixin/]: @Mixin target net.minecraft.client.gui.screens.Screen was not found fabric-screen-api-v1.mixins.json:ScreenAccessor from mod fabric_screen_api_v1
[14Sep2025 20:32:58.695] [main/DEBUG] [mixin/]: Preparing melody.mixins.json (3)
[14Sep2025 20:32:58.695] [main/DEBUG] [mixin/]: Preparing melody.forge.mixins.json (0)
[14Sep2025 20:32:58.695] [main/DEBUG] [mixin/]: Preparing paraglider.mixins.json (4)
[14Sep2025 20:32:58.705] [main/DEBUG] [net.minecraftforge.coremod.transformer.CoreModBaseTransformer/COREMOD]: Transforming net/minecraft/world/entity/raid/Raid
[14Sep2025 20:32:58.902] [main/DEBUG] [mixin/]: Preparing fabric-content-registries-v0.mixins.json (8)
[14Sep2025 20:32:58.916] [main/DEBUG] [net.minecraftforge.coremod.transformer.CoreModBaseTransformer/COREMOD]: Transforming net/minecraft/world/entity/npc/Villager
[14Sep2025 20:32:59.132] [main/DEBUG] [mixin/]: Preparing konkrete.mixin.json (5)
[14Sep2025 20:32:59.132] [main/DEBUG] [mixin/]: Preparing embeddium.mixins.json (0)
[14Sep2025 20:32:59.133] [main/DEBUG] [mixin/]: Preparing tenshilib.mixins.json (13)
[14Sep2025 20:32:59.133] [main/DEBUG] [mixin/]: Preparing entity_model_features.mixins.json (45)
[14Sep2025 20:32:59.133] [main/DEBUG] [mixin/]: Preparing entity_texture_features.mixins.json (48)
[14Sep2025 20:32:59.150] [main/DEBUG] [net.minecraftforge.coremod.transformer.CoreModBaseTransformer/COREMOD]: Transforming m_151311_ with desc (Lnet/minecraft/server/level/ServerLevel;Lnet/minecraft/core/BlockPos;)V
[14Sep2025 20:32:59.173] [main/DEBUG] [net.minecraftforge.coremod.CoreMod.connectormod/COREMODLOG]: Expanded local variable scope for BaseSpawner#serverTick index 3
[14Sep2025 20:32:59.191] [main/WARN] [mixin/]: Error loading class: dev/tr7zw/skinlayers/render/CustomizableModelPart (java.lang.ClassNotFoundException: dev.tr7zw.skinlayers.render.CustomizableModelPart)
[14Sep2025 20:32:59.191] [main/DEBUG] [mixin/]: Skipping virtual target dev.tr7zw.skinlayers.render.CustomizableModelPart for entity_texture_features.mixins.json:mods.skin_layers.MixinCustomizableModelPart from mod entity_texture_features
[14Sep2025 20:32:59.196] [main/DEBUG] [mixin/]: Preparing combatroll.mixins.json (10)
[14Sep2025 20:32:59.209] [main/DEBUG] [mixin/]: Preparing fabric-game-rule-api-v1.mixins.json (6)
[14Sep2025 20:32:59.218] [main/DEBUG] [mixin/]: Preparing fabric-game-rule-api-v1.client.mixins.json (3)
[14Sep2025 20:32:59.219] [main/DEBUG] [mixin/]: Preparing ambientsounds.mixins.json (2)
[14Sep2025 20:32:59.219] [main/DEBUG] [mixin/]: Preparing fabric-api-lookup-api-v1.mixins.json (2)
[14Sep2025 20:32:59.219] [main/DEBUG] [mixin/]: Preparing projectvibrantjourneys.mixins.json (1)
[14Sep2025 20:32:59.224] [main/DEBUG] [mixin/]: Preparing patchouli_xplat.mixins.json (10)
[14Sep2025 20:32:59.226] [main/DEBUG] [mixin/]: Preparing mixins.oculus.json (88)
[14Sep2025 20:32:59.229] [main/DEBUG] [mixin/]: Preparing mixins.oculus.fantastic.json (5)
[14Sep2025 20:32:59.229] [main/DEBUG] [mixin/]: Preparing mixins.oculus.vertexformat.json (8)
[14Sep2025 20:32:59.229] [main/DEBUG] [mixin/]: Preparing mixins.oculus.bettermipmaps.json (0)
[14Sep2025 20:32:59.229] [main/DEBUG] [mixin/]: Preparing mixins.oculus.fixes.maxfpscrash.json (1)
[14Sep2025 20:32:59.229] [main/DEBUG] [mixin/]: Preparing oculus-batched-entity-rendering.mixins.json (17)
[14Sep2025 20:32:59.229] [main/DEBUG] [mixin/]: Preparing mixins.oculus.compat.sodium.json (49)
[14Sep2025 20:32:59.229] [main/DEBUG] [mixin/]: Preparing mixins.oculus.compat.indigo.json (1)
[14Sep2025 20:32:59.229] [main/DEBUG] [mixin/]: Preparing mixins.oculus.compat.indium.json (1)
[14Sep2025 20:32:59.229] [main/DEBUG] [mixin/]: Preparing mixins.oculus.compat.dh.json (4)
[14Sep2025 20:32:59.230] [main/DEBUG] [mixin/]: Preparing mixins.oculus.compat.pixelmon.json (1)
[14Sep2025 20:32:59.230] [main/DEBUG] [mixin/]: Preparing collective_forge.mixins.json (5)
[14Sep2025 20:32:59.232] [main/DEBUG] [mixin/]: Preparing connectormod.mixins.json (40)
[14Sep2025 20:32:59.243] [main/DEBUG] [net.minecraftforge.coremod.transformer.CoreModBaseTransformer/COREMOD]: Transforming getAttributeModifiers with desc (Lnet/minecraft/world/entity/EquipmentSlot;Lnet/minecraft/world/item/ItemStack;)Lcom/google/common/collect/Multimap;
[14Sep2025 20:32:59.256] [main/DEBUG] [net.minecraftforge.coremod.transformer.CoreModBaseTransformer/COREMOD]: Transforming getCraftingRemainingItem with desc (Lnet/minecraft/world/item/ItemStack;)Lnet/minecraft/world/item/ItemStack;
[14Sep2025 20:32:59.272] [main/DEBUG] [net.minecraftforge.coremod.transformer.CoreModBaseTransformer/COREMOD]: Transforming hasCraftingRemainingItem with desc (Lnet/minecraft/world/item/ItemStack;)Z
[14Sep2025 20:32:59.279] [main/DEBUG] [net.minecraftforge.coremod.transformer.CoreModBaseTransformer/COREMOD]: Transforming getEquipmentSlot with desc (Lnet/minecraft/world/item/ItemStack;)Lnet/minecraft/world/entity/EquipmentSlot;
[14Sep2025 20:32:59.298] [main/DEBUG] [net.minecraftforge.coremod.transformer.CoreModBaseTransformer/COREMOD]: Transforming isCorrectToolForDrops with desc (Lnet/minecraft/world/item/ItemStack;Lnet/minecraft/world/level/block/state/BlockState;)Z
[14Sep2025 20:32:59.314] [main/DEBUG] [net.minecraftforge.coremod.transformer.CoreModBaseTransformer/COREMOD]: Transforming shouldCauseReequipAnimation with desc (Lnet/minecraft/world/item/ItemStack;Lnet/minecraft/world/item/ItemStack;Z)Z
[14Sep2025 20:32:59.327] [main/DEBUG] [net.minecraftforge.coremod.transformer.CoreModBaseTransformer/COREMOD]: Transforming damageItem with desc (Lnet/minecraft/world/item/ItemStack;ILnet/minecraft/world/entity/LivingEntity;Ljava/util/function/Consumer;)I
[14Sep2025 20:32:59.348] [main/DEBUG] [net.minecraftforge.coremod.transformer.CoreModBaseTransformer/COREMOD]: Transforming net/minecraftforge/common/extensions/IForgeItem
[14Sep2025 20:32:59.372] [main/DEBUG] [mixin/]: Preparing pointblank.mixins.json (14)
[14Sep2025 20:32:59.374] [main/DEBUG] [mixin/]: Preparing pointblank.mixins.compat.iris.json (6)
[14Sep2025 20:32:59.374] [main/DEBUG] [mixin/]: Preparing pointblank.mixins.compat.iris16.json (1)
[14Sep2025 20:32:59.374] [main/DEBUG] [mixin/]: Preparing fabric-entity-events-v1.mixins.json (9)
[14Sep2025 20:32:59.380] [main/DEBUG] [net.minecraftforge.coremod.transformer.CoreModBaseTransformer/COREMOD]: Transforming net/minecraft/world/entity/animal/frog/Tadpole
[14Sep2025 20:32:59.432] [main/DEBUG] [mixin/]: Preparing fabric-entity-events-v1.client.mixins.json (1)
[14Sep2025 20:32:59.432] [main/DEBUG] [mixin/]: Preparing starterkit_forge.mixins.json (0)
[14Sep2025 20:32:59.432] [main/DEBUG] [mixin/]: Preparing cfm.mixins.json (2)
[14Sep2025 20:32:59.433] [main/DEBUG] [mixin/]: Preparing architectury.mixins.json (9)
[14Sep2025 20:32:59.438] [main/DEBUG] [mixin/]: Preparing architectury-common.mixins.json (10)
[14Sep2025 20:32:59.439] [main/DEBUG] [net.minecraftforge.coremod.transformer.CoreModBaseTransformer/COREMOD]: Transforming net/minecraft/world/item/BucketItem
[14Sep2025 20:32:59.445] [main/DEBUG] [net.minecraftforge.coremod.transformer.CoreModBaseTransformer/COREMOD]: Transforming net/minecraft/world/entity/EntityType
[14Sep2025 20:32:59.530] [main/DEBUG] [net.minecraftforge.coremod.transformer.CoreModBaseTransformer/COREMOD]: Transforming net/minecraft/world/level/block/LiquidBlock
[14Sep2025 20:32:59.537] [main/DEBUG] [mixin/]: Preparing pandalib-common.mixins.json (0)
[14Sep2025 20:32:59.537] [main/DEBUG] [mixin/]: Preparing pandalib.mixins.json (1)
[14Sep2025 20:32:59.541] [main/DEBUG] [mixin/]: Preparing fabric-loot-api-v2.mixins.json (6)
[14Sep2025 20:32:59.553] [main/DEBUG] [mixin/]: Preparing transition.mixins.json (3)
[14Sep2025 20:32:59.553] [main/DEBUG] [mixin/]: Preparing itemphysic.mixins.json (7)
[14Sep2025 20:32:59.562] [main/DEBUG] [mixin/]: Preparing fabric-rendering-data-attachment-v1.mixins.json (2)
[14Sep2025 20:32:59.562] [main/DEBUG] [mixin/]: Preparing fabric-rendering-data-attachment-v1.client.mixins.json (1)
[14Sep2025 20:32:59.562] [main/DEBUG] [mixin/]: Preparing mru.mixins.json (2)
[14Sep2025 20:32:59.564] [main/DEBUG] [mixin/]: Preparing fabric-networking-api-v1.mixins.json (11)
[14Sep2025 20:32:59.583] [main/DEBUG] [mixin/]: @Mixin target net/minecraft/server/level/ChunkMap$TrackedEntity is public in fabric-networking-api-v1.mixins.json:accessor.EntityTrackerAccessor from mod fabric_networking_api_v1 and should be specified in value
[14Sep2025 20:32:59.583] [main/DEBUG] [mixin/]: Preparing fabric-networking-api-v1.client.mixins.json (5)
[14Sep2025 20:32:59.583] [main/DEBUG] [mixin/]: Preparing yeetusexperimentus.mixins.json (2)
[14Sep2025 20:32:59.583] [main/DEBUG] [mixin/]: Preparing fabric-lifecycle-events-v1.mixins.json (9)
[14Sep2025 20:32:59.587] [main/DEBUG] [mixin/]: @Mixin target net/minecraft/server/level/ServerLevel$EntityCallbacks is public in fabric-lifecycle-events-v1.mixins.json:ServerWorldServerEntityHandlerMixin from mod fabric_lifecycle_events_v1 and should be specified in value
[14Sep2025 20:32:59.591] [main/DEBUG] [mixin/]: Preparing fabric-lifecycle-events-v1.client.mixins.json (6)
[14Sep2025 20:32:59.633] [main/DEBUG] [mixin/]: Preparing fabric-key-binding-api-v1.mixins.json (1)
[14Sep2025 20:32:59.633] [main/DEBUG] [mixin/]: Preparing fallingtrees-common.mixins.json (2)
[14Sep2025 20:32:59.634] [main/DEBUG] [mixin/]: Preparing fallingtrees.mixins.json (0)
[14Sep2025 20:32:59.634] [main/DEBUG] [mixin/]: Preparing fabric-transfer-api-v1.mixins.json (9)
[14Sep2025 20:32:59.652] [main/DEBUG] [mixin/]: Preparing kiwi.mixins.json (42)
[14Sep2025 20:32:59.662] [main/DEBUG] [mixin/]: Preparing bhmenu.mixins.json (2)
[14Sep2025 20:32:59.662] [main/DEBUG] [mixin/]: Preparing doubledoors_forge.mixins.json (4)
[14Sep2025 20:32:59.668] [main/DEBUG] [mixin/]: Preparing wi-zoom.mixins.json (3)
[14Sep2025 20:32:59.668] [main/DEBUG] [mixin/]: Preparing fabric-model-loading-api-v1.mixins.json (3)
[14Sep2025 20:32:59.668] [main/DEBUG] [mixin/]: Preparing fabric-screen-handler-api-v1.mixins.json (4)
[14Sep2025 20:32:59.669] [main/DEBUG] [mixin/]: Preparing fabric-resource-loader-v0.mixins.json (6)
[14Sep2025 20:32:59.680] [main/DEBUG] [mixin/]: Preparing fabric-resource-loader-v0.client.mixins.json (4)
[14Sep2025 20:32:59.681] [main/DEBUG] [mixin/]: Preparing trender.mixins.json (3)
[14Sep2025 20:32:59.681] [main/DEBUG] [mixin/]: Preparing paxi.mixins.json (1)
[14Sep2025 20:32:59.682] [main/DEBUG] [mixin/]: Preparing paxi_forge.mixins.json (1)
[14Sep2025 20:32:59.683] [main/DEBUG] [mixin/]: Preparing immersive_weathering-common.mixins.json (26)
[14Sep2025 20:32:59.704] [main/DEBUG] [mixin/]: Preparing immersive_weathering.mixins.json (5)
[14Sep2025 20:32:59.706] [main/DEBUG] [mixin/]: Preparing fabric-rendering-v1.mixins.json (11)
[14Sep2025 20:32:59.707] [main/DEBUG] [mixin/]: Preparing fabric-renderer-indigo.mixins.json (5)
[14Sep2025 20:32:59.707] [main/DEBUG] [mixin/]: Preparing fallingleaves.mixins.json (5)
[14Sep2025 20:32:59.707] [main/DEBUG] [mixin/]: Preparing fabric-mining-level-api-v1.mixins.json (3)
[14Sep2025 20:32:59.709] [main/DEBUG] [mixin/]: Preparing configured.common.mixins.json (2)
[14Sep2025 20:32:59.709] [main/DEBUG] [mixin/]: Preparing myserveriscompatible.mixins.json (1)
[14Sep2025 20:32:59.709] [main/DEBUG] [mixin/]: Preparing glitchcore.mixins.json (4)
[14Sep2025 20:32:59.710] [main/DEBUG] [mixin/]: Preparing glitchcore.forge.mixins.json (7)
[14Sep2025 20:32:59.712] [main/DEBUG] [mixin/]: Preparing sereneseasons.mixins.json (6)
[14Sep2025 20:32:59.713] [main/DEBUG] [mixin/]: Preparing sereneseasons.forge.mixins.json (0)
[14Sep2025 20:32:59.713] [main/DEBUG] [mixin/]: Preparing fabric-particles-v1.client.mixins.json (4)
[14Sep2025 20:32:59.713] [main/DEBUG] [mixin/]: Preparing fog.mixins.json (2)
[14Sep2025 20:32:59.713] [main/DEBUG] [mixin/]: Preparing emi.mixins.json (24)
[14Sep2025 20:32:59.713] [main/DEBUG] [mixin/]: Preparing emi-forge.mixins.json (0)
[14Sep2025 20:32:59.713] [main/DEBUG] [mixin/]: Preparing moonlight-common.mixins.json (38)
[14Sep2025 20:32:59.751] [main/DEBUG] [mixin/]: Preparing moonlight.mixins.json (12)
[14Sep2025 20:32:59.756] [main/DEBUG] [mixin/]: Preparing fabric-api-base.init.mixins.json (0)
[14Sep2025 20:32:59.756] [main/DEBUG] [mixin/]: Preparing fabric-blockrenderlayer-v1.mixins.json (2)
[14Sep2025 20:32:59.756] [main/DEBUG] [mixin/]: Preparing jade.mixins.json (2)
[14Sep2025 20:32:59.756] [main/DEBUG] [mixin/]: Preparing creativecore.mixins.json (8)
[14Sep2025 20:32:59.786] [main/DEBUG] [mixin/]: Preparing creativecore.forge.mixins.json (3)
[14Sep2025 20:32:59.787] [main/DEBUG] [mixin/]: Preparing fabric-resource-conditions-api-v1.mixins.json (5)
[14Sep2025 20:32:59.792] [main/DEBUG] [mixin/]: Preparing fabric-item-group-api-v1.mixins.json (1)
[14Sep2025 20:32:59.792] [main/DEBUG] [mixin/]: Preparing fabric-item-group-api-v1.client.mixins.json (1)
[14Sep2025 20:32:59.792] [main/DEBUG] [mixin/]: Preparing securitycraft.mixins.json (23)
[14Sep2025 20:32:59.841] [main/DEBUG] [net.minecraftforge.coremod.transformer.CoreModBaseTransformer/COREMOD]: Transforming net/minecraft/world/level/levelgen/structure/templatesystem/StructureTemplate
[14Sep2025 20:32:59.971] [main/DEBUG] [mixin/]: Preparing toughasnails.mixins.json (8)
[14Sep2025 20:32:59.979] [main/DEBUG] [mixin/]: Preparing toughasnails.forge.mixins.json (4)
[14Sep2025 20:32:59.998] [main/DEBUG] [mixin/]: Preparing entityculling.mixins.json (6)
[14Sep2025 20:32:59.998] [main/DEBUG] [mixin/]: Preparing fabric-biome-api-v1.mixins.json (7)
[14Sep2025 20:33:00.014] [main/DEBUG] [mixin/]: Preparing fancymenu.mixins.json (61)
[14Sep2025 20:33:00.017] [main/DEBUG] [mixin/]: Preparing fancymenu.forge.mixins.json (5)
[14Sep2025 20:33:00.017] [main/DEBUG] [mixin/]: Preparing fabric-registry-sync-v0.mixins.json (10)
[14Sep2025 20:33:00.026] [main/DEBUG] [mixin/]: Preparing fabric-registry-sync-v0.client.mixins.json (1)
[14Sep2025 20:33:00.026] [main/DEBUG] [mixin/]: Preparing immediatelyfast-forge.mixins.json (5)
[14Sep2025 20:33:00.026] [main/DEBUG] [mixin/]: Preparing immediatelyfast-common.mixins.json (33)
[14Sep2025 20:33:00.027] [main/DEBUG] [mixin/]: Preparing coroutil.mixins.json (0)
[14Sep2025 20:33:00.027] [main/DEBUG] [mixin/]: Preparing fabric-recipe-api-v1.mixins.json (4)
[14Sep2025 20:33:00.029] [main/DEBUG] [mixin/]: Preparing moremobvariants.mixins.json (25)
[14Sep2025 20:33:00.040] [main/DEBUG] [net.minecraftforge.coremod.transformer.CoreModBaseTransformer/COREMOD]: Transforming net/minecraft/world/entity/monster/Spider
[14Sep2025 20:33:00.056] [main/DEBUG] [mixin/]: Preparing ferritecore.predicates.mixin.json (3)
[14Sep2025 20:33:00.057] [main/DEBUG] [mixin/]: Preparing ferritecore.fastmap.mixin.json (1)
[14Sep2025 20:33:00.059] [main/DEBUG] [mixin/]: Preparing ferritecore.mrl.mixin.json (2)
[14Sep2025 20:33:00.059] [main/DEBUG] [mixin/]: Preparing ferritecore.dedupmultipart.mixin.json (2)
[14Sep2025 20:33:00.060] [main/DEBUG] [mixin/]: Preparing ferritecore.blockstatecache.mixin.json (8)
[14Sep2025 20:33:00.063] [main/DEBUG] [mixin/]: @Mixin target net/minecraft/world/level/block/state/BlockBehaviour$BlockStateBase$Cache is public in ferritecore.blockstatecache.mixin.json:BlockStateCacheMixin from mod ferritecore and should be specified in value
[14Sep2025 20:33:00.065] [main/DEBUG] [mixin/]: Preparing ferritecore.dedupbakedquad.mixin.json (2)
[14Sep2025 20:33:00.065] [main/DEBUG] [mixin/]: Preparing ferritecore.threaddetec.mixin.json (1)
[14Sep2025 20:33:00.066] [main/DEBUG] [mixin/]: Preparing ferritecore.modelsides.mixin.json (1)
[14Sep2025 20:33:00.066] [main/DEBUG] [mixin/]: Preparing fabric-object-builder-v1.mixins.json (5)
[14Sep2025 20:33:00.071] [main/DEBUG] [mixin/]: Preparing kirin.mixin.json (6)
[14Sep2025 20:33:00.071] [main/DEBUG] [mixin/]: Preparing yacl.mixins.json (5)
[14Sep2025 20:33:00.071] [main/DEBUG] [mixin/]: Preparing visuality.mixins.json (4)
[14Sep2025 20:33:00.071] [main/DEBUG] [mixin/]: Preparing sodium-extra.mixins.json (45)
[14Sep2025 20:33:00.071] [main/DEBUG] [mixin/]: Preparing ryoamiclights.common.mixins.json (16)
[14Sep2025 20:33:00.071] [main/DEBUG] [mixin/]: Preparing ryoamiclights.forge.mixins.json (3)
[14Sep2025 20:33:00.071] [main/DEBUG] [mixin/]: Preparing fabric-sound-api-v1.mixins.json (1)
[14Sep2025 20:33:00.071] [main/DEBUG] [mixin/]: Preparing fabric-message-api-v1.mixins.json (2)
[14Sep2025 20:33:00.072] [main/DEBUG] [mixin/]: Preparing fabric-message-api-v1.client.mixins.json (2)
[14Sep2025 20:33:00.072] [main/DEBUG] [mixin/]: Preparing improvedmobs.mixins.json (20)
[14Sep2025 20:33:00.082] [main/DEBUG] [mixin/]: Preparing improvedmobs.mixins.compat.json (1)
[14Sep2025 20:33:00.083] [main/DEBUG] [mixin/]: Preparing healingcampfire_forge.mixins.json (0)
[14Sep2025 20:33:00.083] [main/DEBUG] [mixin/]: Preparing fabric-data-generation-api-v1.mixins.json (3)
[14Sep2025 20:33:00.087] [main/DEBUG] [mixin/]: Preparing fabric-events-interaction-v0.mixins.json (2)
[14Sep2025 20:33:00.090] [main/DEBUG] [mixin/]: Preparing fabric-events-interaction-v0.client.mixins.json (2)
[14Sep2025 20:33:00.090] [main/DEBUG] [mixin/]: Preparing adapter.init.mixins.json (0)
[14Sep2025 20:33:00.090] [main/DEBUG] [mixin/]: Preparing sound_physics_remastered.mixins.json (11)
[14Sep2025 20:33:00.330] [main/DEBUG] [mixin/]: Inner class net/fabricmc/fabric/mixin/transfer/ChiseledBookshelfBlockEntityMixin$1 in net/fabricmc/fabric/mixin/transfer/ChiseledBookshelfBlockEntityMixin on net/minecraft/world/level/block/entity/ChiseledBookShelfBlockEntity gets unique name net/minecraft/world/level/block/entity/ChiseledBookShelfBlockEntity$Anonymous$6aef4e39a80b4a8db5d6929b3abba5fe
[14Sep2025 20:33:00.362] [main/DEBUG] [mixin/]: Inner class glitchcore/forge/mixin/impl/MixinPacketHandler$1 in glitchcore/forge/mixin/impl/MixinPacketHandler on glitchcore/network/PacketHandler gets unique name glitchcore/network/PacketHandler$Anonymous$f2c33b7fbf9c46bc99bdb68833472e27
[14Sep2025 20:33:00.449] [main/DEBUG] [mixin/]: Prepared 521 mixins in 4.352 sec (8.4ms avg) (0ms load, 0ms transform, 0ms plugin)
[14Sep2025 20:33:00.451] [main/DEBUG] [org.sinytra.connector.loader.ConnectorEarlyLoader/]: Running prelaunch entrypoint
[14Sep2025 20:33:00.455] [main/INFO] [MixinExtras|Service/]: Initializing MixinExtras via com.llamalad7.mixinextras.service.MixinExtrasServiceImpl(version=0.4.1).
[14Sep2025 20:33:00.457] [main/DEBUG] [mixin/]: Registering new injector for @SugarWrapper with com.llamalad7.mixinextras.sugar.impl.SugarWrapperInjectionInfo
[14Sep2025 20:33:00.458] [main/DEBUG] [mixin/]: Registering new injector for @FactoryRedirectWrapper with com.llamalad7.mixinextras.wrapper.factory.FactoryRedirectWrapperInjectionInfo
[14Sep2025 20:33:00.462] [main/DEBUG] [mixin/]: Mixing boot.ServerMainMixin from connectormod.mixins.json into net.minecraft.server.Main
[14Sep2025 20:33:00.500] [main/DEBUG] [mixin/]: connectormod.mixins.json:boot.ServerMainMixin from mod connectormod->@Inject::earlyInit(Lorg/spongepowered/asm/mixin/injection/callback/CallbackInfo;)V doesn't use it's CallbackInfo
[14Sep2025 20:33:00.565] [main/DEBUG] [mixin/]: Mixing perf.fix_loop_spin_waiting.MinecraftServerMixin from modernfix-common.mixins.json into net.minecraft.server.MinecraftServer
[14Sep2025 20:33:00.577] [main/DEBUG] [mixin/]: Mixing core.MinecraftServerMixin from modernfix-common.mixins.json into net.minecraft.server.MinecraftServer
[14Sep2025 20:33:00.578] [main/DEBUG] [mixin/]: Mixing perf.dedicated_reload_executor.MinecraftServerMixin from modernfix-common.mixins.json into net.minecraft.server.MinecraftServer
[14Sep2025 20:33:00.582] [main/DEBUG] [mixin/]: Mixing core.MinecraftServerMixin from modernfix-forge.mixins.json into net.minecraft.server.MinecraftServer
[14Sep2025 20:33:00.586] [main/DEBUG] [mixin/]: Renaming synthetic method lambda$mfix$endReloadTrack$0(Ljava/lang/Void;)V to mddfe34b$modernfix$lambda$mfix$endReloadTrack$0$0 in modernfix-forge.mixins.json:core.MinecraftServerMixin from mod modernfix
[14Sep2025 20:33:00.603] [main/DEBUG] [mixin/]: Mixing MinecraftServerMixin from citadel.mixins.json into net.minecraft.server.MinecraftServer
[14Sep2025 20:33:00.609] [main/DEBUG] [mixin/]: Mixing registries.MinecraftServerMixin from connectormod.mixins.json into net.minecraft.server.MinecraftServer
[14Sep2025 20:33:00.616] [main/DEBUG] [mixin/]: Mixing MinecraftServerMixin from fabric-lifecycle-events-v1.mixins.json into net.minecraft.server.MinecraftServer
[14Sep2025 20:33:00.619] [main/DEBUG] [mixin/]: Renaming synthetic method lambda$endResourceReload$0(Ljava/lang/Void;Ljava/lang/Throwable;)Ljava/lang/Void; to mddfe34b$fabric_lifecycle_events_v1$lambda$endResourceReload$0$1 in fabric-lifecycle-events-v1.mixins.json:MinecraftServerMixin from mod fabric_lifecycle_events_v1
[14Sep2025 20:33:00.635] [main/DEBUG] [mixin/]: Mixing MinecraftServerMixin from fabric-resource-loader-v0.mixins.json into net.minecraft.server.MinecraftServer
[14Sep2025 20:33:00.635] [main/DEBUG] [mixin/]: fabric-resource-loader-v0.mixins.json:MinecraftServerMixin from mod fabric_resource_loader_v0: Class version 61 required is higher than the class version supported by the current version of Mixin (JAVA_16 supports class version 60)
[14Sep2025 20:33:00.645] [main/DEBUG] [mixin/]: Mixing MinecraftServerMixin from fabric-message-api-v1.mixins.json into net.minecraft.server.MinecraftServer
[14Sep2025 20:33:00.645] [main/DEBUG] [mixin/]: fabric-message-api-v1.mixins.json:MinecraftServerMixin from mod fabric_message_api_v1: Class version 61 required is higher than the class version supported by the current version of Mixin (JAVA_16 supports class version 60)
[14Sep2025 20:33:00.646] [main/DEBUG] [mixin/]: Renaming synthetic method lambda$onGetChatDecorator$1(Lnet/minecraft/network/chat/ChatDecorator;Lnet/minecraft/server/level/ServerPlayer;Lnet/minecraft/network/chat/Component;)Ljava/util/concurrent/CompletableFuture; to mddfe34b$fabric_message_api_v1$lambda$onGetChatDecorator$1$2 in fabric-message-api-v1.mixins.json:MinecraftServerMixin from mod fabric_message_api_v1
[14Sep2025 20:33:00.646] [main/DEBUG] [mixin/]: Renaming synthetic method lambda$onGetChatDecorator$0(Lnet/minecraft/server/level/ServerPlayer;Lnet/minecraft/network/chat/Component;)Ljava/util/concurrent/CompletionStage; to mddfe34b$fabric_message_api_v1$lambda$onGetChatDecorator$0$3 in fabric-message-api-v1.mixins.json:MinecraftServerMixin from mod fabric_message_api_v1
[14Sep2025 20:33:00.722] [main/DEBUG] [mixin/]: modernfix-common.mixins.json:core.MinecraftServerMixin from mod modernfix->@Inject::trackTickTime(Lorg/spongepowered/asm/mixin/injection/callback/CallbackInfo;)V doesn't use it's CallbackInfo
[14Sep2025 20:33:00.723] [main/DEBUG] [mixin/]: modernfix-common.mixins.json:core.MinecraftServerMixin from mod modernfix->@Inject::trackTickTime(Lorg/spongepowered/asm/mixin/injection/callback/CallbackInfo;)V has 0 override(s) in child classes
[14Sep2025 20:33:00.723] [main/DEBUG] [mixin/]: modernfix-common.mixins.json:core.MinecraftServerMixin from mod modernfix->@Inject::trackTickTime(Lorg/spongepowered/asm/mixin/injection/callback/CallbackInfo;)V won't be passed a CallbackInfo as a result
[14Sep2025 20:33:00.725] [main/DEBUG] [mixin/]: modernfix-forge.mixins.json:core.MinecraftServerMixin from mod modernfix->@Inject::startReloadTrack(Ljava/util/Collection;Lorg/spongepowered/asm/mixin/injection/callback/CallbackInfoReturnable;)V doesn't use it's CallbackInfoReturnable
[14Sep2025 20:33:00.725] [main/DEBUG] [mixin/]: modernfix-forge.mixins.json:core.MinecraftServerMixin from mod modernfix->@Inject::startReloadTrack(Ljava/util/Collection;Lorg/spongepowered/asm/mixin/injection/callback/CallbackInfoReturnable;)V has 0 override(s) in child classes
[14Sep2025 20:33:00.725] [main/DEBUG] [mixin/]: modernfix-forge.mixins.json:core.MinecraftServerMixin from mod modernfix->@Inject::startReloadTrack(Ljava/util/Collection;Lorg/spongepowered/asm/mixin/injection/callback/CallbackInfoReturnable;)V won't be passed a CallbackInfoReturnable as a result
[14Sep2025 20:33:00.726] [main/DEBUG] [mixin/]: citadel.mixins.json:MinecraftServerMixin from mod citadel->@Inject::citadel_init(Ljava/lang/Thread;Lnet/minecraft/world/level/storage/LevelStorageSource$LevelStorageAccess;Lnet/minecraft/server/packs/repository/PackRepository;Lnet/minecraft/server/WorldStem;Ljava/net/Proxy;Lcom/mojang/datafixers/DataFixer;Lnet/minecraft/server/Services;Lnet/minecraft/server/level/progress/ChunkProgressListenerFactory;Lorg/spongepowered/asm/mixin/injection/callback/CallbackInfo;)V doesn't use it's CallbackInfo
[14Sep2025 20:33:00.726] [main/DEBUG] [mixin/]: citadel.mixins.json:MinecraftServerMixin from mod citadel->@Inject::citadel_init(Ljava/lang/Thread;Lnet/minecraft/world/level/storage/LevelStorageSource$LevelStorageAccess;Lnet/minecraft/server/packs/repository/PackRepository;Lnet/minecraft/server/WorldStem;Ljava/net/Proxy;Lcom/mojang/datafixers/DataFixer;Lnet/minecraft/server/Services;Lnet/minecraft/server/level/progress/ChunkProgressListenerFactory;Lorg/spongepowered/asm/mixin/injection/callback/CallbackInfo;)V has 0 override(s) in child classes
[14Sep2025 20:33:00.726] [main/DEBUG] [mixin/]: citadel.mixins.json:MinecraftServerMixin from mod citadel->@Inject::citadel_init(Ljava/lang/Thread;Lnet/minecraft/world/level/storage/LevelStorageSource$LevelStorageAccess;Lnet/minecraft/server/packs/repository/PackRepository;Lnet/minecraft/server/WorldStem;Ljava/net/Proxy;Lcom/mojang/datafixers/DataFixer;Lnet/minecraft/server/Services;Lnet/minecraft/server/level/progress/ChunkProgressListenerFactory;Lorg/spongepowered/asm/mixin/injection/callback/CallbackInfo;)V won't be passed a CallbackInfo as a result
[14Sep2025 20:33:00.727] [main/DEBUG] [mixin/]: citadel.mixins.json:MinecraftServerMixin from mod citadel->@Inject::citadel_beforeServerTick(Lorg/spongepowered/asm/mixin/injection/callback/CallbackInfo;)V doesn't use it's CallbackInfo
[14Sep2025 20:33:00.727] [main/DEBUG] [mixin/]: citadel.mixins.json:MinecraftServerMixin from mod citadel->@Inject::citadel_beforeServerTick(Lorg/spongepowered/asm/mixin/injection/callback/CallbackInfo;)V has 0 override(s) in child classes
[14Sep2025 20:33:00.727] [main/DEBUG] [mixin/]: citadel.mixins.json:MinecraftServerMixin from mod citadel->@Inject::citadel_beforeServerTick(Lorg/spongepowered/asm/mixin/injection/callback/CallbackInfo;)V won't be passed a CallbackInfo as a result
[14Sep2025 20:33:00.727] [main/DEBUG] [mixin/]: connectormod.mixins.json:registries.MinecraftServerMixin from mod connectormod->@Inject::beforeSetupServer(Lorg/spongepowered/asm/mixin/injection/callback/CallbackInfo;)V doesn't use it's CallbackInfo
[14Sep2025 20:33:00.727] [main/DEBUG] [mixin/]: connectormod.mixins.json:registries.MinecraftServerMixin from mod connectormod->@Inject::beforeSetupServer(Lorg/spongepowered/asm/mixin/injection/callback/CallbackInfo;)V has 0 override(s) in child classes
[14Sep2025 20:33:00.727] [main/DEBUG] [mixin/]: connectormod.mixins.json:registries.MinecraftServerMixin from mod connectormod->@Inject::beforeSetupServer(Lorg/spongepowered/asm/mixin/injection/callback/CallbackInfo;)V won't be passed a CallbackInfo as a result
[14Sep2025 20:33:00.734] [main/DEBUG] [mixin/]: fabric-lifecycle-events-v1.mixins.json:MinecraftServerMixin from mod fabric_lifecycle_events_v1->@Inject::beforeSetupServer(Lorg/spongepowered/asm/mixin/injection/callback/CallbackInfo;)V doesn't use it's CallbackInfo
[14Sep2025 20:33:00.734] [main/DEBUG] [mixin/]: fabric-lifecycle-events-v1.mixins.json:MinecraftServerMixin from mod fabric_lifecycle_events_v1->@Inject::beforeSetupServer(Lorg/spongepowered/asm/mixin/injection/callback/CallbackInfo;)V has 0 override(s) in child classes
[14Sep2025 20:33:00.734] [main/DEBUG] [mixin/]: fabric-lifecycle-events-v1.mixins.json:MinecraftServerMixin from mod fabric_lifecycle_events_v1->@Inject::beforeSetupServer(Lorg/spongepowered/asm/mixin/injection/callback/CallbackInfo;)V won't be passed a CallbackInfo as a result
[14Sep2025 20:33:00.734] [main/DEBUG] [mixin/]: fabric-lifecycle-events-v1.mixins.json:MinecraftServerMixin from mod fabric_lifecycle_events_v1->@Inject::afterSetupServer(Lorg/spongepowered/asm/mixin/injection/callback/CallbackInfo;)V doesn't use it's CallbackInfo
[14Sep2025 20:33:00.735] [main/DEBUG] [mixin/]: fabric-lifecycle-events-v1.mixins.json:MinecraftServerMixin from mod fabric_lifecycle_events_v1->@Inject::afterSetupServer(Lorg/spongepowered/asm/mixin/injection/callback/CallbackInfo;)V has 0 override(s) in child classes
[14Sep2025 20:33:00.735] [main/DEBUG] [mixin/]: fabric-lifecycle-events-v1.mixins.json:MinecraftServerMixin from mod fabric_lifecycle_events_v1->@Inject::afterSetupServer(Lorg/spongepowered/asm/mixin/injection/callback/CallbackInfo;)V won't be passed a CallbackInfo as a result
[14Sep2025 20:33:00.735] [main/DEBUG] [mixin/]: fabric-lifecycle-events-v1.mixins.json:MinecraftServerMixin from mod fabric_lifecycle_events_v1->@Inject::beforeShutdownServer(Lorg/spongepowered/asm/mixin/injection/callback/CallbackInfo;)V doesn't use it's CallbackInfo
[14Sep2025 20:33:00.735] [main/DEBUG] [mixin/]: fabric-lifecycle-events-v1.mixins.json:MinecraftServerMixin from mod fabric_lifecycle_events_v1->@Inject::beforeShutdownServer(Lorg/spongepowered/asm/mixin/injection/callback/CallbackInfo;)V has 0 override(s) in child classes
[14Sep2025 20:33:00.735] [main/DEBUG] [mixin/]: fabric-lifecycle-events-v1.mixins.json:MinecraftServerMixin from mod fabric_lifecycle_events_v1->@Inject::beforeShutdownServer(Lorg/spongepowered/asm/mixin/injection/callback/CallbackInfo;)V won't be passed a CallbackInfo as a result
[14Sep2025 20:33:00.735] [main/DEBUG] [mixin/]: fabric-lifecycle-events-v1.mixins.json:MinecraftServerMixin from mod fabric_lifecycle_events_v1->@Inject::afterShutdownServer(Lorg/spongepowered/asm/mixin/injection/callback/CallbackInfo;)V doesn't use it's CallbackInfo
[14Sep2025 20:33:00.735] [main/DEBUG] [mixin/]: fabric-lifecycle-events-v1.mixins.json:MinecraftServerMixin from mod fabric_lifecycle_events_v1->@Inject::afterShutdownServer(Lorg/spongepowered/asm/mixin/injection/callback/CallbackInfo;)V has 0 override(s) in child classes
[14Sep2025 20:33:00.735] [main/DEBUG] [mixin/]: fabric-lifecycle-events-v1.mixins.json:MinecraftServerMixin from mod fabric_lifecycle_events_v1->@Inject::afterShutdownServer(Lorg/spongepowered/asm/mixin/injection/callback/CallbackInfo;)V won't be passed a CallbackInfo as a result
[14Sep2025 20:33:00.735] [main/DEBUG] [mixin/]: fabric-lifecycle-events-v1.mixins.json:MinecraftServerMixin from mod fabric_lifecycle_events_v1->@Inject::onStartTick(Ljava/util/function/BooleanSupplier;Lorg/spongepowered/asm/mixin/injection/callback/CallbackInfo;)V doesn't use it's CallbackInfo
[14Sep2025 20:33:00.735] [main/DEBUG] [mixin/]: fabric-lifecycle-events-v1.mixins.json:MinecraftServerMixin from mod fabric_lifecycle_events_v1->@Inject::onStartTick(Ljava/util/function/BooleanSupplier;Lorg/spongepowered/asm/mixin/injection/callback/CallbackInfo;)V has 0 override(s) in child classes
[14Sep2025 20:33:00.735] [main/DEBUG] [mixin/]: fabric-lifecycle-events-v1.mixins.json:MinecraftServerMixin from mod fabric_lifecycle_events_v1->@Inject::onStartTick(Ljava/util/function/BooleanSupplier;Lorg/spongepowered/asm/mixin/injection/callback/CallbackInfo;)V won't be passed a CallbackInfo as a result
[14Sep2025 20:33:00.735] [main/DEBUG] [mixin/]: fabric-lifecycle-events-v1.mixins.json:MinecraftServerMixin from mod fabric_lifecycle_events_v1->@Inject::onEndTick(Ljava/util/function/BooleanSupplier;Lorg/spongepowered/asm/mixin/injection/callback/CallbackInfo;)V doesn't use it's CallbackInfo
[14Sep2025 20:33:00.735] [main/DEBUG] [mixin/]: fabric-lifecycle-events-v1.mixins.json:MinecraftServerMixin from mod fabric_lifecycle_events_v1->@Inject::onEndTick(Ljava/util/function/BooleanSupplier;Lorg/spongepowered/asm/mixin/injection/callback/CallbackInfo;)V has 0 override(s) in child classes
[14Sep2025 20:33:00.735] [main/DEBUG] [mixin/]: fabric-lifecycle-events-v1.mixins.json:MinecraftServerMixin from mod fabric_lifecycle_events_v1->@Inject::onEndTick(Ljava/util/function/BooleanSupplier;Lorg/spongepowered/asm/mixin/injection/callback/CallbackInfo;)V won't be passed a CallbackInfo as a result
[14Sep2025 20:33:00.736] [main/DEBUG] [mixin/]: fabric-lifecycle-events-v1.mixins.json:MinecraftServerMixin from mod fabric_lifecycle_events_v1->@Inject::onUnloadWorldAtShutdown(Lorg/spongepowered/asm/mixin/injection/callback/CallbackInfo;Ljava/util/Iterator;Lnet/minecraft/server/level/ServerLevel;)V doesn't use it's CallbackInfo
[14Sep2025 20:33:00.736] [main/DEBUG] [mixin/]: fabric-lifecycle-events-v1.mixins.json:MinecraftServerMixin from mod fabric_lifecycle_events_v1->@Inject::onUnloadWorldAtShutdown(Lorg/spongepowered/asm/mixin/injection/callback/CallbackInfo;Ljava/util/Iterator;Lnet/minecraft/server/level/ServerLevel;)V has 0 override(s) in child classes
[14Sep2025 20:33:00.736] [main/DEBUG] [mixin/]: fabric-lifecycle-events-v1.mixins.json:MinecraftServerMixin from mod fabric_lifecycle_events_v1->@Inject::onUnloadWorldAtShutdown(Lorg/spongepowered/asm/mixin/injection/callback/CallbackInfo;Ljava/util/Iterator;Lnet/minecraft/server/level/ServerLevel;)V won't be passed a CallbackInfo as a result
[14Sep2025 20:33:00.736] [main/DEBUG] [mixin/]: fabric-lifecycle-events-v1.mixins.json:MinecraftServerMixin from mod fabric_lifecycle_events_v1->@Inject::startResourceReload(Ljava/util/Collection;Lorg/spongepowered/asm/mixin/injection/callback/CallbackInfoReturnable;)V doesn't use it's CallbackInfoReturnable
[14Sep2025 20:33:00.737] [main/DEBUG] [mixin/]: fabric-lifecycle-events-v1.mixins.json:MinecraftServerMixin from mod fabric_lifecycle_events_v1->@Inject::startResourceReload(Ljava/util/Collection;Lorg/spongepowered/asm/mixin/injection/callback/CallbackInfoReturnable;)V has 0 override(s) in child classes
[14Sep2025 20:33:00.737] [main/DEBUG] [mixin/]: fabric-lifecycle-events-v1.mixins.json:MinecraftServerMixin from mod fabric_lifecycle_events_v1->@Inject::startResourceReload(Ljava/util/Collection;Lorg/spongepowered/asm/mixin/injection/callback/CallbackInfoReturnable;)V won't be passed a CallbackInfoReturnable as a result
[14Sep2025 20:33:00.737] [main/DEBUG] [mixin/]: fabric-lifecycle-events-v1.mixins.json:MinecraftServerMixin from mod fabric_lifecycle_events_v1->@Inject::endResourceReload(Ljava/util/Collection;Lorg/spongepowered/asm/mixin/injection/callback/CallbackInfoReturnable;)V does use it's CallbackInfoReturnable
[14Sep2025 20:33:00.737] [main/DEBUG] [mixin/]: fabric-message-api-v1.mixins.json:MinecraftServerMixin from mod fabric_message_api_v1->@Inject::onGetChatDecorator(Lorg/spongepowered/asm/mixin/injection/callback/CallbackInfoReturnable;)V does use it's CallbackInfoReturnable
[14Sep2025 20:33:00.790] [main/DEBUG] [io.netty.util.internal.logging.InternalLoggerFactory/]: Using SLF4J as the default logging framework
[14Sep2025 20:33:00.793] [main/DEBUG] [io.netty.util.ResourceLeakDetector/]: -Dio.netty.leakDetection.level: simple
[14Sep2025 20:33:00.796] [main/DEBUG] [io.netty.util.ResourceLeakDetector/]: -Dio.netty.leakDetection.targetRecords: 4
[14Sep2025 20:33:00.888] [main/DEBUG] [mixin/]: Mixing perf.tag_id_caching.TagOrElementLocationMixin from modernfix-forge.mixins.json into net.minecraft.util.ExtraCodecs$TagOrElementLocation
[14Sep2025 20:33:00.930] [main/DEBUG] [mixin/]: Mixing MixinIdentifier from entity_texture_features.mixins.json into net.minecraft.resources.ResourceLocation
[14Sep2025 20:33:00.930] [main/DEBUG] [mixin/]: entity_texture_features.mixins.json:MixinIdentifier from mod entity_texture_features: Class version 61 required is higher than the class version supported by the current version of Mixin (JAVA_16 supports class version 60)
[14Sep2025 20:33:00.955] [main/DEBUG] [mixin/]: entity_texture_features.mixins.json:MixinIdentifier from mod entity_texture_features->@Inject::etf$illegalPathOverride(Ljava/lang/String;Lorg/spongepowered/asm/mixin/injection/callback/CallbackInfoReturnable;)V does use it's CallbackInfoReturnable
[14Sep2025 20:33:00.955] [main/DEBUG] [mixin/]: entity_texture_features.mixins.json:MixinIdentifier from mod entity_texture_features->@Inject::etf$illegalPathOverride(Ljava/lang/String;Lorg/spongepowered/asm/mixin/injection/callback/CallbackInfoReturnable;)V does use it's CallbackInfoReturnable
[14Sep2025 20:33:00.963] [main/ERROR] [net.minecraftforge.fml.loading.RuntimeDistCleaner/DISTXFORM]: Attempted to load class net/minecraft/client/gui/screens/Screen for invalid dist DEDICATED_SERVER
[14Sep2025 20:33:00.965] [main/INFO] [STDERR/]: [java.lang.ThreadGroup:uncaughtException:1077]: java.lang.RuntimeException: java.lang.reflect.InvocationTargetException
[14Sep2025 20:33:00.965] [main/INFO] [STDERR/]: [java.lang.ThreadGroup:uncaughtException:1077]: 	at MC-BOOTSTRAP/cpw.mods.modlauncher@10.0.9/cpw.mods.modlauncher.LaunchServiceHandlerDecorator.launch(LaunchServiceHandlerDecorator.java:32)
[14Sep2025 20:33:00.966] [main/INFO] [STDERR/]: [java.lang.ThreadGroup:uncaughtException:1077]: 	at MC-BOOTSTRAP/cpw.mods.modlauncher@10.0.9/cpw.mods.modlauncher.LaunchServiceHandler.launch(LaunchServiceHandler.java:53)
[14Sep2025 20:33:00.966] [main/INFO] [STDERR/]: [java.lang.ThreadGroup:uncaughtException:1077]: 	at MC-BOOTSTRAP/cpw.mods.modlauncher@10.0.9/cpw.mods.modlauncher.LaunchServiceHandler.launch(LaunchServiceHandler.java:71)
[14Sep2025 20:33:00.967] [main/INFO] [STDERR/]: [java.lang.ThreadGroup:uncaughtException:1077]: 	at MC-BOOTSTRAP/cpw.mods.modlauncher@10.0.9/cpw.mods.modlauncher.Launcher.run(Launcher.java:108)
[14Sep2025 20:33:00.967] [main/INFO] [STDERR/]: [java.lang.ThreadGroup:uncaughtException:1077]: 	at MC-BOOTSTRAP/cpw.mods.modlauncher@10.0.9/cpw.mods.modlauncher.Launcher.main(Launcher.java:78)
[14Sep2025 20:33:00.968] [main/INFO] [STDERR/]: [java.lang.ThreadGroup:uncaughtException:1077]: 	at MC-BOOTSTRAP/cpw.mods.modlauncher@10.0.9/cpw.mods.modlauncher.BootstrapLaunchConsumer.accept(BootstrapLaunchConsumer.java:26)
[14Sep2025 20:33:00.968] [main/INFO] [STDERR/]: [java.lang.ThreadGroup:uncaughtException:1077]: 	at MC-BOOTSTRAP/cpw.mods.modlauncher@10.0.9/cpw.mods.modlauncher.BootstrapLaunchConsumer.accept(BootstrapLaunchConsumer.java:23)
[14Sep2025 20:33:00.969] [main/INFO] [STDERR/]: [java.lang.ThreadGroup:uncaughtException:1077]: 	at cpw.mods.bootstraplauncher@1.1.2/cpw.mods.bootstraplauncher.BootstrapLauncher.main(BootstrapLauncher.java:141)
[14Sep2025 20:33:00.970] [main/INFO] [STDERR/]: [java.lang.ThreadGroup:uncaughtException:1086]: Caused by: java.lang.reflect.InvocationTargetException
[14Sep2025 20:33:00.973] [main/INFO] [STDERR/]: [java.lang.ThreadGroup:uncaughtException:1086]: 	at java.base/jdk.internal.reflect.NativeMethodAccessorImpl.invoke0(Native Method)
[14Sep2025 20:33:00.974] [main/INFO] [STDERR/]: [java.lang.ThreadGroup:uncaughtException:1086]: 	at java.base/jdk.internal.reflect.NativeMethodAccessorImpl.invoke(NativeMethodAccessorImpl.java:77)
[14Sep2025 20:33:00.974] [main/INFO] [STDERR/]: [java.lang.ThreadGroup:uncaughtException:1086]: 	at java.base/jdk.internal.reflect.DelegatingMethodAccessorImpl.invoke(DelegatingMethodAccessorImpl.java:43)
[14Sep2025 20:33:00.974] [main/INFO] [STDERR/]: [java.lang.ThreadGroup:uncaughtException:1086]: 	at java.base/java.lang.reflect.Method.invoke(Method.java:569)
[14Sep2025 20:33:00.975] [main/INFO] [STDERR/]: [java.lang.ThreadGroup:uncaughtException:1086]: 	at MC-BOOTSTRAP/fmlloader@1.20.1-47.3.7/net.minecraftforge.fml.loading.targets.CommonLaunchHandler.runTarget(CommonLaunchHandler.java:111)
[14Sep2025 20:33:00.978] [main/INFO] [STDERR/]: [java.lang.ThreadGroup:uncaughtException:1086]: 	at MC-BOOTSTRAP/fmlloader@1.20.1-47.3.7/net.minecraftforge.fml.loading.targets.CommonLaunchHandler.serverService(CommonLaunchHandler.java:103)
[14Sep2025 20:33:00.979] [main/INFO] [STDERR/]: [java.lang.ThreadGroup:uncaughtException:1086]: 	at MC-BOOTSTRAP/fmlloader@1.20.1-47.3.7/net.minecraftforge.fml.loading.targets.CommonServerLaunchHandler.lambda$makeService$0(CommonServerLaunchHandler.java:27)
[14Sep2025 20:33:00.979] [main/INFO] [STDERR/]: [java.lang.ThreadGroup:uncaughtException:1086]: 	at MC-BOOTSTRAP/cpw.mods.modlauncher@10.0.9/cpw.mods.modlauncher.LaunchServiceHandlerDecorator.launch(LaunchServiceHandlerDecorator.java:30)
[14Sep2025 20:33:00.979] [main/INFO] [STDERR/]: [java.lang.ThreadGroup:uncaughtException:1086]: 	... 7 more
[14Sep2025 20:33:00.981] [main/INFO] [STDERR/]: [java.lang.Throwable:printStackTrace:659]: Caused by: java.lang.ExceptionInInitializerError
[14Sep2025 20:33:00.982] [main/INFO] [STDERR/]: [java.lang.Throwable:printStackTrace:659]: 	at TRANSFORMER/minecraft@1.20.1/net.minecraft.network.chat.MutableComponent.m_237204_(MutableComponent.java:29)
[14Sep2025 20:33:00.983] [main/INFO] [STDERR/]: [java.lang.Throwable:printStackTrace:659]: 	at TRANSFORMER/minecraft@1.20.1/net.minecraft.network.chat.Component.m_237115_(Component.java:444)
[14Sep2025 20:33:00.984] [main/INFO] [STDERR/]: [java.lang.Throwable:printStackTrace:659]: 	at TRANSFORMER/minecraft@1.20.1/net.minecraft.commands.BrigadierExceptions.<clinit>(BrigadierExceptions.java:24)
[14Sep2025 20:33:00.984] [main/INFO] [STDERR/]: [java.lang.Throwable:printStackTrace:659]: 	at TRANSFORMER/minecraft@1.20.1/net.minecraft.SharedConstants.<clinit>(SharedConstants.java:216)
[14Sep2025 20:33:00.985] [main/INFO] [STDERR/]: [java.lang.Throwable:printStackTrace:659]: 	at TRANSFORMER/minecraft@1.20.1/net.minecraft.server.Main.main(Main.java:69)
[14Sep2025 20:33:00.986] [main/INFO] [STDERR/]: [java.lang.Throwable:printStackTrace:659]: 	... 15 more
[14Sep2025 20:33:00.988] [main/INFO] [STDERR/]: [java.lang.Throwable:printStackTrace:682]: Caused by: java.lang.RuntimeException: Attempted to load class net/minecraft/client/gui/screens/Screen for invalid dist DEDICATED_SERVER
[14Sep2025 20:33:00.988] [main/INFO] [STDERR/]: [java.lang.Throwable:printStackTrace:682]: 	at MC-BOOTSTRAP/fmlloader@1.20.1-47.3.7/net.minecraftforge.fml.loading.RuntimeDistCleaner.processClassWithFlags(RuntimeDistCleaner.java:57)
[14Sep2025 20:33:00.989] [main/INFO] [STDERR/]: [java.lang.Throwable:printStackTrace:682]: 	at MC-BOOTSTRAP/cpw.mods.modlauncher@10.0.9/cpw.mods.modlauncher.LaunchPluginHandler.offerClassNodeToPlugins(LaunchPluginHandler.java:88)
[14Sep2025 20:33:00.989] [main/INFO] [STDERR/]: [java.lang.Throwable:printStackTrace:682]: 	at MC-BOOTSTRAP/cpw.mods.modlauncher@10.0.9/cpw.mods.modlauncher.ClassTransformer.transform(ClassTransformer.java:120)
[14Sep2025 20:33:00.991] [main/INFO] [STDERR/]: [java.lang.Throwable:printStackTrace:682]: 	at MC-BOOTSTRAP/cpw.mods.modlauncher@10.0.9/cpw.mods.modlauncher.TransformingClassLoader.maybeTransformClassBytes(TransformingClassLoader.java:50)
[14Sep2025 20:33:00.992] [main/INFO] [STDERR/]: [java.lang.Throwable:printStackTrace:682]: 	at cpw.mods.securejarhandler/cpw.mods.cl.ModuleClassLoader.readerToClass(ModuleClassLoader.java:113)
[14Sep2025 20:33:00.992] [main/INFO] [STDERR/]: [java.lang.Throwable:printStackTrace:682]: 	at cpw.mods.securejarhandler/cpw.mods.cl.ModuleClassLoader.lambda$findClass$15(ModuleClassLoader.java:219)
[14Sep2025 20:33:00.993] [main/INFO] [STDERR/]: [java.lang.Throwable:printStackTrace:682]: 	at cpw.mods.securejarhandler/cpw.mods.cl.ModuleClassLoader.loadFromModule(ModuleClassLoader.java:229)
[14Sep2025 20:33:00.993] [main/INFO] [STDERR/]: [java.lang.Throwable:printStackTrace:682]: 	at cpw.mods.securejarhandler/cpw.mods.cl.ModuleClassLoader.findClass(ModuleClassLoader.java:219)
[14Sep2025 20:33:00.993] [main/INFO] [STDERR/]: [java.lang.Throwable:printStackTrace:682]: 	at cpw.mods.securejarhandler/cpw.mods.cl.ModuleClassLoader.loadClass(ModuleClassLoader.java:135)
[14Sep2025 20:33:00.994] [main/INFO] [STDERR/]: [java.lang.Throwable:printStackTrace:682]: 	at java.base/java.lang.ClassLoader.loadClass(ClassLoader.java:525)
[14Sep2025 20:33:00.994] [main/INFO] [STDERR/]: [java.lang.Throwable:printStackTrace:682]: 	at TRANSFORMER/minecraft@1.20.1/net.minecraft.resources.ResourceLocation.handler$zif000$entity_texture_features$etf$illegalPathOverride(ResourceLocation.java:525)
[14Sep2025 20:33:00.997] [main/INFO] [STDERR/]: [java.lang.Throwable:printStackTrace:682]: 	at TRANSFORMER/minecraft@1.20.1/net.minecraft.resources.ResourceLocation.m_135841_(ResourceLocation.java:200)
[14Sep2025 20:33:00.997] [main/INFO] [STDERR/]: [java.lang.Throwable:printStackTrace:682]: 	at TRANSFORMER/minecraft@1.20.1/net.minecraft.resources.ResourceLocation.m_245185_(ResourceLocation.java:235)
[14Sep2025 20:33:00.999] [main/INFO] [STDERR/]: [java.lang.Throwable:printStackTrace:682]: 	at TRANSFORMER/minecraft@1.20.1/net.minecraft.resources.ResourceLocation.<init>(ResourceLocation.java:38)
[14Sep2025 20:33:01.001] [main/INFO] [STDERR/]: [java.lang.Throwable:printStackTrace:682]: 	at TRANSFORMER/minecraft@1.20.1/net.minecraft.network.chat.Style.<clinit>(Style.java:39)
[14Sep2025 20:33:01.003] [main/INFO] [STDERR/]: [java.lang.Throwable:printStackTrace:682]: 	... 20 more
